{"type":"FeatureCollection","features":[{"type":"Feature","properties":{"ntaname":"Mott Haven-Port Morris","nta2020":"BX0101","ntatype":"0"},"geometry":{"type":"MultiPolygon","coordinates":[[[[-73.92481,40.81566],[-73.924,40.81544],[-73.92395,40.8155],[-73.92391,40.81557],[-73.92377,40.81576],[-73.92373,40.81582],[-73.92309,40.8167],[-73.92125,40.81622],[-73.92158,40.81555],[-73.9213,40.81548],[-73.92048,40.81456],[-73.92033,40.81464],[-73.92013,40.81474],[-73.91947,40.81507],[-73.9186,40.81553],[-73.91845,40.81561],[-73.91781,40.81597],[-73.91765,40.81607],[-73.91677,40.8157],[-73.91495,40.81494],[-73.91295,40.81427],[-73.91252,40.81412],[-73.9124,40.81408],[-73.91181,40.81388],[-73.91095,40.81362],[-73.91043,40.81352],[-73.91039,40.81351],[-73.91034,40.8135],[-73.9103,40.81349],[-73.91013,40.81346],[-73.91002,40.81343],[-73.9098,40.81339],[-73.90952,40.81333],[-73.9095,40.81332],[-73.90907,40.81323],[-73.90816,40.81304],[-73.90725,40.81286],[-73.90633,40.81267],[-73.90541,40.81248],[-73.90447,40.81228],[-73.90418,40.81212],[-73.90342,40.81151],[-73.90324,40.81071],[-73.90309,40.80986],[-73.90302,40.80967],[-73.90302,40.8096],[-73.90301,40.80955],[-73.903,40.80946],[-73.90299,40.80936],[-73.90298,40.80931],[-73.90294,40.80906],[-73.90286,40.8086],[-73.90225,40.80507],[-73.90222,40.80495],[-73.90223,40.80494],[-73.90224,40.80493],[-73.90224,40.80492],[-73.90223,40.80492],[-73.90221,40.80488],[-73.9022,40.80485],[-73.90219,40.80482],[-73.90219,40.80479],[-73.90223,40.80475],[-73.90226,40.8047],[-73.90232,40.8046],[-73.90232,40.8046],[-73.9023,40.80459],[-73.90229,40.80457],[-73.90229,40.80456],[-73.90245,40.80442],[-73.90252,40.80446],[-73.90276,40.80433],[-73.90293,40.8042],[-73.90288,40.80416],[-73.9029,40.80414],[-73.90306,40.80402],[-73.90309,40.804],[-73.90321,40.8039],[-73.90326,40.80393],[-73.90334,40.80386],[-73.90336,40.80386],[-73.9034,40.80387],[-73.90355,40.80384],[-73.90357,40.80383],[-73.90364,40.80381],[-73.90368,40.8038],[-73.90373,40.80377],[-73.90374,40.80377],[-73.90377,40.80375],[-73.90377,40.80375],[-73.9038,40.80372],[-73.90382,40.8037],[-73.90386,40.80367],[-73.90389,40.80365],[-73.90393,40.80363],[-73.90394,40.80363],[-73.90395,40.80362],[-73.90397,40.80361],[-73.904,40.80358],[-73.90407,40.80352],[-73.90415,40.80346],[-73.90438,40.80327],[-73.90446,40.80321],[-73.90448,40.80319],[-73.9045,40.80318],[-73.90453,40.80317],[-73.90455,40.80315],[-73.90458,40.80312],[-73.90462,40.80307],[-73.90467,40.80301],[-73.90477,40.80291],[-73.9048,40.80289],[-73.90485,40.80284],[-73.90495,40.80272],[-73.905,40.80267],[-73.90503,40.80263],[-73.90504,40.8026],[-73.90506,40.80257],[-73.90507,40.80254],[-73.90508,40.8025],[-73.90511,40.80246],[-73.90516,40.80243],[-73.90519,40.80241],[-73.90525,40.80234],[-73.90531,40.80227],[-73.90539,40.80219],[-73.90544,40.80214],[-73.90546,40.80212],[-73.90549,40.80209],[-73.90551,40.80206],[-73.90552,40.80202],[-73.90576,40.8018],[-73.90601,40.80155],[-73.90606,40.80158],[-73.9062,40.80149],[-73.90652,40.80118],[-73.90659,40.80111],[-73.90673,40.80097],[-73.90681,40.80089],[-73.90675,40.80085],[-73.9067,40.80082],[-73.90677,40.80075],[-73.90677,40.80075],[-73.90718,40.80032],[-73.90726,40.80024],[-73.90734,40.80016],[-73.90739,40.8001],[-73.90743,40.80005],[-73.90745,40.80003],[-73.90747,40.8],[-73.9075,40.79998],[-73.90753,40.79996],[-73.90754,40.79996],[-73.90757,40.79995],[-73.90761,40.79995],[-73.90763,40.79993],[-73.90764,40.79992],[-73.90764,40.7999],[-73.90776,40.7998],[-73.9079,40.79966],[-73.90794,40.79963],[-73.90796,40.79962],[-73.90799,40.79963],[-73.90802,40.79964],[-73.90807,40.79957],[-73.9081,40.79954],[-73.90817,40.79946],[-73.90813,40.79943],[-73.90818,40.79939],[-73.90822,40.79942],[-73.90824,40.79941],[-73.90838,40.79949],[-73.90842,40.79944],[-73.90848,40.79938],[-73.90855,40.79931],[-73.90849,40.79926],[-73.90838,40.7992],[-73.90829,40.79913],[-73.90826,40.79909],[-73.90826,40.79909],[-73.90824,40.79906],[-73.90824,40.79903],[-73.9083,40.79896],[-73.90916,40.79831],[-73.90964,40.79794],[-73.90967,40.79796],[-73.90967,40.79796],[-73.90974,40.79791],[-73.90979,40.79787],[-73.90985,40.7979],[-73.90991,40.79786],[-73.90995,40.79783],[-73.90997,40.7978],[-73.91004,40.79768],[-73.91013,40.79759],[-73.91033,40.79743],[-73.91047,40.79733],[-73.91061,40.79726],[-73.91071,40.7972],[-73.91079,40.7971],[-73.91089,40.79702],[-73.91091,40.79701],[-73.91096,40.79699],[-73.91099,40.79697],[-73.91105,40.79692],[-73.9111,40.79689],[-73.91127,40.79682],[-73.91142,40.79675],[-73.91149,40.7967],[-73.91162,40.79664],[-73.91169,40.79662],[-73.91175,40.79663],[-73.91179,40.79663],[-73.91182,40.79663],[-73.91189,40.79663],[-73.91196,40.79665],[-73.91203,40.79665],[-73.91209,40.79666],[-73.91215,40.79668],[-73.91215,40.79668],[-73.91224,40.79671],[-73.91234,40.79672],[-73.91267,40.79674],[-73.91301,40.79676],[-73.91318,40.79677],[-73.91345,40.79678],[-73.91372,40.79679],[-73.91513,40.79736],[-73.91617,40.79783],[-73.9188,40.79888],[-73.91889,40.79892],[-73.91896,40.79895],[-73.91903,40.79898],[-73.91912,40.79903],[-73.92024,40.79961],[-73.92044,40.7998],[-73.92078,40.80028],[-73.92096,40.8006],[-73.92133,40.80128],[-73.92169,40.80159],[-73.92204,40.80188],[-73.9226,40.80219],[-73.92293,40.80237],[-73.92359,40.80252],[-73.92423,40.80255],[-73.92666,40.80241],[-73.92763,40.8027],[-73.92751,40.80293],[-73.92731,40.80321],[-73.92744,40.80328],[-73.92728,40.80351],[-73.92765,40.80399],[-73.92793,40.804],[-73.92811,40.80401],[-73.92821,40.80405],[-73.92834,40.80424],[-73.92873,40.8041],[-73.93005,40.8059],[-73.93032,40.80619],[-73.93054,40.80647],[-73.93052,40.80659],[-73.93116,40.80713],[-73.93176,40.80777],[-73.93181,40.80782],[-73.93185,40.80786],[-73.93189,40.80789],[-73.93192,40.80794],[-73.93228,40.80836],[-73.93253,40.80882],[-73.93264,40.80938],[-73.93262,40.80977],[-73.93259,40.81005],[-73.93282,40.81011],[-73.93283,40.81012],[-73.93286,40.81012],[-73.93287,40.81041],[-73.93279,40.81049],[-73.93269,40.81058],[-73.93268,40.8108],[-73.93257,40.81089],[-73.93262,40.81147],[-73.93263,40.8119],[-73.93248,40.81342],[-73.93243,40.81402],[-73.93243,40.81406],[-73.93243,40.81412],[-73.93242,40.81415],[-73.93237,40.81415],[-73.93231,40.81415],[-73.93214,40.81413],[-73.93136,40.81381],[-73.93129,40.81378],[-73.93131,40.8137],[-73.93124,40.81367],[-73.93116,40.81364],[-73.93104,40.81359],[-73.93057,40.81337],[-73.9304,40.8133],[-73.93028,40.81325],[-73.93012,40.81342],[-73.92921,40.81438],[-73.92919,40.8145],[-73.92897,40.81483],[-73.92886,40.81488],[-73.9283,40.81631],[-73.92822,40.81654],[-73.92805,40.8169],[-73.92798,40.81706],[-73.92776,40.81757],[-73.92732,40.81856],[-73.92725,40.81854],[-73.92636,40.81832],[-73.92632,40.81831],[-73.92582,40.81818],[-73.92539,40.81807],[-73.92528,40.81804],[-73.92518,40.81801],[-73.92622,40.81676],[-73.92663,40.81612],[-73.92569,40.81587],[-73.9255,40.81583],[-73.92534,40.81579],[-73.92506,40.81572],[-73.92481,40.81566]]]]}},{"type":"Feature","properties":{"ntaname":"Melrose","nta2020":"BX0102","ntatype":"0"},"geometry":{"type":"MultiPolygon","coordinates":[[[[-73.90129,40.82048],[-73.9016,40.81969],[-73.90166,40.81955],[-73.90183,40.81915],[-73.90211,40.81851],[-73.90258,40.81737],[-73.90301,40.81632],[-73.90306,40.81611],[-73.90347,40.81508],[-73.9038,40.81413],[-73.90418,40.81309],[-73.90447,40.81228],[-73.90541,40.81248],[-73.90633,40.81267],[-73.90725,40.81286],[-73.90816,40.81304],[-73.90907,40.81323],[-73.9095,40.81332],[-73.90952,40.81333],[-73.9098,40.81339],[-73.91002,40.81343],[-73.91013,40.81346],[-73.9103,40.81349],[-73.91034,40.8135],[-73.91039,40.81351],[-73.91043,40.81352],[-73.91095,40.81362],[-73.91181,40.81388],[-73.9124,40.81408],[-73.91252,40.81412],[-73.91295,40.81427],[-73.91495,40.81494],[-73.91677,40.8157],[-73.91765,40.81607],[-73.91781,40.81597],[-73.91845,40.81561],[-73.9186,40.81553],[-73.91947,40.81507],[-73.92013,40.81474],[-73.92033,40.81464],[-73.92048,40.81456],[-73.9213,40.81548],[-73.92158,40.81555],[-73.92125,40.81622],[-73.92309,40.8167],[-73.92373,40.81582],[-73.92377,40.81576],[-73.92391,40.81557],[-73.92395,40.8155],[-73.924,40.81544],[-73.92481,40.81566],[-73.92506,40.81572],[-73.92534,40.81579],[-73.9255,40.81583],[-73.92569,40.81587],[-73.92663,40.81612],[-73.92622,40.81676],[-73.92518,40.81801],[-73.92455,40.81871],[-73.92403,40.81929],[-73.92265,40.82049],[-73.92195,40.82103],[-73.92114,40.82156],[-73.92067,40.82184],[-73.92054,40.82193],[-73.92049,40.82198],[-73.9204,40.82206],[-73.91993,40.82235],[-73.9198,40.82244],[-73.91944,40.82267],[-73.91938,40.82271],[-73.91895,40.82299],[-73.91889,40.82303],[-73.91876,40.82312],[-73.91834,40.82338],[-73.91788,40.82368],[-73.91782,40.82372],[-73.91757,40.82388],[-73.91747,40.82395],[-73.9174,40.82399],[-73.91732,40.82404],[-73.91725,40.82408],[-73.91719,40.82412],[-73.91713,40.82416],[-73.91689,40.82431],[-73.91677,40.82439],[-73.91588,40.8241],[-73.91622,40.82347],[-73.91451,40.82294],[-73.91288,40.82244],[-73.91189,40.82214],[-73.91182,40.82204],[-73.91181,40.82204],[-73.9118,40.82204],[-73.91179,40.82205],[-73.91178,40.82205],[-73.91177,40.82206],[-73.91176,40.82206],[-73.91176,40.82207],[-73.91175,40.82207],[-73.91174,40.82208],[-73.91173,40.82208],[-73.91172,40.82208],[-73.91171,40.82209],[-73.9117,40.82209],[-73.91169,40.82209],[-73.91168,40.8221],[-73.91167,40.8221],[-73.91166,40.82211],[-73.91165,40.82211],[-73.91164,40.82211],[-73.91163,40.82212],[-73.91162,40.82212],[-73.91161,40.82212],[-73.9116,40.82212],[-73.91159,40.82213],[-73.91158,40.82213],[-73.91157,40.82213],[-73.91156,40.82213],[-73.91155,40.82214],[-73.91154,40.82214],[-73.91153,40.82214],[-73.91152,40.82214],[-73.91151,40.82215],[-73.9115,40.82215],[-73.91149,40.82215],[-73.91148,40.82215],[-73.91147,40.82215],[-73.91146,40.82215],[-73.91145,40.82216],[-73.91144,40.82216],[-73.91143,40.82216],[-73.91142,40.82216],[-73.91141,40.82216],[-73.9114,40.82216],[-73.91139,40.82216],[-73.91138,40.82216],[-73.91137,40.82216],[-73.91136,40.82216],[-73.91107,40.82224],[-73.9107,40.82232],[-73.90991,40.82255],[-73.90946,40.82243],[-73.90842,40.82218],[-73.90743,40.82195],[-73.90646,40.82172],[-73.90566,40.82156],[-73.90552,40.82152],[-73.90546,40.82151],[-73.90533,40.82148],[-73.90525,40.82146],[-73.9049,40.82137],[-73.90478,40.82134],[-73.90379,40.82109],[-73.90289,40.82086],[-73.90267,40.8208],[-73.90129,40.82048]]]]}},{"type":"Feature","properties":{"ntaname":"Hunts Point","nta2020":"BX0201","ntatype":"0"},"geometry":{"type":"MultiPolygon","coordinates":[[[[-73.88098,40.81824],[-73.87806,40.81618],[-73.87663,40.81571],[-73.87673,40.81539],[-73.87521,40.81488],[-73.87446,40.81465],[-73.8725,40.81389],[-73.87239,40.81397],[-73.87233,40.81392],[-73.87244,40.81385],[-73.87219,40.81367],[-73.8721,40.81374],[-73.87204,40.81369],[-73.87213,40.81362],[-73.87208,40.81358],[-73.8718,40.81331],[-73.87166,40.81325],[-73.87096,40.81215],[-73.87057,40.81209],[-73.87047,40.81146],[-73.87055,40.81124],[-73.86811,40.80675],[-73.86846,40.80594],[-73.86979,40.80413],[-73.87152,40.80187],[-73.87161,40.80191],[-73.8717,40.80181],[-73.8716,40.80175],[-73.87175,40.80155],[-73.87238,40.80129],[-73.87244,40.80127],[-73.87265,40.80119],[-73.87271,40.80117],[-73.87317,40.801],[-73.87355,40.80085],[-73.87468,40.80098],[-73.87473,40.80126],[-73.87527,40.8014],[-73.87586,40.80146],[-73.87593,40.80108],[-73.87814,40.80132],[-73.87808,40.80167],[-73.87799,40.80166],[-73.87797,40.80171],[-73.87803,40.80206],[-73.87806,40.80219],[-73.87811,40.80237],[-73.87817,40.80255],[-73.87823,40.80265],[-73.87843,40.8027],[-73.87874,40.80274],[-73.87892,40.80277],[-73.87921,40.8028],[-73.87934,40.80277],[-73.87951,40.80277],[-73.87963,40.80274],[-73.87974,40.80274],[-73.87976,40.80274],[-73.87992,40.80276],[-73.88005,40.80276],[-73.88017,40.80272],[-73.88028,40.80272],[-73.88042,40.80267],[-73.88057,40.80263],[-73.88077,40.80259],[-73.88092,40.80256],[-73.88107,40.80254],[-73.88118,40.80253],[-73.88132,40.80251],[-73.88143,40.80249],[-73.88153,40.80248],[-73.88171,40.80245],[-73.88182,40.80243],[-73.88194,40.80242],[-73.88203,40.80241],[-73.88206,40.8024],[-73.88207,40.8024],[-73.88219,40.80237],[-73.88232,40.80235],[-73.88237,40.80235],[-73.88239,40.80235],[-73.88245,40.80235],[-73.88243,40.80227],[-73.88252,40.80225],[-73.88254,40.80234],[-73.8826,40.80233],[-73.88276,40.80231],[-73.88288,40.80229],[-73.88297,40.80228],[-73.88307,40.80226],[-73.8832,40.80223],[-73.88354,40.80218],[-73.8837,40.80216],[-73.88381,40.80212],[-73.88384,40.80211],[-73.88385,40.8021],[-73.88388,40.80208],[-73.8839,40.80206],[-73.88392,40.80205],[-73.88394,40.80203],[-73.88396,40.80197],[-73.88378,40.80193],[-73.88378,40.80194],[-73.88374,40.80196],[-73.88369,40.80195],[-73.88367,40.80191],[-73.88368,40.80188],[-73.88372,40.80186],[-73.88377,40.80187],[-73.88379,40.80191],[-73.88378,40.80192],[-73.88397,40.80196],[-73.88399,40.8019],[-73.88505,40.80213],[-73.88515,40.80226],[-73.88527,40.80228],[-73.88527,40.80227],[-73.88531,40.80225],[-73.88537,40.80226],[-73.8854,40.8023],[-73.88538,40.80233],[-73.88533,40.80235],[-73.88528,40.80234],[-73.88526,40.80231],[-73.88526,40.8023],[-73.88516,40.80227],[-73.88526,40.80241],[-73.8856,40.80257],[-73.88578,40.80268],[-73.88591,40.8028],[-73.88601,40.80295],[-73.88608,40.80305],[-73.8861,40.80309],[-73.88616,40.80318],[-73.88628,40.80326],[-73.88642,40.80335],[-73.88649,40.80338],[-73.88672,40.80353],[-73.88685,40.80364],[-73.88709,40.80381],[-73.88727,40.80395],[-73.88738,40.80411],[-73.88725,40.80419],[-73.88734,40.80429],[-73.8874,40.80437],[-73.88753,40.8044],[-73.88771,40.80461],[-73.88763,40.80467],[-73.88796,40.805],[-73.88859,40.80479],[-73.88876,40.80486],[-73.88889,40.80496],[-73.88906,40.80502],[-73.88916,40.80513],[-73.88927,40.80521],[-73.88937,40.80538],[-73.88934,40.80559],[-73.88922,40.80568],[-73.8892,40.80581],[-73.88922,40.80585],[-73.88956,40.80543],[-73.88956,40.80543],[-73.88997,40.80491],[-73.89,40.80489],[-73.89015,40.80496],[-73.88937,40.80593],[-73.88954,40.80581],[-73.88966,40.80585],[-73.88975,40.80588],[-73.88981,40.80588],[-73.88981,40.80588],[-73.88985,40.80586],[-73.88987,40.80583],[-73.8899,40.80579],[-73.88993,40.80575],[-73.88996,40.80571],[-73.88999,40.8057],[-73.89006,40.8057],[-73.89014,40.80571],[-73.89023,40.80574],[-73.89034,40.80577],[-73.89035,40.80577],[-73.89044,40.80579],[-73.89051,40.80585],[-73.89058,40.80587],[-73.89072,40.80588],[-73.89086,40.80589],[-73.89101,40.8059],[-73.89127,40.80591],[-73.8915,40.80593],[-73.8915,40.80593],[-73.89144,40.80566],[-73.89179,40.80562],[-73.89198,40.80638],[-73.89245,40.80637],[-73.89271,40.80634],[-73.89271,40.80634],[-73.89253,40.80566],[-73.89227,40.8057],[-73.89216,40.8053],[-73.89181,40.80519],[-73.89181,40.80519],[-73.89168,40.80515],[-73.89169,40.80513],[-73.89156,40.80509],[-73.89156,40.8051],[-73.8915,40.80508],[-73.89151,40.80507],[-73.8913,40.80501],[-73.8913,40.80502],[-73.89127,40.80501],[-73.89128,40.80498],[-73.89131,40.80498],[-73.89131,40.80499],[-73.89146,40.80504],[-73.89151,40.80506],[-73.8917,40.80512],[-73.89173,40.80505],[-73.89187,40.80509],[-73.89183,40.80517],[-73.8922,40.80528],[-73.8923,40.80566],[-73.89234,40.80566],[-73.89234,40.80565],[-73.8924,40.80564],[-73.8924,40.80565],[-73.89257,40.80562],[-73.89275,40.80634],[-73.8929,40.80633],[-73.89305,40.80631],[-73.89316,40.80631],[-73.89331,40.80634],[-73.89338,40.8063],[-73.89345,40.80629],[-73.89355,40.80628],[-73.89362,40.80628],[-73.89372,40.80625],[-73.89384,40.80624],[-73.89395,40.80625],[-73.89404,40.80625],[-73.8941,40.80627],[-73.89422,40.80627],[-73.89453,40.80624],[-73.89463,40.80623],[-73.89463,40.80623],[-73.89457,40.80605],[-73.89473,40.80603],[-73.89478,40.80621],[-73.8948,40.80621],[-73.89485,40.80621],[-73.89473,40.80574],[-73.89484,40.80572],[-73.89497,40.80623],[-73.8951,40.80686],[-73.89529,40.80684],[-73.89537,40.8067],[-73.89546,40.8066],[-73.89551,40.8066],[-73.89542,40.80627],[-73.89539,40.80618],[-73.8953,40.8059],[-73.89531,40.80587],[-73.89528,40.80577],[-73.89531,40.80577],[-73.89534,40.80587],[-73.89541,40.80596],[-73.89547,40.80622],[-73.89551,40.80635],[-73.89559,40.80658],[-73.89572,40.80656],[-73.8957,40.80645],[-73.89567,40.80629],[-73.89575,40.80628],[-73.89583,40.80645],[-73.89584,40.80654],[-73.89598,40.80652],[-73.89594,40.80639],[-73.89594,40.80629],[-73.89588,40.80606],[-73.89579,40.80583],[-73.89587,40.80581],[-73.89595,40.80602],[-73.89601,40.80627],[-73.89611,40.8065],[-73.89622,40.80648],[-73.89621,40.80642],[-73.8962,40.80632],[-73.8962,40.80624],[-73.89623,40.80621],[-73.89628,40.80621],[-73.89635,40.80621],[-73.89679,40.80616],[-73.89709,40.80612],[-73.89711,40.80611],[-73.89715,40.80609],[-73.89717,40.80605],[-73.89726,40.80604],[-73.89731,40.80608],[-73.89739,40.80622],[-73.8975,40.80621],[-73.89748,40.806],[-73.89741,40.8058],[-73.89749,40.80579],[-73.89755,40.80599],[-73.89764,40.8062],[-73.89776,40.80619],[-73.89775,40.80614],[-73.89773,40.80597],[-73.8978,40.80596],[-73.89787,40.80611],[-73.89787,40.80618],[-73.89801,40.80617],[-73.898,40.80609],[-73.89799,40.80593],[-73.89787,40.80553],[-73.89794,40.80552],[-73.89807,40.80591],[-73.89816,40.80614],[-73.89822,40.80612],[-73.89829,40.8061],[-73.89828,40.80605],[-73.89827,40.80592],[-73.89826,40.80589],[-73.89826,40.80587],[-73.89827,40.80587],[-73.89827,40.80586],[-73.89824,40.80583],[-73.89819,40.80581],[-73.89812,40.80576],[-73.89813,40.8057],[-73.89813,40.80569],[-73.89812,40.80569],[-73.89812,40.80568],[-73.89812,40.80567],[-73.89812,40.80566],[-73.89812,40.80566],[-73.89813,40.80565],[-73.89813,40.80564],[-73.89818,40.80563],[-73.89819,40.80562],[-73.89819,40.80561],[-73.89823,40.80557],[-73.89821,40.80555],[-73.89825,40.80554],[-73.89828,40.80554],[-73.89829,40.80554],[-73.89853,40.80543],[-73.89959,40.80523],[-73.8997,40.80522],[-73.89974,40.80519],[-73.89974,40.80518],[-73.89974,40.80517],[-73.90007,40.8051],[-73.90027,40.80506],[-73.90053,40.80501],[-73.90079,40.80492],[-73.90084,40.80491],[-73.90091,40.8049],[-73.90097,40.80488],[-73.90126,40.80488],[-73.90131,40.80487],[-73.90152,40.80484],[-73.90153,40.80484],[-73.9018,40.80479],[-73.90205,40.80478],[-73.90206,40.80479],[-73.90206,40.80479],[-73.90207,40.80479],[-73.90207,40.80479],[-73.90208,40.80479],[-73.90209,40.8048],[-73.90209,40.8048],[-73.90213,40.80483],[-73.90214,40.80485],[-73.90215,40.80487],[-73.90217,40.80492],[-73.90217,40.80493],[-73.90217,40.80493],[-73.90217,40.80494],[-73.90218,40.80495],[-73.90221,40.80495],[-73.90222,40.80495],[-73.90225,40.80507],[-73.90286,40.8086],[-73.90294,40.80906],[-73.90298,40.80931],[-73.90299,40.80936],[-73.903,40.80946],[-73.90301,40.80955],[-73.90302,40.8096],[-73.90302,40.80967],[-73.90309,40.80986],[-73.90279,40.81008],[-73.90259,40.81022],[-73.90156,40.81089],[-73.90086,40.8114],[-73.89912,40.8127],[-73.89845,40.81318],[-73.89815,40.81337],[-73.89786,40.81357],[-73.89776,40.81365],[-73.89759,40.81378],[-73.89733,40.814],[-73.89708,40.81422],[-73.89685,40.81446],[-73.89587,40.81541],[-73.89543,40.81584],[-73.8958,40.81607],[-73.89621,40.81632],[-73.89704,40.8168],[-73.89568,40.81813],[-73.89493,40.81885],[-73.89389,40.81986],[-73.8929,40.82081],[-73.89284,40.82097],[-73.89162,40.82101],[-73.89133,40.82074],[-73.89082,40.82031],[-73.89074,40.82042],[-73.89011,40.8209],[-73.88922,40.82147],[-73.88864,40.82177],[-73.88842,40.82192],[-73.88834,40.822],[-73.88789,40.82236],[-73.88756,40.82251],[-73.88718,40.82264],[-73.88705,40.82266],[-73.88694,40.82267],[-73.88681,40.82268],[-73.88655,40.82271],[-73.8863,40.82274],[-73.88561,40.82279],[-73.88525,40.82285],[-73.88515,40.82286],[-73.88512,40.82286],[-73.88508,40.82287],[-73.88505,40.82287],[-73.88478,40.8229],[-73.88456,40.82292],[-73.88439,40.82295],[-73.88436,40.82287],[-73.88433,40.82281],[-73.88429,40.82272],[-73.88425,40.82264],[-73.88379,40.82193],[-73.88266,40.81969],[-73.88245,40.81927],[-73.88098,40.81824]]]]}},{"type":"Feature","properties":{"ntaname":"Longwood","nta2020":"BX0202","ntatype":"0"},"geometry":{"type":"MultiPolygon","coordinates":[[[[-73.88789,40.82236],[-73.88834,40.822],[-73.88842,40.82192],[-73.88864,40.82177],[-73.88922,40.82147],[-73.89011,40.8209],[-73.89074,40.82042],[-73.89082,40.82031],[-73.89133,40.82074],[-73.89162,40.82101],[-73.89284,40.82097],[-73.8929,40.82081],[-73.89389,40.81986],[-73.89493,40.81885],[-73.89568,40.81813],[-73.89704,40.8168],[-73.89621,40.81632],[-73.8958,40.81607],[-73.89543,40.81584],[-73.89587,40.81541],[-73.89685,40.81446],[-73.89708,40.81422],[-73.89733,40.814],[-73.89759,40.81378],[-73.89776,40.81365],[-73.89786,40.81357],[-73.89815,40.81337],[-73.89845,40.81318],[-73.89912,40.8127],[-73.90086,40.8114],[-73.90156,40.81089],[-73.90259,40.81022],[-73.90279,40.81008],[-73.90309,40.80986],[-73.90324,40.81071],[-73.90342,40.81151],[-73.90418,40.81212],[-73.90447,40.81228],[-73.90418,40.81309],[-73.9038,40.81413],[-73.90347,40.81508],[-73.90306,40.81611],[-73.90301,40.81632],[-73.90258,40.81737],[-73.90211,40.81851],[-73.90183,40.81915],[-73.90166,40.81955],[-73.9016,40.81969],[-73.90129,40.82048],[-73.90085,40.82154],[-73.90061,40.82211],[-73.90199,40.82244],[-73.90185,40.82278],[-73.90182,40.82285],[-73.90118,40.82439],[-73.90051,40.82601],[-73.90165,40.82626],[-73.90094,40.82793],[-73.8998,40.82768],[-73.89941,40.82773],[-73.89933,40.82775],[-73.8982,40.82789],[-73.89701,40.82805],[-73.89577,40.82821],[-73.89549,40.82825],[-73.89529,40.82814],[-73.89511,40.82804],[-73.89515,40.82783],[-73.89484,40.82625],[-73.89387,40.82651],[-73.89293,40.82679],[-73.89191,40.82679],[-73.89091,40.82679],[-73.88998,40.82681],[-73.88984,40.8268],[-73.88981,40.8268],[-73.88969,40.8268],[-73.88964,40.8268],[-73.88885,40.82677],[-73.8879,40.82674],[-73.8864,40.8275],[-73.8861,40.82766],[-73.88615,40.82731],[-73.88635,40.82601],[-73.88645,40.82529],[-73.88679,40.82412],[-73.88683,40.82398],[-73.88687,40.82384],[-73.88692,40.82371],[-73.88697,40.82357],[-73.88704,40.82344],[-73.88711,40.82331],[-73.88707,40.82319],[-73.88733,40.8228],[-73.88748,40.82264],[-73.88757,40.82261],[-73.88789,40.82236]]]]}},{"type":"Feature","properties":{"ntaname":"North & South Brother Islands","nta2020":"BX0291","ntatype":"9"},"geometry":{"type":"MultiPolygon","coordinates":[[[[-73.89681,40.79581],[-73.89694,40.79564],[-73.89724,40.79572],[-73.89797,40.79564],[-73.89857,40.79607],[-73.89895,40.79623],[-73.89919,40.7965],[-73.89852,40.79694],[-73.89788,40.79712],[-73.89713,40.7968],[-73.89679,40.79633],[-73.89681,40.79581]]],[[[-73.90838,40.79949],[-73.90824,40.79941],[-73.90822,40.79942],[-73.90818,40.79939],[-73.90813,40.79943],[-73.90796,40.79928],[-73.90803,40.79924],[-73.90817,40.79932],[-73.90825,40.79937],[-73.90832,40.79941],[-73.90842,40.79944],[-73.90838,40.79949]]],[[[-73.90766,40.79942],[-73.90768,40.79939],[-73.90779,40.79944],[-73.90785,40.79947],[-73.90793,40.7995],[-73.908,40.79951],[-73.90805,40.79953],[-73.9081,40.79954],[-73.90807,40.79957],[-73.90803,40.79956],[-73.90795,40.79954],[-73.90787,40.79952],[-73.90779,40.79949],[-73.90773,40.79947],[-73.90766,40.79942]]],[[[-73.90639,40.80109],[-73.90645,40.80104],[-73.90659,40.80111],[-73.90652,40.80118],[-73.90639,40.80109]]],[[[-73.89833,40.80241],[-73.89647,40.80079],[-73.89798,40.7996],[-73.89864,40.7991],[-73.89902,40.79917],[-73.90021,40.79926],[-73.89979,40.79951],[-73.89972,40.8008],[-73.90004,40.80091],[-73.89949,40.8009],[-73.89939,40.80194],[-73.89833,40.80241]]],[[[-73.90402,40.80347],[-73.9041,40.80342],[-73.90415,40.80346],[-73.90407,40.80352],[-73.90402,40.80347]]],[[[-73.90385,40.80357],[-73.90387,40.80356],[-73.90395,40.80362],[-73.90394,40.80363],[-73.90393,40.80363],[-73.90385,40.80357]]],[[[-73.90367,40.8037],[-73.90369,40.80369],[-73.90377,40.80375],[-73.90374,40.80377],[-73.90367,40.8037]]],[[[-73.90332,40.80378],[-73.90334,40.80377],[-73.90336,40.80386],[-73.90334,40.80386],[-73.90332,40.80378]]],[[[-73.90297,40.80394],[-73.903,40.80392],[-73.90309,40.804],[-73.90306,40.80402],[-73.90297,40.80394]]],[[[-73.90271,40.80416],[-73.9029,40.80414],[-73.90288,40.80416],[-73.90271,40.80418],[-73.90271,40.80416]]]]}},{"type":"Feature","properties":{"ntaname":"Morrisania","nta2020":"BX0301","ntatype":"0"},"geometry":{"type":"MultiPolygon","coordinates":[[[[-73.89697,40.83434],[-73.89679,40.83413],[-73.8963,40.83354],[-73.89639,40.83329],[-73.89647,40.83305],[-73.89669,40.83197],[-73.8969,40.83103],[-73.89695,40.83091],[-73.89717,40.83037],[-73.8967,40.83041],[-73.8964,40.82876],[-73.89549,40.82825],[-73.89577,40.82821],[-73.89701,40.82805],[-73.8982,40.82789],[-73.89933,40.82775],[-73.89941,40.82773],[-73.8998,40.82768],[-73.90094,40.82793],[-73.90165,40.82626],[-73.90051,40.82601],[-73.90118,40.82439],[-73.90182,40.82285],[-73.90185,40.82278],[-73.90199,40.82244],[-73.90061,40.82211],[-73.90085,40.82154],[-73.90129,40.82048],[-73.90267,40.8208],[-73.90289,40.82086],[-73.90379,40.82109],[-73.90478,40.82134],[-73.9049,40.82137],[-73.90525,40.82146],[-73.90533,40.82148],[-73.90546,40.82151],[-73.90552,40.82152],[-73.90566,40.82156],[-73.90646,40.82172],[-73.90743,40.82195],[-73.90842,40.82218],[-73.90946,40.82243],[-73.90991,40.82255],[-73.9107,40.82232],[-73.91107,40.82224],[-73.91136,40.82216],[-73.91137,40.82216],[-73.91138,40.82216],[-73.91139,40.82216],[-73.9114,40.82216],[-73.91141,40.82216],[-73.91142,40.82216],[-73.91143,40.82216],[-73.91144,40.82216],[-73.91145,40.82216],[-73.91146,40.82215],[-73.91147,40.82215],[-73.91148,40.82215],[-73.91149,40.82215],[-73.9115,40.82215],[-73.91151,40.82215],[-73.91152,40.82214],[-73.91153,40.82214],[-73.91154,40.82214],[-73.91155,40.82214],[-73.91156,40.82213],[-73.91157,40.82213],[-73.91158,40.82213],[-73.91159,40.82213],[-73.9116,40.82212],[-73.91161,40.82212],[-73.91162,40.82212],[-73.91163,40.82212],[-73.91164,40.82211],[-73.91165,40.82211],[-73.91166,40.82211],[-73.91167,40.8221],[-73.91168,40.8221],[-73.91169,40.82209],[-73.9117,40.82209],[-73.91171,40.82209],[-73.91172,40.82208],[-73.91173,40.82208],[-73.91174,40.82208],[-73.91175,40.82207],[-73.91176,40.82207],[-73.91176,40.82206],[-73.91177,40.82206],[-73.91178,40.82205],[-73.91179,40.82205],[-73.9118,40.82204],[-73.91181,40.82204],[-73.91182,40.82204],[-73.91189,40.82214],[-73.91288,40.82244],[-73.91451,40.82294],[-73.91622,40.82347],[-73.91588,40.8241],[-73.91677,40.82439],[-73.91609,40.82484],[-73.91615,40.82486],[-73.91631,40.8249],[-73.91657,40.82498],[-73.91661,40.82499],[-73.91642,40.82511],[-73.91637,40.82515],[-73.9163,40.82519],[-73.91625,40.82523],[-73.91619,40.82527],[-73.91613,40.82531],[-73.91592,40.82544],[-73.91545,40.82575],[-73.91541,40.82577],[-73.91528,40.82566],[-73.9151,40.8255],[-73.91475,40.8252],[-73.91351,40.8248],[-73.91317,40.82546],[-73.91192,40.82505],[-73.91131,40.82485],[-73.91179,40.82643],[-73.91169,40.82776],[-73.91031,40.82877],[-73.90948,40.82959],[-73.90896,40.83023],[-73.90891,40.83021],[-73.90772,40.82982],[-73.90753,40.82976],[-73.90747,40.82974],[-73.90657,40.82945],[-73.90553,40.8291],[-73.90451,40.83062],[-73.90344,40.83222],[-73.90186,40.83462],[-73.90134,40.83544],[-73.90123,40.8355],[-73.90122,40.83541],[-73.89963,40.83502],[-73.89845,40.83472],[-73.89809,40.83463],[-73.89697,40.83434]]]]}},{"type":"Feature","properties":{"ntaname":"Claremont Village-Claremont (East)","nta2020":"BX0302","ntatype":"0"},"geometry":{"type":"MultiPolygon","coordinates":[[[[-73.90132,40.84447],[-73.90114,40.84445],[-73.90092,40.84443],[-73.8997,40.84428],[-73.89962,40.84427],[-73.89854,40.84415],[-73.89782,40.84407],[-73.8975,40.84403],[-73.89657,40.84392],[-73.89595,40.84385],[-73.89555,40.8438],[-73.89527,40.84377],[-73.89479,40.84372],[-73.89482,40.84368],[-73.89485,40.84365],[-73.89538,40.84294],[-73.89565,40.84304],[-73.89591,40.84314],[-73.89617,40.84326],[-73.89642,40.84339],[-73.89666,40.84352],[-73.89749,40.84207],[-73.89827,40.84068],[-73.89903,40.83933],[-73.89997,40.83765],[-73.90004,40.83752],[-73.90014,40.83734],[-73.90019,40.83726],[-73.90022,40.8372],[-73.90026,40.83714],[-73.90031,40.83705],[-73.90036,40.83696],[-73.90039,40.83691],[-73.90057,40.83659],[-73.90123,40.8355],[-73.90134,40.83544],[-73.90186,40.83462],[-73.90344,40.83222],[-73.90451,40.83062],[-73.90553,40.8291],[-73.90657,40.82945],[-73.90747,40.82974],[-73.90753,40.82976],[-73.90772,40.82982],[-73.90891,40.83021],[-73.90896,40.83023],[-73.90914,40.83029],[-73.90938,40.83036],[-73.90971,40.83047],[-73.91049,40.83074],[-73.90962,40.83228],[-73.90952,40.83246],[-73.90946,40.83257],[-73.90942,40.83264],[-73.90937,40.83272],[-73.90928,40.83288],[-73.90924,40.83297],[-73.90918,40.83307],[-73.90911,40.8332],[-73.9089,40.83357],[-73.90883,40.8337],[-73.90869,40.83394],[-73.90858,40.83414],[-73.90852,40.83424],[-73.90838,40.8345],[-73.90824,40.83474],[-73.90811,40.83497],[-73.90797,40.83522],[-73.90783,40.83547],[-73.90772,40.83567],[-73.90763,40.83583],[-73.90757,40.83593],[-73.9074,40.83623],[-73.90733,40.83634],[-73.90727,40.83644],[-73.90721,40.83653],[-73.90714,40.83665],[-73.90698,40.83691],[-73.9069,40.83703],[-73.9068,40.8372],[-73.90668,40.83738],[-73.90652,40.83764],[-73.90646,40.83773],[-73.90636,40.8379],[-73.90625,40.83807],[-73.90598,40.83851],[-73.90538,40.83977],[-73.90542,40.83978],[-73.90547,40.83978],[-73.90551,40.83979],[-73.90555,40.83978],[-73.9056,40.83977],[-73.90564,40.83976],[-73.90567,40.83974],[-73.90571,40.83972],[-73.90562,40.83984],[-73.90555,40.83997],[-73.90548,40.84009],[-73.90542,40.84022],[-73.90536,40.84035],[-73.90531,40.84048],[-73.90526,40.84061],[-73.90522,40.84074],[-73.90519,40.84088],[-73.90516,40.84101],[-73.90503,40.84226],[-73.90502,40.8424],[-73.90494,40.84337],[-73.90491,40.84372],[-73.90489,40.84395],[-73.90488,40.84411],[-73.90485,40.84459],[-73.90484,40.84467],[-73.90483,40.84475],[-73.90483,40.8448],[-73.90483,40.84484],[-73.90409,40.84477],[-73.90346,40.84471],[-73.90337,40.8447],[-73.90266,40.84463],[-73.90158,40.8445],[-73.90132,40.84447]]]]}},{"type":"Feature","properties":{"ntaname":"Crotona Park East","nta2020":"BX0303","ntatype":"0"},"geometry":{"type":"MultiPolygon","coordinates":[[[[-73.88005,40.8347],[-73.88008,40.83467],[-73.88057,40.83403],[-73.88251,40.83155],[-73.88385,40.82987],[-73.8839,40.8298],[-73.88371,40.82962],[-73.88357,40.82948],[-73.88352,40.82926],[-73.88378,40.82827],[-73.88439,40.82682],[-73.88461,40.8253],[-73.88461,40.82528],[-73.88462,40.82496],[-73.88464,40.82381],[-73.8844,40.823],[-73.88439,40.82295],[-73.88456,40.82292],[-73.88478,40.8229],[-73.88505,40.82287],[-73.88508,40.82287],[-73.88512,40.82286],[-73.88515,40.82286],[-73.88525,40.82285],[-73.88561,40.82279],[-73.8863,40.82274],[-73.88655,40.82271],[-73.88681,40.82268],[-73.88694,40.82267],[-73.88705,40.82266],[-73.88718,40.82264],[-73.88756,40.82251],[-73.88789,40.82236],[-73.88757,40.82261],[-73.88748,40.82264],[-73.88733,40.8228],[-73.88707,40.82319],[-73.88711,40.82331],[-73.88704,40.82344],[-73.88697,40.82357],[-73.88692,40.82371],[-73.88687,40.82384],[-73.88683,40.82398],[-73.88679,40.82412],[-73.88645,40.82529],[-73.88635,40.82601],[-73.88615,40.82731],[-73.8861,40.82766],[-73.8864,40.8275],[-73.8879,40.82674],[-73.88885,40.82677],[-73.88964,40.8268],[-73.88969,40.8268],[-73.88981,40.8268],[-73.88984,40.8268],[-73.88998,40.82681],[-73.89091,40.82679],[-73.89191,40.82679],[-73.89293,40.82679],[-73.89387,40.82651],[-73.89484,40.82625],[-73.89515,40.82783],[-73.89511,40.82804],[-73.89529,40.82814],[-73.89549,40.82825],[-73.8964,40.82876],[-73.8967,40.83041],[-73.89717,40.83037],[-73.89695,40.83091],[-73.8969,40.83103],[-73.89669,40.83197],[-73.89647,40.83305],[-73.89639,40.83329],[-73.8963,40.83354],[-73.89679,40.83413],[-73.89697,40.83434],[-73.89667,40.83445],[-73.89638,40.83458],[-73.8961,40.83472],[-73.89583,40.83488],[-73.89558,40.83505],[-73.89535,40.83523],[-73.89514,40.83543],[-73.89501,40.8356],[-73.89486,40.83576],[-73.89469,40.83591],[-73.89451,40.83606],[-73.8943,40.83618],[-73.89409,40.8363],[-73.89386,40.8364],[-73.89362,40.83648],[-73.89338,40.83654],[-73.89148,40.83669],[-73.89129,40.8367],[-73.8911,40.83673],[-73.89092,40.83677],[-73.89074,40.83683],[-73.89057,40.8369],[-73.88874,40.83797],[-73.88841,40.83855],[-73.8873,40.83814],[-73.8866,40.83928],[-73.88618,40.84011],[-73.88583,40.8399],[-73.88465,40.83917],[-73.88435,40.83928],[-73.88418,40.83934],[-73.88395,40.83921],[-73.88356,40.83899],[-73.88352,40.83902],[-73.88347,40.83906],[-73.88294,40.83876],[-73.88274,40.83864],[-73.88271,40.83863],[-73.88275,40.83859],[-73.8828,40.83855],[-73.88285,40.8385],[-73.88246,40.83825],[-73.88237,40.83817],[-73.88229,40.83808],[-73.88223,40.83799],[-73.88222,40.83797],[-73.88214,40.83783],[-73.88208,40.83768],[-73.88204,40.83752],[-73.88201,40.83744],[-73.88204,40.83737],[-73.88207,40.83728],[-73.8821,40.83719],[-73.88212,40.8371],[-73.88213,40.837],[-73.88214,40.83689],[-73.88214,40.83678],[-73.88213,40.83666],[-73.88211,40.83655],[-73.88209,40.83644],[-73.88207,40.83634],[-73.88206,40.83624],[-73.88205,40.83614],[-73.88206,40.83605],[-73.88207,40.83595],[-73.88208,40.83585],[-73.88211,40.83576],[-73.88214,40.83566],[-73.88218,40.83557],[-73.88222,40.83548],[-73.88223,40.83545],[-73.88207,40.83539],[-73.88199,40.83537],[-73.8819,40.83534],[-73.88183,40.83531],[-73.88144,40.83519],[-73.88133,40.83515],[-73.88124,40.83512],[-73.88114,40.83508],[-73.88032,40.8348],[-73.88005,40.8347]]]]}},{"type":"Feature","properties":{"ntaname":"Crotona Park","nta2020":"BX0391","ntatype":"9"},"geometry":{"type":"MultiPolygon","coordinates":[[[[-73.89538,40.84294],[-73.89528,40.84288],[-73.8951,40.84277],[-73.89501,40.84273],[-73.89494,40.84268],[-73.89485,40.84263],[-73.8941,40.84219],[-73.89317,40.84164],[-73.89217,40.84105],[-73.89017,40.83987],[-73.88942,40.83942],[-73.88869,40.83916],[-73.88814,40.83986],[-73.88754,40.83964],[-73.8866,40.83928],[-73.8873,40.83814],[-73.88841,40.83855],[-73.88874,40.83797],[-73.89057,40.8369],[-73.89074,40.83683],[-73.89092,40.83677],[-73.8911,40.83673],[-73.89129,40.8367],[-73.89148,40.83669],[-73.89338,40.83654],[-73.89362,40.83648],[-73.89386,40.8364],[-73.89409,40.8363],[-73.8943,40.83618],[-73.89451,40.83606],[-73.89469,40.83591],[-73.89486,40.83576],[-73.89501,40.8356],[-73.89514,40.83543],[-73.89535,40.83523],[-73.89558,40.83505],[-73.89583,40.83488],[-73.8961,40.83472],[-73.89638,40.83458],[-73.89667,40.83445],[-73.89697,40.83434],[-73.89809,40.83463],[-73.89845,40.83472],[-73.89963,40.83502],[-73.90122,40.83541],[-73.90123,40.8355],[-73.90057,40.83659],[-73.90039,40.83691],[-73.90036,40.83696],[-73.90031,40.83705],[-73.90026,40.83714],[-73.90022,40.8372],[-73.90019,40.83726],[-73.90014,40.83734],[-73.90004,40.83752],[-73.89997,40.83765],[-73.89903,40.83933],[-73.89827,40.84068],[-73.89749,40.84207],[-73.89666,40.84352],[-73.89642,40.84339],[-73.89617,40.84326],[-73.89591,40.84314],[-73.89565,40.84304],[-73.89538,40.84294]]]]}},{"type":"Feature","properties":{"ntaname":"Concourse-Concourse Village","nta2020":"BX0401","ntatype":"0"},"geometry":{"type":"MultiPolygon","coordinates":[[[[-73.90869,40.83394],[-73.90883,40.8337],[-73.9089,40.83357],[-73.90911,40.8332],[-73.90918,40.83307],[-73.90924,40.83297],[-73.90928,40.83288],[-73.90937,40.83272],[-73.90942,40.83264],[-73.90946,40.83257],[-73.90952,40.83246],[-73.90962,40.83228],[-73.91049,40.83074],[-73.90971,40.83047],[-73.90938,40.83036],[-73.90914,40.83029],[-73.90896,40.83023],[-73.90948,40.82959],[-73.91031,40.82877],[-73.91169,40.82776],[-73.91179,40.82643],[-73.91131,40.82485],[-73.91192,40.82505],[-73.91317,40.82546],[-73.91351,40.8248],[-73.91475,40.8252],[-73.9151,40.8255],[-73.91528,40.82566],[-73.91541,40.82577],[-73.91545,40.82575],[-73.91592,40.82544],[-73.91613,40.82531],[-73.91619,40.82527],[-73.91625,40.82523],[-73.9163,40.82519],[-73.91637,40.82515],[-73.91642,40.82511],[-73.91661,40.82499],[-73.91657,40.82498],[-73.91631,40.8249],[-73.91615,40.82486],[-73.91609,40.82484],[-73.91677,40.82439],[-73.91689,40.82431],[-73.91713,40.82416],[-73.91719,40.82412],[-73.91725,40.82408],[-73.91732,40.82404],[-73.9174,40.82399],[-73.91747,40.82395],[-73.91757,40.82388],[-73.91782,40.82372],[-73.91788,40.82368],[-73.91834,40.82338],[-73.91876,40.82312],[-73.91889,40.82303],[-73.91895,40.82299],[-73.91938,40.82271],[-73.91944,40.82267],[-73.9198,40.82244],[-73.91993,40.82235],[-73.9204,40.82206],[-73.92049,40.82198],[-73.92054,40.82193],[-73.92067,40.82184],[-73.92114,40.82156],[-73.92195,40.82103],[-73.92265,40.82049],[-73.92403,40.81929],[-73.92455,40.81871],[-73.92518,40.81801],[-73.92528,40.81804],[-73.92539,40.81807],[-73.92582,40.81818],[-73.92632,40.81831],[-73.92636,40.81832],[-73.92725,40.81854],[-73.92732,40.81856],[-73.92776,40.81757],[-73.92798,40.81706],[-73.92805,40.8169],[-73.92822,40.81654],[-73.9283,40.81631],[-73.92886,40.81488],[-73.92897,40.81483],[-73.92919,40.8145],[-73.92921,40.81438],[-73.93012,40.81342],[-73.93028,40.81325],[-73.9304,40.8133],[-73.93057,40.81337],[-73.93104,40.81359],[-73.93116,40.81364],[-73.93124,40.81367],[-73.93131,40.8137],[-73.93129,40.81378],[-73.93136,40.81381],[-73.93214,40.81413],[-73.93231,40.81415],[-73.93237,40.81415],[-73.93242,40.81415],[-73.93242,40.81421],[-73.93238,40.81465],[-73.93234,40.81469],[-73.93233,40.81496],[-73.93237,40.81503],[-73.93236,40.81534],[-73.93234,40.81721],[-73.93234,40.81763],[-73.93239,40.81942],[-73.93239,40.81946],[-73.93239,40.8195],[-73.93238,40.81955],[-73.93237,40.81959],[-73.93243,40.82045],[-73.93246,40.82112],[-73.9324,40.82115],[-73.93242,40.82157],[-73.93247,40.82158],[-73.93251,40.82214],[-73.93246,40.82215],[-73.9325,40.82258],[-73.93255,40.8226],[-73.93258,40.82304],[-73.93254,40.82307],[-73.93257,40.82348],[-73.93261,40.82349],[-73.93267,40.82408],[-73.93262,40.82409],[-73.93266,40.82455],[-73.93271,40.82456],[-73.93273,40.82491],[-73.93273,40.82498],[-73.93274,40.82513],[-73.93275,40.82522],[-73.93276,40.82532],[-73.93277,40.82546],[-73.93277,40.82561],[-73.93296,40.82692],[-73.93298,40.82722],[-73.93301,40.82754],[-73.93306,40.82809],[-73.93307,40.82816],[-73.93304,40.82816],[-73.93294,40.82817],[-73.93251,40.8282],[-73.93209,40.82823],[-73.93147,40.82828],[-73.93139,40.82829],[-73.93126,40.82829],[-73.9312,40.8283],[-73.93114,40.8283],[-73.93096,40.82834],[-73.93093,40.82825],[-73.93086,40.82804],[-73.93069,40.82706],[-73.9306,40.82702],[-73.93024,40.82687],[-73.92986,40.82671],[-73.92976,40.82658],[-73.92943,40.82648],[-73.92715,40.82572],[-73.92663,40.82661],[-73.92602,40.82765],[-73.92593,40.82781],[-73.92584,40.82797],[-73.92497,40.82952],[-73.92451,40.83027],[-73.92426,40.83068],[-73.92349,40.83197],[-73.92222,40.83416],[-73.9231,40.83447],[-73.92312,40.83447],[-73.92313,40.83448],[-73.92315,40.83448],[-73.92316,40.83449],[-73.92317,40.8345],[-73.92317,40.83452],[-73.92318,40.83453],[-73.92318,40.83454],[-73.92318,40.83455],[-73.92317,40.83456],[-73.92252,40.83572],[-73.92237,40.83611],[-73.92188,40.83643],[-73.92072,40.8372],[-73.92037,40.83743],[-73.92002,40.83766],[-73.92048,40.83714],[-73.91948,40.8368],[-73.91841,40.83644],[-73.91743,40.83611],[-73.91667,40.83585],[-73.91647,40.83578],[-73.91587,40.83639],[-73.91568,40.83632],[-73.91482,40.83599],[-73.91379,40.8356],[-73.9129,40.8353],[-73.91206,40.83501],[-73.9112,40.83472],[-73.91034,40.83443],[-73.90957,40.83419],[-73.9095,40.83417],[-73.90949,40.83419],[-73.90944,40.83418],[-73.90946,40.83414],[-73.90942,40.83413],[-73.9094,40.83417],[-73.90936,40.83416],[-73.90937,40.83414],[-73.9091,40.83404],[-73.90869,40.83394]]]]}},{"type":"Feature","properties":{"ntaname":"Highbridge","nta2020":"BX0402","ntatype":"0"},"geometry":{"type":"MultiPolygon","coordinates":[[[[-73.92286,40.84427],[-73.92273,40.84423],[-73.92279,40.84404],[-73.9228,40.84398],[-73.92284,40.84384],[-73.92286,40.84364],[-73.92286,40.84344],[-73.92285,40.84324],[-73.92281,40.84304],[-73.92275,40.84285],[-73.92282,40.84275],[-73.92244,40.84182],[-73.92195,40.84104],[-73.9215,40.84035],[-73.92146,40.84029],[-73.92141,40.8402],[-73.92136,40.8401],[-73.92133,40.84],[-73.92132,40.8399],[-73.92131,40.83981],[-73.92131,40.83981],[-73.92131,40.83981],[-73.92134,40.83962],[-73.92138,40.83943],[-73.92145,40.83924],[-73.92153,40.83906],[-73.92164,40.83889],[-73.9219,40.83847],[-73.92202,40.83833],[-73.92211,40.83817],[-73.92219,40.83801],[-73.92224,40.83785],[-73.92233,40.83661],[-73.92236,40.83626],[-73.92236,40.83623],[-73.92237,40.83611],[-73.92266,40.83592],[-73.92338,40.83545],[-73.92403,40.83506],[-73.92417,40.83484],[-73.92439,40.83448],[-73.92503,40.83327],[-73.92538,40.83263],[-73.92642,40.83142],[-73.92648,40.83136],[-73.92681,40.83104],[-73.92726,40.83056],[-73.92743,40.83034],[-73.92755,40.8302],[-73.92761,40.83013],[-73.92781,40.82992],[-73.92781,40.82992],[-73.92781,40.82992],[-73.92803,40.82972],[-73.92826,40.82953],[-73.9285,40.82935],[-73.92852,40.82934],[-73.92861,40.82928],[-73.92876,40.82919],[-73.92889,40.8291],[-73.92917,40.82894],[-73.92945,40.82881],[-73.92974,40.82869],[-73.93003,40.82859],[-73.93034,40.8285],[-73.93065,40.82842],[-73.93096,40.82834],[-73.93114,40.8283],[-73.9312,40.8283],[-73.93126,40.82829],[-73.93139,40.82829],[-73.93147,40.82828],[-73.93209,40.82823],[-73.93251,40.8282],[-73.93294,40.82817],[-73.93304,40.82816],[-73.93307,40.82816],[-73.93309,40.82823],[-73.93333,40.83003],[-73.93342,40.83077],[-73.93348,40.83122],[-73.93355,40.83151],[-73.93361,40.83279],[-73.93357,40.83289],[-73.93356,40.83294],[-73.93356,40.83299],[-73.93354,40.83306],[-73.93351,40.83315],[-73.93349,40.83327],[-73.93347,40.8334],[-73.93346,40.83352],[-73.93346,40.83364],[-73.9332,40.83477],[-73.93318,40.83494],[-73.93314,40.83519],[-73.933,40.83568],[-73.93266,40.83647],[-73.93236,40.83699],[-73.93187,40.83764],[-73.9315,40.83832],[-73.93096,40.83925],[-73.93086,40.83935],[-73.93081,40.83943],[-73.93077,40.83957],[-73.93075,40.83962],[-73.93072,40.83964],[-73.93066,40.83972],[-73.93059,40.83986],[-73.93055,40.83989],[-73.93052,40.83993],[-73.93051,40.84001],[-73.93043,40.84023],[-73.93048,40.84046],[-73.9304,40.84061],[-73.93037,40.84062],[-73.92986,40.84157],[-73.92959,40.84208],[-73.92958,40.84228],[-73.92938,40.84247],[-73.92919,40.84282],[-73.92918,40.8432],[-73.92862,40.84468],[-73.92827,40.84498],[-73.92812,40.84532],[-73.92808,40.84539],[-73.92805,40.84546],[-73.92799,40.84545],[-73.9279,40.84542],[-73.92774,40.84538],[-73.92737,40.84528],[-73.92704,40.8452],[-73.92693,40.84517],[-73.92675,40.84512],[-73.92668,40.84511],[-73.92666,40.84511],[-73.92659,40.84509],[-73.92646,40.84506],[-73.92618,40.845],[-73.92593,40.84495],[-73.92564,40.8449],[-73.92525,40.84485],[-73.92514,40.84484],[-73.92511,40.84484],[-73.92475,40.8448],[-73.92431,40.8448],[-73.924,40.84479],[-73.92393,40.84479],[-73.92388,40.84474],[-73.92382,40.8447],[-73.92368,40.84458],[-73.92358,40.84452],[-73.92352,40.84448],[-73.92346,40.84445],[-73.92339,40.84442],[-73.9233,40.84439],[-73.92321,40.84437],[-73.92295,40.84429],[-73.92286,40.84427]]]]}},{"type":"Feature","properties":{"ntaname":"Mount Eden-Claremont (West)","nta2020":"BX0403","ntatype":"0"},"geometry":{"type":"MultiPolygon","coordinates":[[[[-73.90483,40.84475],[-73.90484,40.84467],[-73.90485,40.84459],[-73.90488,40.84411],[-73.90489,40.84395],[-73.90491,40.84372],[-73.90494,40.84337],[-73.90502,40.8424],[-73.90515,40.84255],[-73.90587,40.84258],[-73.90596,40.84263],[-73.90685,40.84267],[-73.90774,40.8427],[-73.90788,40.8427],[-73.90866,40.84272],[-73.90864,40.84288],[-73.90862,40.84302],[-73.90953,40.84306],[-73.90956,40.84292],[-73.90959,40.84276],[-73.90962,40.84211],[-73.90939,40.84125],[-73.90912,40.84017],[-73.90906,40.83995],[-73.90899,40.83969],[-73.90893,40.83943],[-73.90889,40.83917],[-73.90888,40.8389],[-73.90888,40.83864],[-73.90891,40.83838],[-73.90895,40.83816],[-73.90902,40.83794],[-73.9091,40.83773],[-73.9092,40.83753],[-73.90927,40.83741],[-73.90932,40.83733],[-73.90938,40.83726],[-73.90945,40.8372],[-73.90954,40.83716],[-73.90963,40.83713],[-73.90916,40.83696],[-73.90814,40.83715],[-73.90808,40.83717],[-73.90803,40.83719],[-73.90798,40.83721],[-73.90793,40.83724],[-73.90788,40.83727],[-73.90785,40.83731],[-73.90763,40.83757],[-73.90756,40.83765],[-73.90748,40.83773],[-73.9074,40.8378],[-73.90731,40.83787],[-73.9072,40.83794],[-73.90709,40.83801],[-73.90699,40.83809],[-73.90689,40.83817],[-73.90681,40.83826],[-73.90672,40.83835],[-73.90665,40.83844],[-73.90658,40.83854],[-73.90649,40.83866],[-73.90581,40.8395],[-73.90578,40.83958],[-73.90575,40.83965],[-73.90571,40.83972],[-73.90567,40.83974],[-73.90564,40.83976],[-73.9056,40.83977],[-73.90555,40.83978],[-73.90551,40.83979],[-73.90547,40.83978],[-73.90542,40.83978],[-73.90538,40.83977],[-73.90598,40.83851],[-73.90625,40.83807],[-73.90636,40.8379],[-73.90646,40.83773],[-73.90652,40.83764],[-73.90668,40.83738],[-73.9068,40.8372],[-73.9069,40.83703],[-73.90698,40.83691],[-73.90714,40.83665],[-73.90721,40.83653],[-73.90727,40.83644],[-73.90733,40.83634],[-73.9074,40.83623],[-73.90757,40.83593],[-73.90763,40.83583],[-73.90772,40.83567],[-73.90783,40.83547],[-73.90797,40.83522],[-73.90811,40.83497],[-73.90824,40.83474],[-73.90838,40.8345],[-73.90852,40.83424],[-73.90858,40.83414],[-73.90869,40.83394],[-73.9091,40.83404],[-73.90937,40.83414],[-73.90936,40.83416],[-73.9094,40.83417],[-73.90942,40.83413],[-73.90946,40.83414],[-73.90944,40.83418],[-73.90949,40.83419],[-73.9095,40.83417],[-73.90957,40.83419],[-73.91034,40.83443],[-73.9112,40.83472],[-73.91206,40.83501],[-73.9129,40.8353],[-73.91379,40.8356],[-73.91482,40.83599],[-73.91568,40.83632],[-73.91587,40.83639],[-73.91647,40.83578],[-73.91667,40.83585],[-73.91743,40.83611],[-73.91841,40.83644],[-73.91948,40.8368],[-73.92048,40.83714],[-73.92002,40.83766],[-73.92037,40.83743],[-73.92072,40.8372],[-73.92188,40.83643],[-73.92237,40.83611],[-73.92236,40.83623],[-73.92236,40.83626],[-73.92233,40.83661],[-73.92224,40.83785],[-73.92219,40.83801],[-73.92211,40.83817],[-73.92202,40.83833],[-73.9219,40.83847],[-73.92164,40.83889],[-73.92153,40.83906],[-73.92145,40.83924],[-73.92138,40.83943],[-73.92134,40.83962],[-73.92131,40.83981],[-73.92131,40.83981],[-73.92131,40.83981],[-73.92132,40.8399],[-73.92133,40.84],[-73.92136,40.8401],[-73.92141,40.8402],[-73.92146,40.84029],[-73.9215,40.84035],[-73.92195,40.84104],[-73.92244,40.84182],[-73.92282,40.84275],[-73.92275,40.84285],[-73.92281,40.84304],[-73.92285,40.84324],[-73.92286,40.84344],[-73.92286,40.84364],[-73.92284,40.84384],[-73.9228,40.84398],[-73.92279,40.84404],[-73.92273,40.84423],[-73.92286,40.84427],[-73.92274,40.84455],[-73.92265,40.84475],[-73.9225,40.84475],[-73.92243,40.84475],[-73.92154,40.84481],[-73.92052,40.84488],[-73.92047,40.84489],[-73.9197,40.84492],[-73.91941,40.84494],[-73.91935,40.84495],[-73.91877,40.84498],[-73.91861,40.84499],[-73.91839,40.845],[-73.91732,40.84506],[-73.91684,40.84507],[-73.9167,40.84507],[-73.9156,40.8451],[-73.9148,40.84512],[-73.91478,40.84512],[-73.91419,40.84513],[-73.9138,40.84513],[-73.91351,40.84514],[-73.91338,40.84514],[-73.91325,40.84514],[-73.91286,40.84513],[-73.9126,40.84513],[-73.91198,40.84511],[-73.91143,40.84511],[-73.91131,40.8451],[-73.91108,40.8451],[-73.91094,40.84509],[-73.91085,40.84509],[-73.91028,40.84506],[-73.90936,40.84501],[-73.90903,40.845],[-73.90845,40.84497],[-73.90755,40.84492],[-73.90711,40.8449],[-73.90665,40.84488],[-73.90612,40.84484],[-73.90551,40.8448],[-73.9052,40.84478],[-73.90483,40.84475]]]]}},{"type":"Feature","properties":{"ntaname":"Yankee Stadium-Macombs Dam Park","nta2020":"BX0491","ntatype":"9"},"geometry":{"type":"MultiPolygon","coordinates":[[[[-73.92715,40.82572],[-73.92943,40.82648],[-73.92976,40.82658],[-73.92986,40.82671],[-73.93024,40.82687],[-73.9306,40.82702],[-73.93069,40.82706],[-73.93086,40.82804],[-73.93093,40.82825],[-73.93096,40.82834],[-73.93065,40.82842],[-73.93034,40.8285],[-73.93003,40.82859],[-73.92974,40.82869],[-73.92945,40.82881],[-73.92917,40.82894],[-73.92889,40.8291],[-73.92876,40.82919],[-73.92861,40.82928],[-73.92852,40.82934],[-73.9285,40.82935],[-73.92826,40.82953],[-73.92803,40.82972],[-73.92781,40.82992],[-73.92781,40.82992],[-73.92781,40.82992],[-73.92761,40.83013],[-73.92755,40.8302],[-73.92743,40.83034],[-73.92726,40.83056],[-73.92681,40.83104],[-73.92648,40.83136],[-73.92642,40.83142],[-73.92538,40.83263],[-73.92503,40.83327],[-73.92439,40.83448],[-73.92417,40.83484],[-73.92403,40.83506],[-73.92338,40.83545],[-73.92266,40.83592],[-73.92237,40.83611],[-73.92252,40.83572],[-73.92317,40.83456],[-73.92318,40.83455],[-73.92318,40.83454],[-73.92318,40.83453],[-73.92317,40.83452],[-73.92317,40.8345],[-73.92316,40.83449],[-73.92315,40.83448],[-73.92313,40.83448],[-73.92312,40.83447],[-73.9231,40.83447],[-73.92222,40.83416],[-73.92349,40.83197],[-73.92426,40.83068],[-73.92451,40.83027],[-73.92497,40.82952],[-73.92584,40.82797],[-73.92593,40.82781],[-73.92602,40.82765],[-73.92663,40.82661],[-73.92715,40.82572]]]]}},{"type":"Feature","properties":{"ntaname":"Claremont Park","nta2020":"BX0492","ntatype":"9"},"geometry":{"type":"MultiPolygon","coordinates":[[[[-73.90502,40.8424],[-73.90503,40.84226],[-73.90516,40.84101],[-73.90519,40.84088],[-73.90522,40.84074],[-73.90526,40.84061],[-73.90531,40.84048],[-73.90536,40.84035],[-73.90542,40.84022],[-73.90548,40.84009],[-73.90555,40.83997],[-73.90562,40.83984],[-73.90571,40.83972],[-73.90575,40.83965],[-73.90578,40.83958],[-73.90581,40.8395],[-73.90649,40.83866],[-73.90658,40.83854],[-73.90665,40.83844],[-73.90672,40.83835],[-73.90681,40.83826],[-73.90689,40.83817],[-73.90699,40.83809],[-73.90709,40.83801],[-73.9072,40.83794],[-73.90731,40.83787],[-73.9074,40.8378],[-73.90748,40.83773],[-73.90756,40.83765],[-73.90763,40.83757],[-73.90785,40.83731],[-73.90788,40.83727],[-73.90793,40.83724],[-73.90798,40.83721],[-73.90803,40.83719],[-73.90808,40.83717],[-73.90814,40.83715],[-73.90916,40.83696],[-73.90963,40.83713],[-73.90954,40.83716],[-73.90945,40.8372],[-73.90938,40.83726],[-73.90932,40.83733],[-73.90927,40.83741],[-73.9092,40.83753],[-73.9091,40.83773],[-73.90902,40.83794],[-73.90895,40.83816],[-73.90891,40.83838],[-73.90888,40.83864],[-73.90888,40.8389],[-73.90889,40.83917],[-73.90893,40.83943],[-73.90899,40.83969],[-73.90906,40.83995],[-73.90912,40.84017],[-73.90939,40.84125],[-73.90962,40.84211],[-73.90959,40.84276],[-73.90956,40.84292],[-73.90953,40.84306],[-73.90862,40.84302],[-73.90864,40.84288],[-73.90866,40.84272],[-73.90788,40.8427],[-73.90774,40.8427],[-73.90685,40.84267],[-73.90596,40.84263],[-73.90587,40.84258],[-73.90515,40.84255],[-73.90502,40.8424]]]]}},{"type":"Feature","properties":{"ntaname":"University Heights (South)-Morris Heights","nta2020":"BX0501","ntatype":"0"},"geometry":{"type":"MultiPolygon","coordinates":[[[[-73.90487,40.85869],[-73.90526,40.85805],[-73.90536,40.85789],[-73.90541,40.8578],[-73.90566,40.8574],[-73.90523,40.85725],[-73.90513,40.85722],[-73.90468,40.85706],[-73.90509,40.85641],[-73.90522,40.8562],[-73.90557,40.85579],[-73.90733,40.85382],[-73.90842,40.85264],[-73.90922,40.8518],[-73.91058,40.85018],[-73.91069,40.85002],[-73.91112,40.84942],[-73.91168,40.84864],[-73.91197,40.84823],[-73.91236,40.84768],[-73.91306,40.84671],[-73.91315,40.84658],[-73.91346,40.84615],[-73.91361,40.84594],[-73.91375,40.84574],[-73.91398,40.84543],[-73.91413,40.84523],[-73.91416,40.84518],[-73.91419,40.84513],[-73.91478,40.84512],[-73.9148,40.84512],[-73.9156,40.8451],[-73.9167,40.84507],[-73.91684,40.84507],[-73.91732,40.84506],[-73.91839,40.845],[-73.91861,40.84499],[-73.91877,40.84498],[-73.91935,40.84495],[-73.91941,40.84494],[-73.9197,40.84492],[-73.92047,40.84489],[-73.92052,40.84488],[-73.92154,40.84481],[-73.92243,40.84475],[-73.9225,40.84475],[-73.92265,40.84475],[-73.92274,40.84455],[-73.92286,40.84427],[-73.92295,40.84429],[-73.92321,40.84437],[-73.9233,40.84439],[-73.92339,40.84442],[-73.92346,40.84445],[-73.92352,40.84448],[-73.92358,40.84452],[-73.92368,40.84458],[-73.92382,40.8447],[-73.92388,40.84474],[-73.92393,40.84479],[-73.924,40.84479],[-73.92431,40.8448],[-73.92475,40.8448],[-73.92511,40.84484],[-73.92514,40.84484],[-73.92525,40.84485],[-73.92564,40.8449],[-73.92593,40.84495],[-73.92618,40.845],[-73.92646,40.84506],[-73.92659,40.84509],[-73.92666,40.84511],[-73.92668,40.84511],[-73.92675,40.84512],[-73.92693,40.84517],[-73.92704,40.8452],[-73.92737,40.84528],[-73.92774,40.84538],[-73.9279,40.84542],[-73.92799,40.84545],[-73.92805,40.84546],[-73.92787,40.8456],[-73.92767,40.84603],[-73.92763,40.84602],[-73.92759,40.84605],[-73.92755,40.84609],[-73.92746,40.84619],[-73.92742,40.84626],[-73.92739,40.84634],[-73.92737,40.84641],[-73.92736,40.84642],[-73.92734,40.84646],[-73.9273,40.84651],[-73.92728,40.84655],[-73.92722,40.84659],[-73.92716,40.84665],[-73.92702,40.84682],[-73.92694,40.84692],[-73.92688,40.84704],[-73.92688,40.8471],[-73.92686,40.84719],[-73.92685,40.84722],[-73.92683,40.84729],[-73.92677,40.84733],[-73.92676,40.84734],[-73.9267,40.84735],[-73.92663,40.84739],[-73.92657,40.84751],[-73.92652,40.84756],[-73.92646,40.84765],[-73.92641,40.84773],[-73.9263,40.84787],[-73.92619,40.84796],[-73.92611,40.84802],[-73.92603,40.84807],[-73.92598,40.84816],[-73.92594,40.84827],[-73.92586,40.84836],[-73.92577,40.84842],[-73.92522,40.84908],[-73.92465,40.84979],[-73.92445,40.85009],[-73.92422,40.85057],[-73.92409,40.85074],[-73.92385,40.85118],[-73.92395,40.85122],[-73.92352,40.85184],[-73.92332,40.85213],[-73.92256,40.85319],[-73.92174,40.85422],[-73.92154,40.85412],[-73.92134,40.85432],[-73.92149,40.85449],[-73.92152,40.85451],[-73.9208,40.85538],[-73.92037,40.85517],[-73.9203,40.85525],[-73.92057,40.85551],[-73.92055,40.85562],[-73.92053,40.85569],[-73.92044,40.85575],[-73.92035,40.85579],[-73.92029,40.85585],[-73.92031,40.85593],[-73.92002,40.85627],[-73.91957,40.85684],[-73.91902,40.8574],[-73.91891,40.85727],[-73.91804,40.85705],[-73.91788,40.85701],[-73.91753,40.8569],[-73.91741,40.85705],[-73.91742,40.85686],[-73.91737,40.85675],[-73.91745,40.85638],[-73.91745,40.85629],[-73.91743,40.85621],[-73.9174,40.85612],[-73.91734,40.85604],[-73.91727,40.85598],[-73.91719,40.85592],[-73.91721,40.85684],[-73.91715,40.857],[-73.91708,40.85717],[-73.91701,40.85733],[-73.91693,40.85749],[-73.91685,40.85765],[-73.91676,40.85781],[-73.91667,40.85796],[-73.91657,40.85811],[-73.91616,40.85878],[-73.91508,40.85919],[-73.91543,40.85873],[-73.91328,40.85962],[-73.91178,40.85909],[-73.91088,40.85878],[-73.91072,40.85871],[-73.91057,40.85862],[-73.91043,40.85852],[-73.91031,40.85841],[-73.91021,40.85829],[-73.90987,40.85767],[-73.90967,40.85748],[-73.90777,40.85961],[-73.90726,40.85935],[-73.90707,40.85936],[-73.9068,40.85937],[-73.90615,40.85914],[-73.90587,40.85905],[-73.90572,40.85899],[-73.90487,40.85869]]]]}},{"type":"Feature","properties":{"ntaname":"Mount Hope","nta2020":"BX0502","ntatype":"0"},"geometry":{"type":"MultiPolygon","coordinates":[[[[-73.89644,40.85491],[-73.89561,40.85457],[-73.89662,40.85279],[-73.89709,40.85197],[-73.89809,40.85021],[-73.89813,40.85013],[-73.89889,40.84882],[-73.89967,40.84744],[-73.9002,40.84647],[-73.90089,40.84524],[-73.90108,40.8449],[-73.90127,40.84456],[-73.90132,40.84447],[-73.90158,40.8445],[-73.90266,40.84463],[-73.90337,40.8447],[-73.90346,40.84471],[-73.90409,40.84477],[-73.90483,40.84484],[-73.90483,40.8448],[-73.90483,40.84475],[-73.9052,40.84478],[-73.90551,40.8448],[-73.90612,40.84484],[-73.90665,40.84488],[-73.90711,40.8449],[-73.90755,40.84492],[-73.90845,40.84497],[-73.90903,40.845],[-73.90936,40.84501],[-73.91028,40.84506],[-73.91085,40.84509],[-73.91094,40.84509],[-73.91108,40.8451],[-73.91131,40.8451],[-73.91143,40.84511],[-73.91198,40.84511],[-73.9126,40.84513],[-73.91286,40.84513],[-73.91325,40.84514],[-73.91338,40.84514],[-73.91351,40.84514],[-73.9138,40.84513],[-73.91419,40.84513],[-73.91416,40.84518],[-73.91413,40.84523],[-73.91398,40.84543],[-73.91375,40.84574],[-73.91361,40.84594],[-73.91346,40.84615],[-73.91315,40.84658],[-73.91306,40.84671],[-73.91236,40.84768],[-73.91197,40.84823],[-73.91168,40.84864],[-73.91112,40.84942],[-73.91069,40.85002],[-73.91058,40.85018],[-73.90922,40.8518],[-73.90842,40.85264],[-73.90733,40.85382],[-73.90557,40.85579],[-73.90473,40.85537],[-73.90396,40.85496],[-73.90299,40.85477],[-73.90208,40.85462],[-73.90186,40.85459],[-73.90154,40.85499],[-73.9013,40.8553],[-73.90117,40.8555],[-73.90086,40.85594],[-73.90085,40.85594],[-73.90078,40.85605],[-73.9006,40.85599],[-73.89967,40.85567],[-73.89878,40.85536],[-73.89817,40.85515],[-73.89864,40.85391],[-73.89831,40.85406],[-73.8971,40.85517],[-73.89644,40.85491]]]]}},{"type":"Feature","properties":{"ntaname":"Fordham Heights","nta2020":"BX0503","ntatype":"0"},"geometry":{"type":"MultiPolygon","coordinates":[[[[-73.89177,40.86187],[-73.89138,40.8617],[-73.89142,40.86166],[-73.89256,40.86052],[-73.89322,40.85987],[-73.89381,40.85899],[-73.89395,40.85878],[-73.89526,40.85674],[-73.8954,40.85653],[-73.89553,40.85632],[-73.89558,40.85625],[-73.89576,40.85598],[-73.89601,40.8556],[-73.89606,40.85552],[-73.89644,40.85491],[-73.8971,40.85517],[-73.89831,40.85406],[-73.89864,40.85391],[-73.89817,40.85515],[-73.89878,40.85536],[-73.89967,40.85567],[-73.9006,40.85599],[-73.90078,40.85605],[-73.90085,40.85594],[-73.90086,40.85594],[-73.90117,40.8555],[-73.9013,40.8553],[-73.90154,40.85499],[-73.90186,40.85459],[-73.90208,40.85462],[-73.90299,40.85477],[-73.90396,40.85496],[-73.90473,40.85537],[-73.90557,40.85579],[-73.90522,40.8562],[-73.90509,40.85641],[-73.90468,40.85706],[-73.90513,40.85722],[-73.90523,40.85725],[-73.90566,40.8574],[-73.90541,40.8578],[-73.90536,40.85789],[-73.90526,40.85805],[-73.90487,40.85869],[-73.90447,40.85934],[-73.90408,40.85999],[-73.90351,40.86092],[-73.90254,40.86058],[-73.90234,40.86095],[-73.90212,40.86133],[-73.90188,40.86169],[-73.90163,40.86205],[-73.90136,40.86241],[-73.90108,40.86276],[-73.90028,40.86247],[-73.89996,40.86235],[-73.89964,40.86221],[-73.89944,40.86212],[-73.89841,40.8623],[-73.89798,40.8624],[-73.89737,40.86243],[-73.89728,40.86244],[-73.89714,40.86245],[-73.89698,40.86244],[-73.89694,40.86244],[-73.89588,40.86226],[-73.89482,40.86207],[-73.89372,40.86194],[-73.89356,40.86193],[-73.89285,40.86183],[-73.89207,40.86186],[-73.89198,40.86186],[-73.89177,40.86187]]]]}},{"type":"Feature","properties":{"ntaname":"West Farms","nta2020":"BX0601","ntatype":"0"},"geometry":{"type":"MultiPolygon","coordinates":[[[[-73.87283,40.83975],[-73.87293,40.83934],[-73.87303,40.83895],[-73.87319,40.83831],[-73.87321,40.83825],[-73.87323,40.83816],[-73.8733,40.83793],[-73.87338,40.83766],[-73.87341,40.8376],[-73.87359,40.83709],[-73.87366,40.8369],[-73.8737,40.83682],[-73.87378,40.83657],[-73.87379,40.83653],[-73.87382,40.8364],[-73.87384,40.83636],[-73.87384,40.83633],[-73.87392,40.83603],[-73.87393,40.83601],[-73.87393,40.83599],[-73.87402,40.83599],[-73.87523,40.83609],[-73.8759,40.83615],[-73.87594,40.83615],[-73.87624,40.83618],[-73.87649,40.83619],[-73.87673,40.83621],[-73.87699,40.8361],[-73.87728,40.83597],[-73.87735,40.83593],[-73.87748,40.83586],[-73.8776,40.8358],[-73.87772,40.83573],[-73.87783,40.83565],[-73.87795,40.83558],[-73.87801,40.83553],[-73.87809,40.83548],[-73.87838,40.83526],[-73.87866,40.83503],[-73.87893,40.83478],[-73.87906,40.83464],[-73.87917,40.83453],[-73.87925,40.83442],[-73.8794,40.83447],[-73.87974,40.83459],[-73.88005,40.8347],[-73.88032,40.8348],[-73.88114,40.83508],[-73.88124,40.83512],[-73.88133,40.83515],[-73.88144,40.83519],[-73.88183,40.83531],[-73.8819,40.83534],[-73.88199,40.83537],[-73.88207,40.83539],[-73.88223,40.83545],[-73.88222,40.83548],[-73.88218,40.83557],[-73.88214,40.83566],[-73.88211,40.83576],[-73.88208,40.83585],[-73.88207,40.83595],[-73.88206,40.83605],[-73.88205,40.83614],[-73.88206,40.83624],[-73.88207,40.83634],[-73.88209,40.83644],[-73.88211,40.83655],[-73.88213,40.83666],[-73.88214,40.83678],[-73.88214,40.83689],[-73.88213,40.837],[-73.88212,40.8371],[-73.8821,40.83719],[-73.88207,40.83728],[-73.88204,40.83737],[-73.88201,40.83744],[-73.88204,40.83752],[-73.88208,40.83768],[-73.88214,40.83783],[-73.88222,40.83797],[-73.88223,40.83799],[-73.88229,40.83808],[-73.88237,40.83817],[-73.88246,40.83825],[-73.88285,40.8385],[-73.8828,40.83855],[-73.88275,40.83859],[-73.88271,40.83863],[-73.88274,40.83864],[-73.88294,40.83876],[-73.88347,40.83906],[-73.88352,40.83902],[-73.88356,40.83899],[-73.88395,40.83921],[-73.88418,40.83934],[-73.88435,40.83928],[-73.88465,40.83917],[-73.88583,40.8399],[-73.88618,40.84011],[-73.88612,40.84042],[-73.88611,40.84047],[-73.8861,40.84053],[-73.88596,40.84119],[-73.88582,40.84193],[-73.88566,40.84271],[-73.88545,40.84377],[-73.8853,40.84457],[-73.8852,40.84498],[-73.88513,40.84512],[-73.88505,40.84525],[-73.88497,40.84538],[-73.88488,40.8455],[-73.88478,40.84563],[-73.88468,40.84575],[-73.88458,40.84587],[-73.88447,40.84599],[-73.88379,40.84678],[-73.88365,40.84697],[-73.88352,40.84717],[-73.8834,40.84737],[-73.88331,40.84758],[-73.88323,40.84779],[-73.88316,40.84801],[-73.88312,40.84822],[-73.88284,40.84782],[-73.882,40.84724],[-73.88106,40.84659],[-73.88048,40.84619],[-73.87919,40.84532],[-73.87801,40.84448],[-73.87734,40.84399],[-73.87818,40.84262],[-73.87757,40.84248],[-73.87694,40.84234],[-73.87687,40.84232],[-73.8768,40.8423],[-73.87608,40.84206],[-73.87459,40.84152],[-73.87427,40.84214],[-73.87401,40.84254],[-73.87311,40.84325],[-73.87217,40.84367],[-73.87215,40.84368],[-73.87213,40.84369],[-73.87211,40.8437],[-73.8721,40.84371],[-73.87208,40.84373],[-73.87208,40.84375],[-73.87208,40.84377],[-73.87208,40.84379],[-73.87205,40.84391],[-73.87202,40.84404],[-73.87198,40.84416],[-73.87195,40.84422],[-73.87193,40.84428],[-73.87192,40.84434],[-73.87192,40.84438],[-73.8719,40.84443],[-73.87188,40.84447],[-73.87185,40.8445],[-73.87182,40.84454],[-73.8718,40.84455],[-73.87177,40.84457],[-73.87175,40.84458],[-73.87172,40.84459],[-73.8717,40.84459],[-73.87169,40.84459],[-73.87167,40.84459],[-73.87165,40.84459],[-73.87161,40.84459],[-73.87147,40.84459],[-73.87143,40.84459],[-73.87139,40.8446],[-73.87136,40.84461],[-73.87132,40.84463],[-73.87129,40.84465],[-73.87127,40.84467],[-73.87125,40.8447],[-73.87121,40.84474],[-73.87117,40.84478],[-73.87114,40.84482],[-73.87112,40.84487],[-73.8711,40.84492],[-73.87106,40.84528],[-73.87106,40.84534],[-73.87106,40.84539],[-73.87108,40.84545],[-73.8711,40.84551],[-73.87104,40.84582],[-73.87103,40.84586],[-73.87101,40.8459],[-73.87099,40.84594],[-73.87096,40.84598],[-73.87092,40.84601],[-73.87088,40.84604],[-73.87083,40.84606],[-73.87076,40.84609],[-73.8707,40.84613],[-73.87064,40.84617],[-73.87059,40.84621],[-73.87054,40.84626],[-73.8705,40.84631],[-73.87047,40.84636],[-73.87044,40.84642],[-73.87042,40.84646],[-73.87039,40.84647],[-73.87037,40.84649],[-73.87036,40.8465],[-73.87035,40.84652],[-73.87034,40.84654],[-73.87034,40.84656],[-73.87034,40.84658],[-73.87034,40.8466],[-73.87036,40.84662],[-73.87019,40.84658],[-73.87015,40.84657],[-73.87011,40.84656],[-73.87006,40.84656],[-73.87002,40.84656],[-73.86998,40.84657],[-73.86994,40.84658],[-73.86991,40.8466],[-73.86987,40.84662],[-73.86946,40.84738],[-73.86942,40.84751],[-73.86889,40.84811],[-73.86956,40.84802],[-73.86952,40.84869],[-73.86921,40.84924],[-73.86837,40.84897],[-73.86786,40.84886],[-73.86801,40.8483],[-73.86835,40.84708],[-73.86844,40.84705],[-73.86893,40.84688],[-73.86883,40.84674],[-73.86875,40.84658],[-73.86875,40.84658],[-73.86875,40.84658],[-73.8687,40.84642],[-73.8687,40.84642],[-73.8687,40.84642],[-73.86866,40.84626],[-73.86866,40.84626],[-73.86866,40.84626],[-73.86865,40.84609],[-73.86865,40.84609],[-73.86865,40.84609],[-73.86866,40.84593],[-73.86866,40.84593],[-73.86866,40.84593],[-73.86869,40.84577],[-73.86874,40.84561],[-73.86864,40.84531],[-73.86804,40.84481],[-73.86889,40.84441],[-73.8696,40.84398],[-73.8703,40.84355],[-73.871,40.84311],[-73.87153,40.84251],[-73.87223,40.84164],[-73.8723,40.84158],[-73.87236,40.84148],[-73.87245,40.84134],[-73.87282,40.84087],[-73.87327,40.84022],[-73.8736,40.8398],[-73.87283,40.83975]]]]}},{"type":"Feature","properties":{"ntaname":"Tremont","nta2020":"BX0602","ntatype":"0"},"geometry":{"type":"MultiPolygon","coordinates":[[[[-73.88312,40.84822],[-73.88316,40.84801],[-73.88323,40.84779],[-73.88331,40.84758],[-73.8834,40.84737],[-73.88352,40.84717],[-73.88365,40.84697],[-73.88379,40.84678],[-73.88447,40.84599],[-73.88458,40.84587],[-73.88468,40.84575],[-73.88478,40.84563],[-73.88488,40.8455],[-73.88497,40.84538],[-73.88505,40.84525],[-73.88513,40.84512],[-73.8852,40.84498],[-73.8853,40.84457],[-73.88545,40.84377],[-73.88566,40.84271],[-73.88582,40.84193],[-73.88596,40.84119],[-73.8861,40.84053],[-73.88611,40.84047],[-73.88612,40.84042],[-73.88618,40.84011],[-73.8866,40.83928],[-73.88754,40.83964],[-73.88814,40.83986],[-73.88869,40.83916],[-73.88942,40.83942],[-73.89017,40.83987],[-73.89217,40.84105],[-73.89317,40.84164],[-73.8941,40.84219],[-73.89485,40.84263],[-73.89494,40.84268],[-73.89501,40.84273],[-73.8951,40.84277],[-73.89528,40.84288],[-73.89538,40.84294],[-73.89485,40.84365],[-73.89482,40.84368],[-73.89479,40.84372],[-73.89527,40.84377],[-73.89555,40.8438],[-73.89595,40.84385],[-73.89657,40.84392],[-73.8975,40.84403],[-73.89782,40.84407],[-73.89854,40.84415],[-73.89962,40.84427],[-73.8997,40.84428],[-73.90092,40.84443],[-73.90114,40.84445],[-73.90132,40.84447],[-73.90127,40.84456],[-73.90108,40.8449],[-73.90089,40.84524],[-73.9002,40.84647],[-73.89967,40.84744],[-73.89889,40.84882],[-73.89813,40.85013],[-73.89809,40.85021],[-73.89709,40.85197],[-73.89662,40.85279],[-73.89561,40.85457],[-73.89545,40.85452],[-73.89534,40.8547],[-73.89515,40.85463],[-73.894,40.85425],[-73.89421,40.85385],[-73.89371,40.8536],[-73.89307,40.85325],[-73.89217,40.85277],[-73.8909,40.85412],[-73.89069,40.85435],[-73.89039,40.85469],[-73.89003,40.85422],[-73.88961,40.85362],[-73.88963,40.85317],[-73.8899,40.85266],[-73.88988,40.85222],[-73.88997,40.8521],[-73.88963,40.85189],[-73.88952,40.8518],[-73.88895,40.85144],[-73.88878,40.85134],[-73.88824,40.85104],[-73.88801,40.85098],[-73.88771,40.85096],[-73.88736,40.85087],[-73.88643,40.85031],[-73.88581,40.84993],[-73.88536,40.84965],[-73.8853,40.84962],[-73.88521,40.84956],[-73.8848,40.84931],[-73.88443,40.84908],[-73.88378,40.84868],[-73.88323,40.84835],[-73.88312,40.84822]]]]}},{"type":"Feature","properties":{"ntaname":"Belmont","nta2020":"BX0603","ntatype":"0"},"geometry":{"type":"MultiPolygon","coordinates":[[[[-73.88309,40.8666],[-73.88299,40.86646],[-73.88272,40.86613],[-73.88268,40.86609],[-73.88274,40.86605],[-73.8832,40.86577],[-73.88344,40.86562],[-73.88356,40.86553],[-73.88367,40.86543],[-73.88377,40.86531],[-73.88384,40.8652],[-73.88385,40.86519],[-73.88394,40.86495],[-73.88397,40.86482],[-73.88398,40.86468],[-73.88396,40.86455],[-73.88392,40.86442],[-73.88387,40.86429],[-73.88379,40.86417],[-73.88379,40.86417],[-73.88201,40.86205],[-73.88193,40.86209],[-73.88095,40.86134],[-73.88084,40.86124],[-73.88074,40.86113],[-73.88066,40.86101],[-73.88059,40.86088],[-73.88054,40.86075],[-73.88051,40.86061],[-73.88051,40.86048],[-73.88052,40.86035],[-73.88061,40.86036],[-73.88077,40.85942],[-73.88097,40.85855],[-73.88099,40.85846],[-73.88101,40.85827],[-73.881,40.85808],[-73.88098,40.85788],[-73.88094,40.85769],[-73.88094,40.85769],[-73.88094,40.85769],[-73.88088,40.85751],[-73.88086,40.8574],[-73.88081,40.8572],[-73.88079,40.85713],[-73.88077,40.85704],[-73.88076,40.85695],[-73.88074,40.85689],[-73.88073,40.85681],[-73.88073,40.85668],[-73.88103,40.8556],[-73.88167,40.85335],[-73.88199,40.85225],[-73.882,40.85219],[-73.88214,40.8517],[-73.88232,40.85106],[-73.88238,40.85086],[-73.88256,40.85022],[-73.88285,40.84919],[-73.88288,40.84907],[-73.88312,40.84822],[-73.88323,40.84835],[-73.88378,40.84868],[-73.88443,40.84908],[-73.8848,40.84931],[-73.88521,40.84956],[-73.8853,40.84962],[-73.88536,40.84965],[-73.88581,40.84993],[-73.88643,40.85031],[-73.88736,40.85087],[-73.88771,40.85096],[-73.88801,40.85098],[-73.88824,40.85104],[-73.88878,40.85134],[-73.88895,40.85144],[-73.88952,40.8518],[-73.88963,40.85189],[-73.88997,40.8521],[-73.88988,40.85222],[-73.8899,40.85266],[-73.88963,40.85317],[-73.88961,40.85362],[-73.89003,40.85422],[-73.89039,40.85469],[-73.89069,40.85435],[-73.8909,40.85412],[-73.89217,40.85277],[-73.89307,40.85325],[-73.89371,40.8536],[-73.89421,40.85385],[-73.894,40.85425],[-73.89515,40.85463],[-73.89534,40.8547],[-73.89545,40.85452],[-73.89561,40.85457],[-73.89644,40.85491],[-73.89606,40.85552],[-73.89601,40.8556],[-73.89576,40.85598],[-73.89558,40.85625],[-73.89553,40.85632],[-73.8954,40.85653],[-73.89526,40.85674],[-73.89395,40.85878],[-73.89381,40.85899],[-73.89322,40.85987],[-73.89256,40.86052],[-73.89142,40.86166],[-73.89138,40.8617],[-73.89177,40.86187],[-73.89173,40.86191],[-73.89115,40.86248],[-73.89065,40.86295],[-73.89016,40.86348],[-73.8889,40.86475],[-73.88812,40.86425],[-73.88683,40.86539],[-73.88594,40.86592],[-73.88514,40.86638],[-73.88443,40.8668],[-73.88363,40.86726],[-73.88321,40.86675],[-73.88309,40.8666]]]]}},{"type":"Feature","properties":{"ntaname":"University Heights (North)-Fordham","nta2020":"BX0701","ntatype":"0"},"geometry":{"type":"MultiPolygon","coordinates":[[[[-73.90615,40.87326],[-73.90608,40.87324],[-73.90602,40.87323],[-73.90591,40.8732],[-73.90587,40.87318],[-73.90571,40.87314],[-73.90468,40.87262],[-73.90459,40.87256],[-73.90459,40.87256],[-73.90459,40.87256],[-73.90452,40.8725],[-73.90452,40.8725],[-73.90452,40.8725],[-73.90447,40.87242],[-73.90447,40.87242],[-73.90447,40.87242],[-73.90444,40.87233],[-73.90444,40.87233],[-73.90444,40.87233],[-73.90443,40.87225],[-73.90449,40.87058],[-73.90442,40.87036],[-73.90404,40.86995],[-73.90375,40.8696],[-73.90319,40.86915],[-73.90236,40.8687],[-73.90215,40.86861],[-73.90194,40.86853],[-73.90173,40.86846],[-73.90151,40.8684],[-73.90129,40.86834],[-73.90107,40.86828],[-73.89997,40.86802],[-73.89942,40.86788],[-73.89965,40.86855],[-73.8996,40.86873],[-73.89953,40.8689],[-73.89945,40.86907],[-73.89934,40.86923],[-73.89921,40.86938],[-73.89907,40.86953],[-73.89892,40.86966],[-73.89656,40.86857],[-73.8974,40.86747],[-73.89631,40.86704],[-73.89544,40.8666],[-73.89536,40.86656],[-73.89453,40.86614],[-73.89438,40.86607],[-73.89422,40.86599],[-73.89412,40.86594],[-73.89403,40.86588],[-73.89394,40.86582],[-73.89386,40.86575],[-73.8938,40.8656],[-73.89375,40.86545],[-73.89372,40.86529],[-73.89362,40.86533],[-73.89347,40.86538],[-73.89323,40.86527],[-73.89276,40.86502],[-73.89213,40.86463],[-73.89131,40.86413],[-73.89016,40.86348],[-73.89065,40.86295],[-73.89115,40.86248],[-73.89173,40.86191],[-73.89177,40.86187],[-73.89198,40.86186],[-73.89207,40.86186],[-73.89285,40.86183],[-73.89356,40.86193],[-73.89372,40.86194],[-73.89482,40.86207],[-73.89588,40.86226],[-73.89694,40.86244],[-73.89698,40.86244],[-73.89714,40.86245],[-73.89728,40.86244],[-73.89737,40.86243],[-73.89798,40.8624],[-73.89841,40.8623],[-73.89944,40.86212],[-73.89964,40.86221],[-73.89996,40.86235],[-73.90028,40.86247],[-73.90108,40.86276],[-73.90136,40.86241],[-73.90163,40.86205],[-73.90188,40.86169],[-73.90212,40.86133],[-73.90234,40.86095],[-73.90254,40.86058],[-73.90351,40.86092],[-73.90408,40.85999],[-73.90447,40.85934],[-73.90487,40.85869],[-73.90572,40.85899],[-73.90587,40.85905],[-73.90615,40.85914],[-73.9068,40.85937],[-73.90707,40.85936],[-73.90726,40.85935],[-73.90777,40.85961],[-73.90967,40.85748],[-73.90987,40.85767],[-73.91021,40.85829],[-73.91031,40.85841],[-73.91043,40.85852],[-73.91057,40.85862],[-73.91072,40.85871],[-73.91088,40.85878],[-73.91178,40.85909],[-73.91328,40.85962],[-73.91543,40.85873],[-73.91508,40.85919],[-73.91616,40.85878],[-73.91657,40.85811],[-73.91667,40.85796],[-73.91676,40.85781],[-73.91685,40.85765],[-73.91693,40.85749],[-73.91701,40.85733],[-73.91708,40.85717],[-73.91715,40.857],[-73.91721,40.85684],[-73.91719,40.85592],[-73.91727,40.85598],[-73.91734,40.85604],[-73.9174,40.85612],[-73.91743,40.85621],[-73.91745,40.85629],[-73.91745,40.85638],[-73.91737,40.85675],[-73.91742,40.85686],[-73.91741,40.85705],[-73.91753,40.8569],[-73.91788,40.85701],[-73.91804,40.85705],[-73.91891,40.85727],[-73.91902,40.8574],[-73.91829,40.85816],[-73.91811,40.85831],[-73.91776,40.85871],[-73.91721,40.85893],[-73.91691,40.85927],[-73.91581,40.86047],[-73.91576,40.86064],[-73.91487,40.86169],[-73.91481,40.86171],[-73.91472,40.86185],[-73.91482,40.8619],[-73.91477,40.86195],[-73.91474,40.86193],[-73.9147,40.86195],[-73.91467,40.86198],[-73.91463,40.86202],[-73.91461,40.86205],[-73.91461,40.86207],[-73.91462,40.8621],[-73.91429,40.86243],[-73.91423,40.86249],[-73.91341,40.86337],[-73.91276,40.86303],[-73.91227,40.86363],[-73.91274,40.86389],[-73.91276,40.86388],[-73.9128,40.8639],[-73.91275,40.86395],[-73.91272,40.86393],[-73.91273,40.86391],[-73.91253,40.8638],[-73.91268,40.86402],[-73.91091,40.86594],[-73.91056,40.86642],[-73.91051,40.86645],[-73.91047,40.86649],[-73.91044,40.86653],[-73.91042,40.86657],[-73.9104,40.86661],[-73.91038,40.86665],[-73.91036,40.8667],[-73.91035,40.86674],[-73.91035,40.86679],[-73.91035,40.86683],[-73.91036,40.86688],[-73.91017,40.86719],[-73.90986,40.86794],[-73.90967,40.86842],[-73.9095,40.86883],[-73.90927,40.86955],[-73.90894,40.87102],[-73.90865,40.87139],[-73.90893,40.87216],[-73.90872,40.87223],[-73.90846,40.87262],[-73.90774,40.87285],[-73.90746,40.87355],[-73.9067,40.8734],[-73.90663,40.87338],[-73.90636,40.87332],[-73.90625,40.87329],[-73.90615,40.87326]]]]}},{"type":"Feature","properties":{"ntaname":"Bedford Park","nta2020":"BX0702","ntatype":"0"},"geometry":{"type":"MultiPolygon","coordinates":[[[[-73.88713,40.88282],[-73.88714,40.88274],[-73.88717,40.88258],[-73.88707,40.88248],[-73.88595,40.88051],[-73.88583,40.87991],[-73.88579,40.87962],[-73.88576,40.87931],[-73.88568,40.87887],[-73.88541,40.8791],[-73.88528,40.87922],[-73.88505,40.87889],[-73.88489,40.87861],[-73.88477,40.8784],[-73.8847,40.87827],[-73.88461,40.87812],[-73.88393,40.87695],[-73.88384,40.8768],[-73.88355,40.87625],[-73.8835,40.87616],[-73.88346,40.87606],[-73.88346,40.87606],[-73.88346,40.87606],[-73.88343,40.87595],[-73.88342,40.87585],[-73.88342,40.87574],[-73.88344,40.87538],[-73.88345,40.87479],[-73.88341,40.87416],[-73.8834,40.87395],[-73.88335,40.87376],[-73.88328,40.87357],[-73.88319,40.87339],[-73.88319,40.87339],[-73.88319,40.87339],[-73.88308,40.87322],[-73.88308,40.87322],[-73.88308,40.87322],[-73.88296,40.87305],[-73.88283,40.87292],[-73.88283,40.87292],[-73.88283,40.87292],[-73.88272,40.87277],[-73.88263,40.87262],[-73.88263,40.87262],[-73.88263,40.87262],[-73.88255,40.87246],[-73.88255,40.87246],[-73.88255,40.87246],[-73.8825,40.87229],[-73.8825,40.87229],[-73.8825,40.87229],[-73.88247,40.87213],[-73.88238,40.8718],[-73.88235,40.87169],[-73.88222,40.87123],[-73.88198,40.87039],[-73.88174,40.86955],[-73.88147,40.86857],[-73.88188,40.86832],[-73.88284,40.86774],[-73.88363,40.86726],[-73.88443,40.8668],[-73.88514,40.86638],[-73.88594,40.86592],[-73.88683,40.86539],[-73.88812,40.86425],[-73.8889,40.86475],[-73.89016,40.86348],[-73.89131,40.86413],[-73.89213,40.86463],[-73.89276,40.86502],[-73.89323,40.86527],[-73.89347,40.86538],[-73.89362,40.86533],[-73.89372,40.86529],[-73.89375,40.86545],[-73.8938,40.8656],[-73.89386,40.86575],[-73.89394,40.86582],[-73.89403,40.86588],[-73.89412,40.86594],[-73.89422,40.86599],[-73.89438,40.86607],[-73.89453,40.86614],[-73.89536,40.86656],[-73.89544,40.8666],[-73.89631,40.86704],[-73.8974,40.86747],[-73.89656,40.86857],[-73.89892,40.86966],[-73.89779,40.87086],[-73.8978,40.87167],[-73.89782,40.87196],[-73.89786,40.87225],[-73.89786,40.87225],[-73.89786,40.87225],[-73.89793,40.87254],[-73.89801,40.87283],[-73.89811,40.87311],[-73.89823,40.87339],[-73.89823,40.87339],[-73.89823,40.87339],[-73.89837,40.87366],[-73.89844,40.87376],[-73.89852,40.87385],[-73.89852,40.87385],[-73.89852,40.87385],[-73.89862,40.87393],[-73.89862,40.87393],[-73.89862,40.87393],[-73.89873,40.87401],[-73.89873,40.87401],[-73.89886,40.87407],[-73.89886,40.87407],[-73.89886,40.87407],[-73.899,40.87411],[-73.899,40.87411],[-73.899,40.87411],[-73.89915,40.87414],[-73.89915,40.87414],[-73.89915,40.87414],[-73.89929,40.87416],[-73.89929,40.87416],[-73.89929,40.87416],[-73.89943,40.87416],[-73.89957,40.87415],[-73.89957,40.87415],[-73.89957,40.87415],[-73.89972,40.87417],[-73.89972,40.87417],[-73.89972,40.87417],[-73.89986,40.8742],[-73.89986,40.8742],[-73.89986,40.8742],[-73.89999,40.87425],[-73.89999,40.87425],[-73.89999,40.87425],[-73.90011,40.87431],[-73.90011,40.87431],[-73.90011,40.87431],[-73.90022,40.87439],[-73.90022,40.87439],[-73.90022,40.87439],[-73.9003,40.87448],[-73.90036,40.87459],[-73.9004,40.87472],[-73.90043,40.87485],[-73.90043,40.87499],[-73.90042,40.87512],[-73.90038,40.87525],[-73.90033,40.87537],[-73.90026,40.87549],[-73.9001,40.87571],[-73.89981,40.8764],[-73.89958,40.87661],[-73.89939,40.87676],[-73.89939,40.87676],[-73.89939,40.87676],[-73.89921,40.87693],[-73.89921,40.87693],[-73.89921,40.87693],[-73.89905,40.87711],[-73.89905,40.87711],[-73.89905,40.87711],[-73.89891,40.87729],[-73.89891,40.87729],[-73.89879,40.87749],[-73.89827,40.87828],[-73.89813,40.87843],[-73.8977,40.87877],[-73.89751,40.87894],[-73.89751,40.87894],[-73.89751,40.87894],[-73.89733,40.87913],[-73.89717,40.87932],[-73.89717,40.87932],[-73.89717,40.87932],[-73.89703,40.87952],[-73.89703,40.87952],[-73.89703,40.87952],[-73.8969,40.87973],[-73.89678,40.87994],[-73.89678,40.87994],[-73.89678,40.87994],[-73.89669,40.88016],[-73.89657,40.88125],[-73.89638,40.88182],[-73.89619,40.88199],[-73.89598,40.88216],[-73.89576,40.88231],[-73.89553,40.88246],[-73.89529,40.88259],[-73.89503,40.88271],[-73.89477,40.88281],[-73.89468,40.88288],[-73.89458,40.88293],[-73.89446,40.88298],[-73.89433,40.88301],[-73.8942,40.88302],[-73.89406,40.88301],[-73.89393,40.88299],[-73.89381,40.88296],[-73.89371,40.88291],[-73.89362,40.88287],[-73.89354,40.88283],[-73.89344,40.8828],[-73.89335,40.88277],[-73.89325,40.88274],[-73.89315,40.88273],[-73.89305,40.88271],[-73.89295,40.8827],[-73.89285,40.8827],[-73.89275,40.8827],[-73.89256,40.88261],[-73.89248,40.88257],[-73.8924,40.88252],[-73.89231,40.88249],[-73.89222,40.88245],[-73.89212,40.88242],[-73.89203,40.8824],[-73.89193,40.88237],[-73.89183,40.88236],[-73.89173,40.88235],[-73.89163,40.88234],[-73.89038,40.88252],[-73.8886,40.88277],[-73.888,40.88284],[-73.88797,40.8829],[-73.88713,40.88282]]]]}},{"type":"Feature","properties":{"ntaname":"Norwood","nta2020":"BX0703","ntatype":"0"},"geometry":{"type":"MultiPolygon","coordinates":[[[[-73.87084,40.88045],[-73.87068,40.88046],[-73.87015,40.88035],[-73.87094,40.87851],[-73.87161,40.87692],[-73.87255,40.87518],[-73.87437,40.8727],[-73.87519,40.87158],[-73.87619,40.87048],[-73.87694,40.86995],[-73.87773,40.86956],[-73.87964,40.86851],[-73.87981,40.86842],[-73.87989,40.86837],[-73.88134,40.86759],[-73.88309,40.8666],[-73.88321,40.86675],[-73.88363,40.86726],[-73.88284,40.86774],[-73.88188,40.86832],[-73.88147,40.86857],[-73.88174,40.86955],[-73.88198,40.87039],[-73.88222,40.87123],[-73.88235,40.87169],[-73.88238,40.8718],[-73.88247,40.87213],[-73.8825,40.87229],[-73.8825,40.87229],[-73.8825,40.87229],[-73.88255,40.87246],[-73.88255,40.87246],[-73.88255,40.87246],[-73.88263,40.87262],[-73.88263,40.87262],[-73.88263,40.87262],[-73.88272,40.87277],[-73.88283,40.87292],[-73.88283,40.87292],[-73.88283,40.87292],[-73.88296,40.87305],[-73.88308,40.87322],[-73.88308,40.87322],[-73.88308,40.87322],[-73.88319,40.87339],[-73.88319,40.87339],[-73.88319,40.87339],[-73.88328,40.87357],[-73.88335,40.87376],[-73.8834,40.87395],[-73.88341,40.87416],[-73.88345,40.87479],[-73.88344,40.87538],[-73.88342,40.87574],[-73.88342,40.87585],[-73.88343,40.87595],[-73.88346,40.87606],[-73.88346,40.87606],[-73.88346,40.87606],[-73.8835,40.87616],[-73.88355,40.87625],[-73.88384,40.8768],[-73.88393,40.87695],[-73.88461,40.87812],[-73.8847,40.87827],[-73.88477,40.8784],[-73.88489,40.87861],[-73.88505,40.87889],[-73.88528,40.87922],[-73.88541,40.8791],[-73.88568,40.87887],[-73.88576,40.87931],[-73.88579,40.87962],[-73.88583,40.87991],[-73.88595,40.88051],[-73.88707,40.88248],[-73.88717,40.88258],[-73.88714,40.88274],[-73.88713,40.88282],[-73.88712,40.88306],[-73.8871,40.88383],[-73.88704,40.88404],[-73.88705,40.88424],[-73.88705,40.88435],[-73.88693,40.88436],[-73.88683,40.88434],[-73.88662,40.88427],[-73.88516,40.88363],[-73.88453,40.88331],[-73.88438,40.88325],[-73.88438,40.88325],[-73.88438,40.88325],[-73.88422,40.8832],[-73.88422,40.8832],[-73.88422,40.8832],[-73.88404,40.88317],[-73.88404,40.88316],[-73.88404,40.88316],[-73.88386,40.88315],[-73.88386,40.88315],[-73.88386,40.88315],[-73.88368,40.88316],[-73.88368,40.88316],[-73.88368,40.88316],[-73.88351,40.88318],[-73.88351,40.88318],[-73.88351,40.88318],[-73.88334,40.88323],[-73.88334,40.88323],[-73.88334,40.88323],[-73.88319,40.88328],[-73.88275,40.8834],[-73.88209,40.88313],[-73.88124,40.88271],[-73.87996,40.88439],[-73.87936,40.88522],[-73.87876,40.88604],[-73.87815,40.88687],[-73.87813,40.88691],[-73.87804,40.88712],[-73.87799,40.88705],[-73.87783,40.88677],[-73.87761,40.88452],[-73.87773,40.88345],[-73.87813,40.88215],[-73.87717,40.88199],[-73.87626,40.88183],[-73.87534,40.88167],[-73.8747,40.88155],[-73.87479,40.88008],[-73.87495,40.87995],[-73.87407,40.88004],[-73.87307,40.88013],[-73.87192,40.88024],[-73.87187,40.88033],[-73.87084,40.88045]]]]}},{"type":"Feature","properties":{"ntaname":"Kingsbridge Heights-Van Cortlandt Village","nta2020":"BX0801","ntatype":"0"},"geometry":{"type":"MultiPolygon","coordinates":[[[[-73.88705,40.88435],[-73.88705,40.88424],[-73.88704,40.88404],[-73.8871,40.88383],[-73.88712,40.88306],[-73.88713,40.88282],[-73.88797,40.8829],[-73.888,40.88284],[-73.8886,40.88277],[-73.89038,40.88252],[-73.89163,40.88234],[-73.89173,40.88235],[-73.89183,40.88236],[-73.89193,40.88237],[-73.89203,40.8824],[-73.89212,40.88242],[-73.89222,40.88245],[-73.89231,40.88249],[-73.8924,40.88252],[-73.89248,40.88257],[-73.89256,40.88261],[-73.89275,40.8827],[-73.89285,40.8827],[-73.89295,40.8827],[-73.89305,40.88271],[-73.89315,40.88273],[-73.89325,40.88274],[-73.89335,40.88277],[-73.89344,40.8828],[-73.89354,40.88283],[-73.89362,40.88287],[-73.89371,40.88291],[-73.89381,40.88296],[-73.89393,40.88299],[-73.89406,40.88301],[-73.8942,40.88302],[-73.89433,40.88301],[-73.89446,40.88298],[-73.89458,40.88293],[-73.89468,40.88288],[-73.89477,40.88281],[-73.89503,40.88271],[-73.89529,40.88259],[-73.89553,40.88246],[-73.89576,40.88231],[-73.89598,40.88216],[-73.89619,40.88199],[-73.89638,40.88182],[-73.89657,40.88125],[-73.89669,40.88016],[-73.89678,40.87994],[-73.89678,40.87994],[-73.89678,40.87994],[-73.8969,40.87973],[-73.89703,40.87952],[-73.89703,40.87952],[-73.89703,40.87952],[-73.89717,40.87932],[-73.89717,40.87932],[-73.89717,40.87932],[-73.89733,40.87913],[-73.89751,40.87894],[-73.89751,40.87894],[-73.89751,40.87894],[-73.8977,40.87877],[-73.89813,40.87843],[-73.89827,40.87828],[-73.89879,40.87749],[-73.89891,40.87729],[-73.89891,40.87729],[-73.89905,40.87711],[-73.89905,40.87711],[-73.89905,40.87711],[-73.89921,40.87693],[-73.89921,40.87693],[-73.89921,40.87693],[-73.89939,40.87676],[-73.89939,40.87676],[-73.89939,40.87676],[-73.89958,40.87661],[-73.89981,40.8764],[-73.9001,40.87571],[-73.90026,40.87549],[-73.90033,40.87537],[-73.90038,40.87525],[-73.90042,40.87512],[-73.90043,40.87499],[-73.90043,40.87485],[-73.9004,40.87472],[-73.90036,40.87459],[-73.9003,40.87448],[-73.90022,40.87439],[-73.90022,40.87439],[-73.90022,40.87439],[-73.90011,40.87431],[-73.90011,40.87431],[-73.90011,40.87431],[-73.89999,40.87425],[-73.89999,40.87425],[-73.89999,40.87425],[-73.89986,40.8742],[-73.89986,40.8742],[-73.89986,40.8742],[-73.89972,40.87417],[-73.89972,40.87417],[-73.89972,40.87417],[-73.89957,40.87415],[-73.89957,40.87415],[-73.89957,40.87415],[-73.89943,40.87416],[-73.89929,40.87416],[-73.89929,40.87416],[-73.89929,40.87416],[-73.89915,40.87414],[-73.89915,40.87414],[-73.89915,40.87414],[-73.899,40.87411],[-73.899,40.87411],[-73.899,40.87411],[-73.89886,40.87407],[-73.89886,40.87407],[-73.89886,40.87407],[-73.89873,40.87401],[-73.89873,40.87401],[-73.89862,40.87393],[-73.89862,40.87393],[-73.89862,40.87393],[-73.89852,40.87385],[-73.89852,40.87385],[-73.89852,40.87385],[-73.89844,40.87376],[-73.89837,40.87366],[-73.89823,40.87339],[-73.89823,40.87339],[-73.89823,40.87339],[-73.89811,40.87311],[-73.89801,40.87283],[-73.89793,40.87254],[-73.89786,40.87225],[-73.89786,40.87225],[-73.89786,40.87225],[-73.89782,40.87196],[-73.8978,40.87167],[-73.89779,40.87086],[-73.89892,40.86966],[-73.89907,40.86953],[-73.89921,40.86938],[-73.89934,40.86923],[-73.89945,40.86907],[-73.89953,40.8689],[-73.8996,40.86873],[-73.89965,40.86855],[-73.89942,40.86788],[-73.89997,40.86802],[-73.90107,40.86828],[-73.90129,40.86834],[-73.90151,40.8684],[-73.90173,40.86846],[-73.90194,40.86853],[-73.90215,40.86861],[-73.90236,40.8687],[-73.90319,40.86915],[-73.90375,40.8696],[-73.90404,40.86995],[-73.90442,40.87036],[-73.90449,40.87058],[-73.90443,40.87225],[-73.90444,40.87233],[-73.90444,40.87233],[-73.90444,40.87233],[-73.90447,40.87242],[-73.90447,40.87242],[-73.90447,40.87242],[-73.90452,40.8725],[-73.90452,40.8725],[-73.90452,40.8725],[-73.90459,40.87256],[-73.90459,40.87256],[-73.90459,40.87256],[-73.90468,40.87262],[-73.90571,40.87314],[-73.90587,40.87318],[-73.90591,40.8732],[-73.90602,40.87323],[-73.90608,40.87324],[-73.90615,40.87326],[-73.90612,40.87331],[-73.90599,40.87356],[-73.90555,40.87444],[-73.90556,40.87464],[-73.90548,40.87481],[-73.90471,40.87656],[-73.90463,40.87681],[-73.90453,40.87706],[-73.90442,40.87731],[-73.90429,40.87755],[-73.90407,40.87789],[-73.90377,40.87853],[-73.9035,40.87886],[-73.90339,40.87899],[-73.90321,40.87919],[-73.90233,40.88014],[-73.90206,40.88043],[-73.90156,40.88098],[-73.90095,40.88169],[-73.90006,40.88272],[-73.89994,40.88286],[-73.89986,40.88295],[-73.89925,40.88366],[-73.8992,40.88372],[-73.89877,40.88421],[-73.8986,40.8844],[-73.89848,40.88451],[-73.8984,40.88458],[-73.89788,40.88503],[-73.89782,40.88508],[-73.89747,40.88535],[-73.89668,40.88596],[-73.89662,40.88596],[-73.89652,40.88594],[-73.89596,40.88583],[-73.89508,40.88564],[-73.89468,40.88552],[-73.89453,40.88559],[-73.89448,40.8856],[-73.89446,40.8856],[-73.89444,40.88558],[-73.89441,40.88557],[-73.89438,40.88556],[-73.89437,40.88556],[-73.89433,40.88556],[-73.8943,40.88556],[-73.89423,40.88556],[-73.89417,40.88555],[-73.89415,40.88555],[-73.89406,40.88553],[-73.89403,40.88553],[-73.89402,40.88552],[-73.894,40.88552],[-73.89393,40.8855],[-73.89391,40.8855],[-73.89388,40.88548],[-73.89311,40.88534],[-73.89292,40.88531],[-73.89289,40.88526],[-73.89177,40.88505],[-73.89081,40.88487],[-73.88985,40.88469],[-73.8889,40.8845],[-73.8884,40.88442],[-73.88775,40.88429],[-73.88759,40.88426],[-73.88705,40.88435]]]]}},{"type":"Feature","properties":{"ntaname":"Kingsbridge-Marble Hill","nta2020":"BX0802","ntatype":"0"},"geometry":{"type":"MultiPolygon","coordinates":[[[[-73.89846,40.88948],[-73.8994,40.88758],[-73.89954,40.8873],[-73.89978,40.88682],[-73.89983,40.88671],[-73.8999,40.88656],[-73.89978,40.88653],[-73.89973,40.88651],[-73.89893,40.88638],[-73.89738,40.88609],[-73.89716,40.88604],[-73.89688,40.886],[-73.89668,40.88596],[-73.89747,40.88535],[-73.89782,40.88508],[-73.89788,40.88503],[-73.8984,40.88458],[-73.89848,40.88451],[-73.8986,40.8844],[-73.89877,40.88421],[-73.8992,40.88372],[-73.89925,40.88366],[-73.89986,40.88295],[-73.89994,40.88286],[-73.90006,40.88272],[-73.90095,40.88169],[-73.90156,40.88098],[-73.90206,40.88043],[-73.90233,40.88014],[-73.90321,40.87919],[-73.90339,40.87899],[-73.9035,40.87886],[-73.90377,40.87853],[-73.90407,40.87789],[-73.90429,40.87755],[-73.90442,40.87731],[-73.90453,40.87706],[-73.90463,40.87681],[-73.90471,40.87656],[-73.90548,40.87481],[-73.90556,40.87464],[-73.90555,40.87444],[-73.90599,40.87356],[-73.90612,40.87331],[-73.90615,40.87326],[-73.90625,40.87329],[-73.90636,40.87332],[-73.90663,40.87338],[-73.9067,40.8734],[-73.90746,40.87355],[-73.90774,40.87285],[-73.90846,40.87262],[-73.90872,40.87223],[-73.90893,40.87216],[-73.90898,40.87222],[-73.90902,40.87229],[-73.90906,40.87234],[-73.90909,40.87238],[-73.9091,40.87239],[-73.9091,40.87241],[-73.90914,40.87246],[-73.90918,40.87248],[-73.90919,40.87251],[-73.90921,40.87257],[-73.90925,40.8726],[-73.90927,40.87263],[-73.90927,40.87266],[-73.90936,40.87277],[-73.90944,40.87288],[-73.90951,40.87298],[-73.90954,40.87302],[-73.90958,40.87306],[-73.90959,40.87306],[-73.9096,40.87309],[-73.90964,40.87311],[-73.90965,40.87312],[-73.90967,40.87315],[-73.90971,40.87318],[-73.90972,40.8732],[-73.90975,40.87322],[-73.90979,40.87325],[-73.90985,40.87331],[-73.90991,40.87338],[-73.90996,40.87343],[-73.91002,40.87348],[-73.91008,40.87354],[-73.91009,40.87354],[-73.91011,40.87355],[-73.9101,40.87356],[-73.91017,40.87362],[-73.91018,40.87361],[-73.91018,40.87363],[-73.91019,40.87364],[-73.91027,40.87371],[-73.91036,40.87378],[-73.91045,40.87384],[-73.91051,40.87388],[-73.91059,40.87393],[-73.91065,40.87398],[-73.91071,40.87402],[-73.91081,40.87409],[-73.91085,40.87411],[-73.91092,40.87415],[-73.91099,40.87418],[-73.91107,40.87422],[-73.91111,40.87424],[-73.91116,40.87427],[-73.91119,40.87428],[-73.91125,40.87431],[-73.91126,40.87432],[-73.91127,40.87432],[-73.91128,40.87433],[-73.91131,40.87434],[-73.91148,40.87442],[-73.91151,40.87442],[-73.91155,40.87443],[-73.91157,40.87443],[-73.9116,40.87444],[-73.9116,40.87445],[-73.91162,40.87445],[-73.91163,40.87446],[-73.91164,40.87446],[-73.91165,40.87447],[-73.91167,40.87448],[-73.91167,40.87449],[-73.91169,40.87449],[-73.91169,40.87449],[-73.9117,40.8745],[-73.91173,40.8745],[-73.91174,40.87451],[-73.91177,40.87452],[-73.91179,40.87452],[-73.91181,40.87452],[-73.91184,40.87453],[-73.91186,40.87454],[-73.91188,40.87455],[-73.9119,40.87455],[-73.91192,40.87456],[-73.91192,40.87456],[-73.91193,40.87456],[-73.91193,40.87457],[-73.91194,40.87457],[-73.91195,40.87458],[-73.91195,40.87458],[-73.91196,40.87457],[-73.91197,40.87457],[-73.91197,40.87456],[-73.91203,40.87458],[-73.91208,40.8746],[-73.91215,40.87461],[-73.91218,40.87462],[-73.91221,40.87464],[-73.91222,40.87464],[-73.91223,40.87465],[-73.91223,40.87466],[-73.91224,40.87465],[-73.91225,40.87466],[-73.91228,40.87465],[-73.91227,40.87467],[-73.91228,40.87467],[-73.9123,40.87468],[-73.91231,40.87467],[-73.91231,40.87467],[-73.91232,40.87468],[-73.91233,40.87468],[-73.91234,40.87468],[-73.91234,40.87469],[-73.91234,40.87469],[-73.91235,40.87469],[-73.91236,40.87469],[-73.91235,40.8747],[-73.91236,40.8747],[-73.91236,40.8747],[-73.91237,40.87471],[-73.91238,40.8747],[-73.91239,40.87471],[-73.91239,40.87471],[-73.9124,40.87471],[-73.91242,40.87472],[-73.91243,40.87472],[-73.91244,40.87472],[-73.91245,40.87472],[-73.91246,40.87472],[-73.91248,40.87473],[-73.91249,40.87473],[-73.91249,40.87474],[-73.9125,40.87474],[-73.91251,40.87473],[-73.91252,40.87474],[-73.91253,40.87474],[-73.91253,40.87475],[-73.91255,40.87475],[-73.91256,40.87476],[-73.91259,40.87476],[-73.91262,40.87478],[-73.91264,40.87478],[-73.91268,40.87479],[-73.9127,40.87479],[-73.91271,40.8748],[-73.91272,40.8748],[-73.91273,40.8748],[-73.91274,40.8748],[-73.91275,40.87481],[-73.91277,40.87481],[-73.91279,40.87482],[-73.9128,40.87483],[-73.91281,40.87483],[-73.91282,40.87483],[-73.91285,40.87484],[-73.91286,40.87485],[-73.91287,40.87485],[-73.91288,40.87485],[-73.91288,40.87485],[-73.91289,40.87485],[-73.9129,40.87486],[-73.91292,40.87486],[-73.91294,40.87486],[-73.91294,40.87485],[-73.9135,40.87502],[-73.91349,40.87504],[-73.9135,40.87503],[-73.91351,40.87503],[-73.91351,40.87504],[-73.91353,40.87505],[-73.91355,40.87505],[-73.91357,40.87505],[-73.91358,40.87506],[-73.91359,40.87507],[-73.9136,40.87506],[-73.91362,40.87507],[-73.91363,40.87506],[-73.91364,40.87506],[-73.91365,40.87506],[-73.91377,40.8751],[-73.91386,40.87512],[-73.91387,40.87512],[-73.91388,40.87513],[-73.91407,40.87518],[-73.91407,40.87521],[-73.91535,40.87559],[-73.91538,40.87559],[-73.9154,40.8756],[-73.91543,40.87561],[-73.91546,40.87562],[-73.91547,40.87563],[-73.91549,40.87564],[-73.91551,40.87564],[-73.91553,40.87565],[-73.91555,40.87565],[-73.91558,40.87566],[-73.91558,40.87566],[-73.91562,40.87568],[-73.91567,40.87569],[-73.91571,40.87569],[-73.91572,40.87571],[-73.91574,40.87571],[-73.91579,40.87572],[-73.91574,40.87576],[-73.91571,40.8758],[-73.91485,40.87667],[-73.91248,40.87791],[-73.91206,40.87812],[-73.91149,40.87902],[-73.91033,40.87904],[-73.90968,40.87951],[-73.91034,40.88005],[-73.91047,40.88029],[-73.91051,40.88044],[-73.91053,40.88048],[-73.91049,40.88053],[-73.91037,40.88066],[-73.91021,40.88078],[-73.90987,40.88104],[-73.90953,40.88132],[-73.90938,40.88136],[-73.90939,40.88145],[-73.90865,40.88247],[-73.90851,40.88267],[-73.90847,40.88272],[-73.90842,40.88277],[-73.90837,40.88282],[-73.90831,40.88287],[-73.90824,40.88293],[-73.90817,40.883],[-73.90812,40.88307],[-73.90806,40.88314],[-73.90802,40.8832],[-73.90799,40.88327],[-73.90795,40.88333],[-73.90793,40.8834],[-73.90786,40.88358],[-73.9077,40.88407],[-73.90763,40.88425],[-73.90759,40.88439],[-73.90747,40.88444],[-73.90733,40.88451],[-73.90719,40.88458],[-73.90706,40.88466],[-73.90693,40.88475],[-73.90681,40.88484],[-73.90669,40.88493],[-73.90657,40.88503],[-73.90647,40.88513],[-73.90607,40.88563],[-73.90589,40.88559],[-73.90414,40.88708],[-73.90382,40.88748],[-73.90359,40.8878],[-73.90337,40.88813],[-73.90318,40.88847],[-73.90301,40.88882],[-73.90286,40.88916],[-73.90276,40.88912],[-73.90271,40.88911],[-73.90267,40.8891],[-73.90262,40.8891],[-73.90257,40.8891],[-73.90195,40.88915],[-73.9019,40.88915],[-73.90185,40.88915],[-73.9018,40.88914],[-73.90175,40.88913],[-73.90131,40.88894],[-73.90125,40.88892],[-73.90119,40.88891],[-73.90112,40.8889],[-73.90106,40.88889],[-73.90099,40.8889],[-73.90093,40.8889],[-73.90087,40.88892],[-73.90081,40.88894],[-73.90075,40.88896],[-73.9007,40.88899],[-73.90062,40.88905],[-73.90022,40.88938],[-73.90016,40.88942],[-73.90009,40.88946],[-73.90002,40.8895],[-73.89994,40.88953],[-73.89965,40.8898],[-73.89854,40.89039],[-73.89845,40.89071],[-73.89791,40.89055],[-73.89802,40.89031],[-73.89846,40.88948]]]]}},{"type":"Feature","properties":{"ntaname":"Riverdale-Spuyten Duyvil","nta2020":"BX0803","ntatype":"0"},"geometry":{"type":"MultiPolygon","coordinates":[[[[-73.89663,40.91142],[-73.89663,40.9113],[-73.89663,40.9113],[-73.89661,40.9102],[-73.8966,40.90963],[-73.89656,40.90829],[-73.89655,40.90751],[-73.89649,40.90634],[-73.89644,40.90509],[-73.89641,40.9045],[-73.89636,40.9032],[-73.89641,40.90296],[-73.89661,40.9022],[-73.89688,40.90104],[-73.89697,40.90061],[-73.89703,40.90032],[-73.89703,40.90028],[-73.89705,40.90022],[-73.89707,40.90008],[-73.89714,40.89962],[-73.89716,40.89937],[-73.89709,40.89859],[-73.89699,40.89788],[-73.89671,40.89581],[-73.89643,40.89366],[-73.89676,40.89265],[-73.89706,40.89214],[-73.89728,40.89171],[-73.89739,40.89164],[-73.89783,40.89073],[-73.89791,40.89055],[-73.89845,40.89071],[-73.89854,40.89039],[-73.89965,40.8898],[-73.89994,40.88953],[-73.90002,40.8895],[-73.90009,40.88946],[-73.90016,40.88942],[-73.90022,40.88938],[-73.90062,40.88905],[-73.9007,40.88899],[-73.90075,40.88896],[-73.90081,40.88894],[-73.90087,40.88892],[-73.90093,40.8889],[-73.90099,40.8889],[-73.90106,40.88889],[-73.90112,40.8889],[-73.90119,40.88891],[-73.90125,40.88892],[-73.90131,40.88894],[-73.90175,40.88913],[-73.9018,40.88914],[-73.90185,40.88915],[-73.9019,40.88915],[-73.90195,40.88915],[-73.90257,40.8891],[-73.90262,40.8891],[-73.90267,40.8891],[-73.90271,40.88911],[-73.90276,40.88912],[-73.90286,40.88916],[-73.90301,40.88882],[-73.90318,40.88847],[-73.90337,40.88813],[-73.90359,40.8878],[-73.90382,40.88748],[-73.90414,40.88708],[-73.90589,40.88559],[-73.90607,40.88563],[-73.90647,40.88513],[-73.90657,40.88503],[-73.90669,40.88493],[-73.90681,40.88484],[-73.90693,40.88475],[-73.90706,40.88466],[-73.90719,40.88458],[-73.90733,40.88451],[-73.90747,40.88444],[-73.90759,40.88439],[-73.90763,40.88425],[-73.9077,40.88407],[-73.90786,40.88358],[-73.90793,40.8834],[-73.90795,40.88333],[-73.90799,40.88327],[-73.90802,40.8832],[-73.90806,40.88314],[-73.90812,40.88307],[-73.90817,40.883],[-73.90824,40.88293],[-73.90831,40.88287],[-73.90837,40.88282],[-73.90842,40.88277],[-73.90847,40.88272],[-73.90851,40.88267],[-73.90865,40.88247],[-73.90939,40.88145],[-73.90938,40.88136],[-73.90953,40.88132],[-73.90987,40.88104],[-73.91021,40.88078],[-73.91037,40.88066],[-73.91049,40.88053],[-73.91053,40.88048],[-73.91051,40.88044],[-73.91047,40.88029],[-73.91034,40.88005],[-73.90968,40.87951],[-73.91033,40.87904],[-73.91149,40.87902],[-73.91206,40.87812],[-73.91248,40.87791],[-73.91485,40.87667],[-73.91571,40.8758],[-73.91574,40.87576],[-73.91579,40.87572],[-73.91726,40.87581],[-73.91733,40.8758],[-73.9174,40.87579],[-73.91747,40.87576],[-73.91769,40.87568],[-73.91776,40.87566],[-73.91779,40.87568],[-73.91784,40.87574],[-73.91792,40.87578],[-73.91799,40.8758],[-73.91808,40.87579],[-73.91825,40.87582],[-73.91826,40.87584],[-73.91828,40.87586],[-73.9183,40.87585],[-73.91833,40.87584],[-73.91908,40.87606],[-73.91978,40.87642],[-73.91978,40.8765],[-73.91988,40.87651],[-73.91992,40.87655],[-73.91994,40.87655],[-73.91997,40.87655],[-73.92003,40.87659],[-73.92007,40.87663],[-73.92006,40.87666],[-73.92005,40.87666],[-73.92007,40.87668],[-73.92008,40.87668],[-73.92011,40.87668],[-73.92015,40.87672],[-73.92026,40.87695],[-73.92158,40.87814],[-73.92161,40.87816],[-73.92163,40.87818],[-73.92165,40.8782],[-73.92169,40.87825],[-73.92182,40.87835],[-73.92207,40.87857],[-73.92213,40.87861],[-73.92223,40.87865],[-73.92241,40.87868],[-73.92241,40.8787],[-73.92243,40.8787],[-73.92249,40.87871],[-73.92249,40.87874],[-73.92254,40.87877],[-73.92259,40.87878],[-73.92268,40.87887],[-73.92274,40.87891],[-73.9228,40.87893],[-73.92287,40.87895],[-73.92295,40.87895],[-73.92304,40.87893],[-73.92309,40.87891],[-73.92312,40.87892],[-73.92316,40.87893],[-73.92319,40.87894],[-73.92324,40.87893],[-73.92326,40.87892],[-73.92327,40.87892],[-73.9233,40.87891],[-73.92359,40.87895],[-73.92363,40.87896],[-73.92375,40.87898],[-73.92379,40.87899],[-73.92383,40.87898],[-73.92383,40.87898],[-73.9239,40.87898],[-73.92394,40.87898],[-73.92397,40.879],[-73.92399,40.87901],[-73.92404,40.87902],[-73.92406,40.87902],[-73.92406,40.87901],[-73.92418,40.87901],[-73.92431,40.87902],[-73.92449,40.87905],[-73.92452,40.87906],[-73.92454,40.87905],[-73.92454,40.87902],[-73.92458,40.879],[-73.92462,40.87902],[-73.92466,40.87902],[-73.92468,40.87896],[-73.92472,40.87893],[-73.92478,40.8789],[-73.9249,40.87889],[-73.92381,40.88032],[-73.92183,40.88451],[-73.92139,40.88546],[-73.92106,40.88616],[-73.92059,40.88718],[-73.92039,40.88765],[-73.91979,40.88929],[-73.91916,40.89089],[-73.91888,40.89161],[-73.91854,40.89255],[-73.91816,40.89357],[-73.918,40.89401],[-73.91782,40.89442],[-73.91781,40.89454],[-73.91786,40.8946],[-73.9179,40.89467],[-73.91763,40.89494],[-73.91694,40.89664],[-73.91685,40.89693],[-73.91671,40.89738],[-73.91672,40.89741],[-73.91673,40.89743],[-73.91673,40.89746],[-73.91672,40.89749],[-73.91667,40.89753],[-73.91518,40.90158],[-73.91523,40.9017],[-73.91543,40.90181],[-73.91501,40.90308],[-73.91459,40.90412],[-73.91429,40.90409],[-73.91419,40.90414],[-73.91389,40.90496],[-73.91287,40.90754],[-73.91288,40.90756],[-73.91289,40.90759],[-73.91291,40.90761],[-73.91293,40.90763],[-73.91295,40.90765],[-73.913,40.90768],[-73.91304,40.90771],[-73.91308,40.90774],[-73.91311,40.90778],[-73.91311,40.90779],[-73.91312,40.9078],[-73.91312,40.90782],[-73.91312,40.90783],[-73.91311,40.90785],[-73.9131,40.90786],[-73.91309,40.90787],[-73.91308,40.90788],[-73.913,40.90792],[-73.91291,40.90795],[-73.91282,40.90798],[-73.91273,40.908],[-73.91265,40.90807],[-73.91234,40.90906],[-73.91236,40.90914],[-73.91232,40.90919],[-73.91228,40.90919],[-73.91227,40.90923],[-73.91228,40.90926],[-73.91182,40.91115],[-73.91177,40.91125],[-73.91158,40.91214],[-73.9115,40.91217],[-73.91149,40.91223],[-73.91154,40.9123],[-73.91145,40.91275],[-73.91143,40.91282],[-73.91147,40.91291],[-73.9115,40.91297],[-73.91155,40.91307],[-73.91165,40.91342],[-73.9115,40.91377],[-73.91144,40.91381],[-73.91138,40.91385],[-73.91133,40.91389],[-73.91128,40.91394],[-73.91124,40.914],[-73.91121,40.91405],[-73.9112,40.91407],[-73.9112,40.91408],[-73.91121,40.9141],[-73.91121,40.91412],[-73.91122,40.91413],[-73.91124,40.91414],[-73.9112,40.91422],[-73.91116,40.91429],[-73.91111,40.91436],[-73.91105,40.91443],[-73.91099,40.9145],[-73.91091,40.91455],[-73.91086,40.91457],[-73.91082,40.91458],[-73.91078,40.9146],[-73.91074,40.91463],[-73.91071,40.91466],[-73.91066,40.9148],[-73.91033,40.91553],[-73.91011,40.9154],[-73.90851,40.915],[-73.90246,40.91296],[-73.9006,40.91261],[-73.89995,40.91238],[-73.8981,40.91179],[-73.89725,40.91166],[-73.89663,40.91142]]]]}},{"type":"Feature","properties":{"ntaname":"Soundview-Bruckner-Bronx River","nta2020":"BX0901","ntatype":"0"},"geometry":{"type":"MultiPolygon","coordinates":[[[[-73.86272,40.83292],[-73.86367,40.8327],[-73.86313,40.8303],[-73.86264,40.82817],[-73.86172,40.8283],[-73.86067,40.82842],[-73.8597,40.82628],[-73.86121,40.82609],[-73.86217,40.82597],[-73.86355,40.82578],[-73.86362,40.82577],[-73.86396,40.82572],[-73.86407,40.82571],[-73.86446,40.82566],[-73.86456,40.82564],[-73.86474,40.82562],[-73.86491,40.8256],[-73.8653,40.82554],[-73.86538,40.82553],[-73.86568,40.82549],[-73.86577,40.82547],[-73.86654,40.82537],[-73.86663,40.82535],[-73.86708,40.82529],[-73.86719,40.82527],[-73.86753,40.82523],[-73.86762,40.82521],[-73.8677,40.8252],[-73.86779,40.82519],[-73.86788,40.82518],[-73.8684,40.82511],[-73.86849,40.8251],[-73.86912,40.82502],[-73.86923,40.825],[-73.86984,40.82492],[-73.87052,40.82484],[-73.87146,40.82472],[-73.87217,40.82461],[-73.87254,40.82457],[-73.87258,40.82456],[-73.87263,40.82455],[-73.87288,40.82452],[-73.87357,40.82442],[-73.87354,40.82431],[-73.87353,40.82426],[-73.8735,40.82421],[-73.87342,40.82407],[-73.87299,40.8223],[-73.87247,40.82015],[-73.87303,40.82007],[-73.87431,40.81989],[-73.87468,40.81984],[-73.87558,40.81971],[-73.87614,40.81964],[-73.87784,40.81942],[-73.87896,40.81928],[-73.87964,40.81919],[-73.87981,40.81916],[-73.88064,40.81852],[-73.88098,40.81824],[-73.88245,40.81927],[-73.88266,40.81969],[-73.88379,40.82193],[-73.88425,40.82264],[-73.88429,40.82272],[-73.88433,40.82281],[-73.88436,40.82287],[-73.88439,40.82295],[-73.8844,40.823],[-73.88464,40.82381],[-73.88462,40.82496],[-73.88461,40.82528],[-73.88461,40.8253],[-73.88439,40.82682],[-73.88378,40.82827],[-73.88352,40.82926],[-73.88357,40.82948],[-73.88371,40.82962],[-73.8839,40.8298],[-73.88385,40.82987],[-73.88251,40.83155],[-73.88057,40.83403],[-73.88008,40.83467],[-73.88005,40.8347],[-73.87974,40.83459],[-73.8794,40.83447],[-73.87925,40.83442],[-73.87917,40.83453],[-73.87906,40.83464],[-73.87893,40.83478],[-73.87866,40.83503],[-73.87838,40.83526],[-73.87809,40.83548],[-73.87801,40.83553],[-73.87795,40.83558],[-73.87783,40.83565],[-73.87772,40.83573],[-73.8776,40.8358],[-73.87748,40.83586],[-73.87735,40.83593],[-73.87728,40.83597],[-73.87699,40.8361],[-73.87673,40.83621],[-73.87649,40.83619],[-73.87624,40.83618],[-73.87594,40.83615],[-73.8759,40.83615],[-73.87523,40.83609],[-73.87402,40.83599],[-73.87393,40.83599],[-73.87393,40.83601],[-73.87392,40.83603],[-73.87384,40.83633],[-73.87384,40.83636],[-73.87382,40.8364],[-73.87379,40.83653],[-73.87378,40.83657],[-73.8737,40.83682],[-73.87366,40.8369],[-73.87359,40.83709],[-73.87341,40.8376],[-73.87338,40.83766],[-73.8733,40.83793],[-73.87323,40.83816],[-73.87321,40.83825],[-73.87319,40.83831],[-73.87303,40.83895],[-73.87293,40.83934],[-73.87283,40.83975],[-73.87277,40.83975],[-73.87273,40.83975],[-73.87121,40.83967],[-73.87035,40.83963],[-73.87028,40.83962],[-73.87018,40.83962],[-73.87007,40.83961],[-73.86956,40.8396],[-73.86921,40.8396],[-73.86874,40.83982],[-73.86831,40.84],[-73.86782,40.84017],[-73.8674,40.84029],[-73.86725,40.84034],[-73.86636,40.84059],[-73.86546,40.84086],[-73.86448,40.84109],[-73.86427,40.84068],[-73.8641,40.84036],[-73.86394,40.84004],[-73.8636,40.8381],[-73.86356,40.83787],[-73.8632,40.8358],[-73.86316,40.83553],[-73.86296,40.83442],[-73.86294,40.8343],[-73.8629,40.834],[-73.86289,40.83396],[-73.86288,40.83389],[-73.86285,40.83369],[-73.86273,40.83307],[-73.86272,40.83292]]]]}},{"type":"Feature","properties":{"ntaname":"Soundview-Clason Point","nta2020":"BX0902","ntatype":"0"},"geometry":{"type":"MultiPolygon","coordinates":[[[[-73.84577,40.81158],[-73.84585,40.81143],[-73.84591,40.81133],[-73.84603,40.81102],[-73.84617,40.81068],[-73.84689,40.81052],[-73.8472,40.81058],[-73.84747,40.8109],[-73.84758,40.81128],[-73.84763,40.81135],[-73.8477,40.81146],[-73.84821,40.81246],[-73.84876,40.8129],[-73.84939,40.81324],[-73.85005,40.81349],[-73.8502,40.81353],[-73.85041,40.81358],[-73.85052,40.81383],[-73.8506,40.81393],[-73.85159,40.8143],[-73.85179,40.8143],[-73.85198,40.81434],[-73.85219,40.81429],[-73.85244,40.8143],[-73.85239,40.81442],[-73.85225,40.81447],[-73.85226,40.81449],[-73.85243,40.81446],[-73.85253,40.81452],[-73.85262,40.81452],[-73.8528,40.81444],[-73.85295,40.81457],[-73.85301,40.81458],[-73.85289,40.81448],[-73.85284,40.81434],[-73.85265,40.81434],[-73.85267,40.81424],[-73.85265,40.81418],[-73.85267,40.81411],[-73.85262,40.81406],[-73.85266,40.81396],[-73.85298,40.81387],[-73.85295,40.81385],[-73.85297,40.81383],[-73.85295,40.81373],[-73.85288,40.81371],[-73.85291,40.81369],[-73.85298,40.81367],[-73.85337,40.81359],[-73.85374,40.81365],[-73.85435,40.81386],[-73.85484,40.81409],[-73.85496,40.81419],[-73.85515,40.81437],[-73.85532,40.81441],[-73.85538,40.81429],[-73.85532,40.81416],[-73.85505,40.81407],[-73.85471,40.81384],[-73.85443,40.81372],[-73.85411,40.81364],[-73.85385,40.81357],[-73.85347,40.81348],[-73.85335,40.81349],[-73.85324,40.81351],[-73.85313,40.81354],[-73.85302,40.81357],[-73.85291,40.81361],[-73.85285,40.81363],[-73.85278,40.81366],[-73.85275,40.81368],[-73.85271,40.8137],[-73.85266,40.81372],[-73.85261,40.81373],[-73.85256,40.81374],[-73.85252,40.81374],[-73.85248,40.81373],[-73.85206,40.81373],[-73.85191,40.81367],[-73.85171,40.81365],[-73.85148,40.81359],[-73.85136,40.81355],[-73.8512,40.81355],[-73.85105,40.81349],[-73.85089,40.81343],[-73.85073,40.81333],[-73.85057,40.81322],[-73.85041,40.8131],[-73.85035,40.81306],[-73.85028,40.81303],[-73.85022,40.813],[-73.85015,40.81297],[-73.8501,40.81296],[-73.84998,40.81291],[-73.84987,40.81287],[-73.84976,40.81281],[-73.84965,40.81275],[-73.84955,40.81269],[-73.84946,40.81262],[-73.84937,40.81254],[-73.84929,40.81247],[-73.84921,40.81238],[-73.84915,40.8123],[-73.84909,40.81221],[-73.84903,40.81212],[-73.84904,40.81205],[-73.84905,40.81199],[-73.84906,40.81191],[-73.84908,40.81183],[-73.84911,40.81177],[-73.84914,40.8117],[-73.84917,40.81165],[-73.84921,40.81156],[-73.84924,40.8115],[-73.84928,40.81146],[-73.84934,40.8114],[-73.84937,40.81134],[-73.84938,40.81129],[-73.84938,40.81123],[-73.8493,40.81116],[-73.84925,40.81112],[-73.84921,40.81106],[-73.84919,40.811],[-73.84917,40.81092],[-73.84919,40.81086],[-73.84925,40.81078],[-73.8493,40.81071],[-73.84936,40.81065],[-73.84942,40.81059],[-73.84945,40.81051],[-73.84948,40.81042],[-73.8495,40.81035],[-73.84953,40.81028],[-73.84958,40.81023],[-73.84964,40.81019],[-73.84971,40.81014],[-73.84977,40.81009],[-73.8498,40.81003],[-73.84981,40.81],[-73.84981,40.80993],[-73.84983,40.80982],[-73.84987,40.80975],[-73.84991,40.80966],[-73.84977,40.80967],[-73.84976,40.80965],[-73.84979,40.80964],[-73.84979,40.80965],[-73.84989,40.80964],[-73.84988,40.80963],[-73.84992,40.80963],[-73.85002,40.80925],[-73.84985,40.80927],[-73.84985,40.80925],[-73.85003,40.80924],[-73.85004,40.80922],[-73.85004,40.80919],[-73.85004,40.80915],[-73.85002,40.80912],[-73.85001,40.80909],[-73.85,40.80908],[-73.84998,40.80903],[-73.84997,40.80899],[-73.84997,40.80895],[-73.84997,40.80888],[-73.84975,40.80891],[-73.84973,40.80888],[-73.84996,40.80883],[-73.84995,40.80871],[-73.84956,40.80874],[-73.84955,40.80872],[-73.84995,40.80869],[-73.84996,40.80868],[-73.84997,40.80865],[-73.84997,40.80862],[-73.84997,40.80858],[-73.84994,40.80853],[-73.84991,40.8085],[-73.84988,40.80848],[-73.8499,40.80841],[-73.84987,40.80834],[-73.84979,40.80831],[-73.84976,40.80827],[-73.84975,40.80825],[-73.84974,40.80822],[-73.84973,40.8082],[-73.8497,40.80818],[-73.84968,40.80816],[-73.84965,40.80814],[-73.84961,40.80812],[-73.84917,40.80823],[-73.84917,40.80824],[-73.84876,40.80834],[-73.84871,40.80824],[-73.84913,40.80813],[-73.84913,40.80815],[-73.84952,40.80806],[-73.84945,40.80802],[-73.84945,40.80795],[-73.84939,40.80788],[-73.84928,40.80783],[-73.8491,40.80777],[-73.84896,40.80771],[-73.84878,40.80764],[-73.84865,40.80754],[-73.84852,40.80746],[-73.84842,40.80737],[-73.84837,40.80722],[-73.84833,40.80703],[-73.84828,40.80685],[-73.84835,40.80667],[-73.8484,40.80652],[-73.84838,40.80636],[-73.84828,40.80624],[-73.84811,40.80613],[-73.84799,40.8061],[-73.84785,40.80608],[-73.84763,40.80601],[-73.84754,40.80593],[-73.84752,40.80572],[-73.84749,40.80545],[-73.84753,40.80533],[-73.84767,40.80517],[-73.8479,40.805],[-73.84808,40.80492],[-73.84825,40.8049],[-73.8484,40.80486],[-73.84856,40.80479],[-73.84861,40.80474],[-73.84865,40.8047],[-73.8487,40.80473],[-73.8487,40.80483],[-73.8487,40.80486],[-73.84874,40.8049],[-73.8488,40.8049],[-73.84884,40.80485],[-73.84884,40.8048],[-73.84884,40.8048],[-73.84887,40.80477],[-73.84891,40.80477],[-73.84895,40.80476],[-73.84898,40.80478],[-73.84903,40.8048],[-73.84908,40.80485],[-73.84911,40.8049],[-73.84912,40.80493],[-73.84917,40.80498],[-73.84921,40.80502],[-73.84933,40.80505],[-73.84932,40.80466],[-73.84941,40.80467],[-73.84943,40.80506],[-73.84953,40.80506],[-73.84961,40.80509],[-73.84971,40.80509],[-73.84982,40.80509],[-73.84998,40.80506],[-73.85006,40.80487],[-73.85008,40.80478],[-73.85011,40.80466],[-73.85012,40.80463],[-73.85013,40.80459],[-73.85015,40.80453],[-73.8502,40.80451],[-73.85034,40.80452],[-73.85036,40.80451],[-73.85065,40.80448],[-73.85092,40.80448],[-73.85119,40.80449],[-73.85126,40.80453],[-73.85132,40.80456],[-73.85148,40.8046],[-73.85178,40.80459],[-73.85205,40.8046],[-73.85235,40.80458],[-73.85257,40.80455],[-73.85399,40.80446],[-73.85407,40.80446],[-73.85412,40.80447],[-73.85422,40.80448],[-73.85435,40.80451],[-73.8546,40.80455],[-73.8548,40.80455],[-73.85504,40.80452],[-73.85516,40.8045],[-73.85518,40.8045],[-73.85539,40.80446],[-73.85561,40.80447],[-73.85585,40.80451],[-73.85605,40.80459],[-73.85625,40.80466],[-73.85644,40.80475],[-73.85663,40.80483],[-73.85662,40.80487],[-73.85658,40.80493],[-73.8565,40.80495],[-73.8564,40.80495],[-73.85627,40.80488],[-73.85617,40.80483],[-73.85605,40.80477],[-73.85593,40.80472],[-73.85581,40.80468],[-73.85569,40.80468],[-73.85561,40.8047],[-73.85556,40.80478],[-73.85558,40.80488],[-73.85558,40.80497],[-73.8556,40.80506],[-73.85572,40.80512],[-73.8559,40.80517],[-73.85605,40.80525],[-73.85613,40.80528],[-73.8563,40.80528],[-73.85639,40.80526],[-73.85652,40.80524],[-73.85652,40.80524],[-73.85664,40.80526],[-73.85676,40.80527],[-73.85688,40.80529],[-73.85695,40.80527],[-73.85704,40.8053],[-73.85712,40.80533],[-73.8572,40.80533],[-73.85724,40.80531],[-73.85722,40.80524],[-73.85713,40.80519],[-73.857,40.80514],[-73.85693,40.80512],[-73.85683,40.80507],[-73.85675,40.80504],[-73.85668,40.805],[-73.85667,40.80495],[-73.85673,40.80494],[-73.85683,40.80491],[-73.85792,40.80539],[-73.85813,40.80547],[-73.85828,40.80556],[-73.85842,40.80564],[-73.85856,40.80572],[-73.85874,40.80579],[-73.85889,40.80589],[-73.85891,40.80591],[-73.85891,40.80595],[-73.85887,40.80598],[-73.85883,40.80599],[-73.85878,40.80598],[-73.85875,40.80594],[-73.85871,40.80593],[-73.85867,40.8059],[-73.85862,40.80587],[-73.85857,40.80585],[-73.85854,40.80583],[-73.85851,40.80582],[-73.85848,40.80586],[-73.85846,40.80592],[-73.85844,40.80595],[-73.85841,40.80597],[-73.85836,40.80598],[-73.85831,40.806],[-73.85831,40.80603],[-73.85831,40.80607],[-73.85835,40.80611],[-73.85838,40.80615],[-73.85839,40.8062],[-73.8584,40.80625],[-73.8584,40.80629],[-73.85839,40.80633],[-73.85839,40.80638],[-73.85839,40.80641],[-73.85842,40.80641],[-73.85846,40.80641],[-73.8585,40.80642],[-73.85851,40.80649],[-73.85851,40.80654],[-73.85851,40.80659],[-73.85852,40.80664],[-73.85856,40.80667],[-73.85861,40.8067],[-73.85867,40.8067],[-73.85875,40.8067],[-73.85881,40.8067],[-73.85889,40.80669],[-73.85893,40.80667],[-73.85899,40.80664],[-73.85902,40.80661],[-73.85905,40.80656],[-73.85907,40.80651],[-73.85908,40.80648],[-73.85909,40.80645],[-73.85908,40.80641],[-73.85906,40.80637],[-73.85905,40.80634],[-73.859,40.80629],[-73.85897,40.80624],[-73.85896,40.80618],[-73.85893,40.80613],[-73.8589,40.80608],[-73.85886,40.80604],[-73.85885,40.80601],[-73.85888,40.80599],[-73.85891,40.80598],[-73.85893,40.80597],[-73.85897,40.80597],[-73.85901,40.80601],[-73.85913,40.80616],[-73.8592,40.80627],[-73.85926,40.80641],[-73.85931,40.80654],[-73.85937,40.80668],[-73.85937,40.8068],[-73.85937,40.80694],[-73.85938,40.80714],[-73.85941,40.80732],[-73.8594,40.80745],[-73.8594,40.80753],[-73.85938,40.80757],[-73.85931,40.80757],[-73.85926,40.80754],[-73.85926,40.80748],[-73.85925,40.80736],[-73.85923,40.80724],[-73.85922,40.80714],[-73.85922,40.80703],[-73.85921,40.80695],[-73.85916,40.80688],[-73.85908,40.80684],[-73.85898,40.80683],[-73.85883,40.80684],[-73.85867,40.80683],[-73.85857,40.80731],[-73.85842,40.80811],[-73.85839,40.80826],[-73.85862,40.80885],[-73.85877,40.80923],[-73.85895,40.81027],[-73.859,40.8102],[-73.859,40.8101],[-73.85903,40.81005],[-73.85908,40.80998],[-73.85915,40.80995],[-73.85932,40.80994],[-73.85947,40.80991],[-73.85955,40.80982],[-73.85967,40.80981],[-73.85983,40.80973],[-73.86013,40.80961],[-73.86012,40.80957],[-73.86008,40.80956],[-73.86004,40.80951],[-73.86003,40.80949],[-73.86001,40.80949],[-73.85996,40.80948],[-73.85993,40.80944],[-73.85992,40.8094],[-73.85987,40.80938],[-73.85978,40.80929],[-73.85975,40.80928],[-73.85972,40.80924],[-73.85972,40.80922],[-73.85967,40.8092],[-73.85968,40.80917],[-73.85963,40.80915],[-73.85954,40.80902],[-73.85947,40.80901],[-73.85941,40.80901],[-73.85934,40.80901],[-73.85933,40.809],[-73.85933,40.809],[-73.85933,40.80899],[-73.85933,40.80898],[-73.85933,40.80897],[-73.85933,40.80896],[-73.85933,40.80896],[-73.85936,40.80892],[-73.85938,40.80889],[-73.85941,40.80886],[-73.85938,40.80873],[-73.85936,40.8086],[-73.85934,40.80847],[-73.85932,40.80834],[-73.85932,40.80821],[-73.85932,40.8082],[-73.85932,40.80819],[-73.85933,40.80818],[-73.85934,40.80818],[-73.85935,40.80817],[-73.85936,40.80817],[-73.85937,40.80817],[-73.85937,40.80816],[-73.85938,40.80816],[-73.85939,40.80816],[-73.8594,40.80817],[-73.85941,40.80817],[-73.85942,40.80817],[-73.85943,40.80818],[-73.85944,40.80818],[-73.85945,40.80819],[-73.85948,40.80834],[-73.85951,40.80849],[-73.85956,40.80864],[-73.85961,40.80878],[-73.85965,40.80887],[-73.8597,40.80895],[-73.85976,40.80903],[-73.85982,40.80911],[-73.85989,40.80919],[-73.85997,40.80926],[-73.86005,40.80933],[-73.86014,40.80939],[-73.86024,40.80945],[-73.86034,40.8095],[-73.86044,40.80955],[-73.86055,40.80959],[-73.86066,40.80963],[-73.86077,40.80966],[-73.86089,40.80969],[-73.86229,40.80995],[-73.86207,40.81015],[-73.86136,40.81084],[-73.86111,40.81115],[-73.86162,40.81143],[-73.86292,40.81215],[-73.86335,40.81239],[-73.86436,40.81301],[-73.86443,40.81341],[-73.86462,40.81422],[-73.86513,40.81415],[-73.86522,40.81453],[-73.86561,40.81449],[-73.86568,40.81448],[-73.86576,40.81447],[-73.86585,40.81446],[-73.86595,40.81445],[-73.86658,40.81437],[-73.86818,40.81481],[-73.86891,40.81512],[-73.86899,40.81526],[-73.86954,40.81609],[-73.86956,40.81616],[-73.86958,40.81628],[-73.8696,40.81639],[-73.86962,40.81648],[-73.86973,40.81699],[-73.87001,40.81824],[-73.87003,40.81835],[-73.87005,40.81843],[-73.87006,40.81849],[-73.87008,40.81855],[-73.87009,40.81861],[-73.87011,40.81869],[-73.87012,40.81875],[-73.87015,40.81884],[-73.87017,40.81896],[-73.87024,40.81923],[-73.87026,40.81931],[-73.87033,40.81962],[-73.87035,40.81973],[-73.87037,40.81978],[-73.87038,40.81985],[-73.8704,40.81993],[-73.87042,40.82],[-73.87043,40.82008],[-73.8705,40.82036],[-73.87057,40.82065],[-73.87059,40.82073],[-73.8706,40.82081],[-73.87062,40.82089],[-73.87064,40.82096],[-73.87066,40.82105],[-73.87067,40.82112],[-73.87069,40.8212],[-73.87071,40.82126],[-73.87072,40.82134],[-73.87074,40.82142],[-73.87079,40.82161],[-73.87081,40.82172],[-73.87083,40.82181],[-73.87085,40.8219],[-73.87087,40.82198],[-73.87089,40.82206],[-73.87091,40.82215],[-73.87093,40.82223],[-73.87094,40.8223],[-73.87096,40.82238],[-73.87098,40.82246],[-73.871,40.82256],[-73.871,40.82277],[-73.87137,40.82437],[-73.87138,40.8244],[-73.8714,40.82448],[-73.87142,40.82454],[-73.87144,40.82461],[-73.87146,40.82472],[-73.87052,40.82484],[-73.86984,40.82492],[-73.86923,40.825],[-73.86912,40.82502],[-73.86849,40.8251],[-73.8684,40.82511],[-73.86788,40.82518],[-73.86779,40.82519],[-73.8677,40.8252],[-73.86762,40.82521],[-73.86753,40.82523],[-73.86719,40.82527],[-73.86708,40.82529],[-73.86663,40.82535],[-73.86654,40.82537],[-73.86577,40.82547],[-73.86568,40.82549],[-73.86538,40.82553],[-73.8653,40.82554],[-73.86491,40.8256],[-73.86474,40.82562],[-73.86456,40.82564],[-73.86446,40.82566],[-73.86407,40.82571],[-73.86396,40.82572],[-73.86362,40.82577],[-73.86355,40.82578],[-73.86217,40.82597],[-73.86121,40.82609],[-73.8597,40.82628],[-73.85867,40.82642],[-73.85728,40.8266],[-73.857,40.82666],[-73.85672,40.82671],[-73.85644,40.82675],[-73.85636,40.82675],[-73.85633,40.82662],[-73.85629,40.82648],[-73.85627,40.82639],[-73.85626,40.82633],[-73.85622,40.82616],[-73.8562,40.82604],[-73.85597,40.82606],[-73.85589,40.82567],[-73.85565,40.82463],[-73.85549,40.82391],[-73.85531,40.82319],[-73.85514,40.82244],[-73.85497,40.82168],[-73.85481,40.82103],[-73.85464,40.8203],[-73.85414,40.81824],[-73.85395,40.81747],[-73.85379,40.81682],[-73.85362,40.81609],[-73.85164,40.81636],[-73.85114,40.8144],[-73.85093,40.81434],[-73.85011,40.81442],[-73.8491,40.81455],[-73.84811,40.81469],[-73.84705,40.81483],[-73.84664,40.81303],[-73.84611,40.8131],[-73.84647,40.81231],[-73.84632,40.81169],[-73.84577,40.81158]]]]}},{"type":"Feature","properties":{"ntaname":"Castle Hill-Unionport","nta2020":"BX0903","ntatype":"0"},"geometry":{"type":"MultiPolygon","coordinates":[[[[-73.83597,40.81988],[-73.83595,40.81889],[-73.836,40.81834],[-73.83602,40.81803],[-73.83604,40.81778],[-73.83627,40.8178],[-73.83644,40.81782],[-73.83643,40.81803],[-73.8364,40.81889],[-73.8365,40.8187],[-73.83666,40.81799],[-73.83669,40.81735],[-73.83697,40.81637],[-73.83901,40.81635],[-73.83974,40.81641],[-73.83974,40.81645],[-73.83975,40.8165],[-73.83977,40.81654],[-73.8398,40.81658],[-73.83983,40.81662],[-73.83987,40.81665],[-73.83992,40.81668],[-73.83997,40.8167],[-73.84003,40.81682],[-73.84009,40.81694],[-73.84015,40.81706],[-73.84019,40.81719],[-73.84007,40.81755],[-73.84009,40.81761],[-73.8401,40.81767],[-73.8401,40.81774],[-73.84009,40.8178],[-73.84008,40.81786],[-73.84005,40.81792],[-73.84002,40.81798],[-73.83998,40.81803],[-73.83994,40.81809],[-73.83988,40.81814],[-73.83982,40.81818],[-73.83921,40.81889],[-73.83893,40.819],[-73.83879,40.81953],[-73.83868,40.81959],[-73.83881,40.81974],[-73.83906,40.8198],[-73.83905,40.81998],[-73.839,40.82016],[-73.839,40.82041],[-73.839,40.8207],[-73.83895,40.82113],[-73.83893,40.82133],[-73.83896,40.82152],[-73.83901,40.82195],[-73.83892,40.82204],[-73.83888,40.82214],[-73.83891,40.82222],[-73.83899,40.82223],[-73.83907,40.82225],[-73.83906,40.82232],[-73.83904,40.82234],[-73.83901,40.82238],[-73.83906,40.8224],[-73.83905,40.82251],[-73.83905,40.82259],[-73.83905,40.82269],[-73.83912,40.82277],[-73.83921,40.82288],[-73.83925,40.82288],[-73.83945,40.82292],[-73.8395,40.82302],[-73.83953,40.82304],[-73.83952,40.82308],[-73.83946,40.82316],[-73.8395,40.82322],[-73.83945,40.82327],[-73.83958,40.82343],[-73.83963,40.82369],[-73.83962,40.82381],[-73.83961,40.82386],[-73.83968,40.82396],[-73.83974,40.82411],[-73.83978,40.82414],[-73.83982,40.82416],[-73.83987,40.82418],[-73.83991,40.82418],[-73.83996,40.82419],[-73.84,40.82421],[-73.84004,40.82423],[-73.84008,40.82425],[-73.84011,40.82428],[-73.84013,40.82432],[-73.84014,40.82435],[-73.84014,40.82437],[-73.84014,40.8244],[-73.84027,40.82476],[-73.84067,40.82548],[-73.84088,40.82582],[-73.84111,40.82615],[-73.84114,40.82635],[-73.84132,40.82676],[-73.84146,40.82696],[-73.84168,40.82738],[-73.8419,40.82781],[-73.84194,40.82789],[-73.84201,40.82798],[-73.84208,40.82812],[-73.84222,40.82834],[-73.84223,40.82837],[-73.84223,40.8284],[-73.84228,40.82861],[-73.84228,40.82865],[-73.84229,40.8287],[-73.84225,40.8287],[-73.8416,40.82878],[-73.84145,40.82879],[-73.8413,40.82881],[-73.84123,40.82881],[-73.84092,40.82883],[-73.8405,40.82886],[-73.8403,40.82887],[-73.83925,40.82891],[-73.83758,40.82897],[-73.83721,40.82901],[-73.83717,40.82902],[-73.83711,40.82903],[-73.83702,40.82905],[-73.83699,40.82898],[-73.83698,40.82893],[-73.83694,40.82882],[-73.83683,40.82844],[-73.83676,40.82823],[-73.83669,40.82789],[-73.83663,40.82758],[-73.83656,40.82723],[-73.83654,40.82712],[-73.83645,40.82641],[-73.83638,40.82604],[-73.83616,40.82499],[-73.83612,40.82451],[-73.83609,40.82422],[-73.83603,40.82388],[-73.836,40.8236],[-73.836,40.82351],[-73.83599,40.82297],[-73.83599,40.82242],[-73.83598,40.82168],[-73.83598,40.82143],[-73.83598,40.82096],[-73.83597,40.82034],[-73.83597,40.81988]]],[[[-73.84823,40.83343],[-73.84815,40.83306],[-73.84798,40.83234],[-73.84781,40.83162],[-73.84764,40.8309],[-73.84747,40.83019],[-73.84732,40.82953],[-73.84728,40.82931],[-73.84715,40.82928],[-73.84698,40.82923],[-73.84585,40.82892],[-73.84532,40.82884],[-73.84526,40.82883],[-73.84505,40.8288],[-73.84543,40.82848],[-73.84532,40.82843],[-73.84505,40.82846],[-73.84477,40.82849],[-73.8445,40.82851],[-73.84422,40.82851],[-73.84412,40.82848],[-73.84399,40.82843],[-73.84392,40.82845],[-73.84372,40.82848],[-73.84332,40.82855],[-73.84314,40.82858],[-73.84292,40.82862],[-73.8429,40.82857],[-73.84287,40.82853],[-73.84276,40.82833],[-73.84272,40.82828],[-73.84267,40.82804],[-73.84265,40.82791],[-73.8426,40.82781],[-73.84257,40.82774],[-73.84254,40.8276],[-73.84253,40.82753],[-73.84248,40.82748],[-73.84246,40.82737],[-73.84232,40.82718],[-73.84208,40.82654],[-73.84203,40.82655],[-73.8417,40.82577],[-73.84175,40.82576],[-73.84138,40.82515],[-73.84136,40.82509],[-73.84127,40.82491],[-73.8412,40.82482],[-73.84107,40.82453],[-73.84102,40.82434],[-73.84101,40.82424],[-73.84087,40.82415],[-73.84058,40.82359],[-73.84045,40.82335],[-73.84042,40.82327],[-73.84043,40.82311],[-73.84047,40.82308],[-73.84042,40.823],[-73.84013,40.82242],[-73.84011,40.8223],[-73.84002,40.82219],[-73.84003,40.82207],[-73.83996,40.822],[-73.83999,40.82192],[-73.83992,40.82174],[-73.83983,40.82157],[-73.83984,40.82143],[-73.83991,40.82115],[-73.83986,40.82101],[-73.83988,40.8209],[-73.83998,40.82079],[-73.83999,40.82068],[-73.84005,40.82061],[-73.84005,40.82051],[-73.8401,40.82032],[-73.84006,40.82023],[-73.83997,40.82018],[-73.84,40.81993],[-73.84015,40.81982],[-73.84025,40.81983],[-73.84029,40.81981],[-73.84023,40.81974],[-73.84028,40.81968],[-73.84029,40.81963],[-73.84037,40.81958],[-73.84052,40.81954],[-73.84062,40.81955],[-73.8407,40.81948],[-73.84081,40.81944],[-73.84084,40.81936],[-73.84092,40.81934],[-73.84104,40.81923],[-73.84118,40.81918],[-73.84125,40.81916],[-73.84129,40.81916],[-73.84131,40.81914],[-73.84135,40.81912],[-73.84142,40.81904],[-73.84157,40.81894],[-73.8417,40.8189],[-73.84188,40.81885],[-73.84192,40.81883],[-73.84195,40.8188],[-73.84199,40.81877],[-73.84213,40.81846],[-73.84214,40.81826],[-73.84209,40.81806],[-73.84238,40.81749],[-73.8428,40.81694],[-73.84289,40.81673],[-73.84306,40.81656],[-73.84304,40.81638],[-73.84315,40.81627],[-73.84317,40.81605],[-73.84345,40.8157],[-73.84358,40.81547],[-73.84374,40.81532],[-73.84377,40.81514],[-73.84401,40.81471],[-73.84411,40.81451],[-73.84418,40.81433],[-73.84418,40.81419],[-73.84439,40.81365],[-73.84452,40.81343],[-73.84464,40.8132],[-73.84476,40.81298],[-73.84487,40.81275],[-73.84496,40.81254],[-73.84505,40.81232],[-73.84513,40.81211],[-73.84521,40.81189],[-73.84528,40.81178],[-73.84537,40.81175],[-73.84547,40.81176],[-73.84577,40.81158],[-73.84632,40.81169],[-73.84647,40.81231],[-73.84611,40.8131],[-73.84664,40.81303],[-73.84705,40.81483],[-73.84811,40.81469],[-73.8491,40.81455],[-73.85011,40.81442],[-73.85093,40.81434],[-73.85114,40.8144],[-73.85164,40.81636],[-73.85362,40.81609],[-73.85379,40.81682],[-73.85395,40.81747],[-73.85414,40.81824],[-73.85464,40.8203],[-73.85481,40.82103],[-73.85497,40.82168],[-73.85514,40.82244],[-73.85531,40.82319],[-73.85549,40.82391],[-73.85565,40.82463],[-73.85589,40.82567],[-73.85597,40.82606],[-73.8562,40.82604],[-73.85622,40.82616],[-73.85626,40.82633],[-73.85627,40.82639],[-73.85629,40.82648],[-73.85633,40.82662],[-73.85636,40.82675],[-73.85644,40.82675],[-73.85672,40.82671],[-73.857,40.82666],[-73.85728,40.8266],[-73.85867,40.82642],[-73.8597,40.82628],[-73.86067,40.82842],[-73.86172,40.8283],[-73.86264,40.82817],[-73.86313,40.8303],[-73.86367,40.8327],[-73.86272,40.83292],[-73.86156,40.83333],[-73.86142,40.83345],[-73.86138,40.83349],[-73.86129,40.83354],[-73.86085,40.83361],[-73.86075,40.8336],[-73.86066,40.83356],[-73.86057,40.83352],[-73.86049,40.83347],[-73.86043,40.8334],[-73.86038,40.83334],[-73.86034,40.83325],[-73.85984,40.83334],[-73.85906,40.83341],[-73.85773,40.83356],[-73.85465,40.83389],[-73.85347,40.83401],[-73.85281,40.83408],[-73.85189,40.83418],[-73.85168,40.8342],[-73.85017,40.83436],[-73.84956,40.83441],[-73.84849,40.83452],[-73.84831,40.83378],[-73.84823,40.83343]]]]}},{"type":"Feature","properties":{"ntaname":"Parkchester","nta2020":"BX0904","ntatype":"0"},"geometry":{"type":"MultiPolygon","coordinates":[[[[-73.85168,40.8342],[-73.85189,40.83418],[-73.85281,40.83408],[-73.85347,40.83401],[-73.85465,40.83389],[-73.85773,40.83356],[-73.85906,40.83341],[-73.85984,40.83334],[-73.86034,40.83325],[-73.86038,40.83334],[-73.86043,40.8334],[-73.86049,40.83347],[-73.86057,40.83352],[-73.86066,40.83356],[-73.86075,40.8336],[-73.86085,40.83361],[-73.86129,40.83354],[-73.86138,40.83349],[-73.86142,40.83345],[-73.86156,40.83333],[-73.86272,40.83292],[-73.86273,40.83307],[-73.86285,40.83369],[-73.86288,40.83389],[-73.86289,40.83396],[-73.8629,40.834],[-73.86294,40.8343],[-73.86296,40.83442],[-73.86316,40.83553],[-73.8632,40.8358],[-73.86356,40.83787],[-73.8636,40.8381],[-73.86394,40.84004],[-73.8641,40.84036],[-73.86427,40.84068],[-73.86448,40.84109],[-73.86437,40.84111],[-73.86364,40.84127],[-73.86358,40.84128],[-73.86347,40.84131],[-73.86176,40.84151],[-73.86163,40.84153],[-73.86046,40.84166],[-73.86018,40.84169],[-73.85972,40.84174],[-73.8592,40.8418],[-73.85836,40.8419],[-73.85753,40.84199],[-73.85719,40.84203],[-73.85618,40.84215],[-73.85554,40.84222],[-73.8552,40.84226],[-73.85421,40.84237],[-73.8535,40.84245],[-73.85334,40.84247],[-73.85327,40.84207],[-73.85309,40.84105],[-73.85304,40.84074],[-73.85292,40.84012],[-73.85287,40.83985],[-73.85266,40.83878],[-73.85248,40.83778],[-73.85233,40.83701],[-73.85221,40.83635],[-73.85207,40.83563],[-73.85186,40.83478],[-73.85168,40.8342]]]]}},{"type":"Feature","properties":{"ntaname":"Soundview Park","nta2020":"BX0991","ntatype":"9"},"geometry":{"type":"MultiPolygon","coordinates":[[[[-73.86229,40.80995],[-73.86265,40.81001],[-73.8644,40.81028],[-73.86766,40.81058],[-73.86869,40.81185],[-73.86977,40.81342],[-73.87078,40.81449],[-73.87129,40.81473],[-73.87172,40.81492],[-73.87652,40.81613],[-73.87663,40.81571],[-73.87806,40.81618],[-73.88098,40.81824],[-73.88064,40.81852],[-73.87981,40.81916],[-73.87964,40.81919],[-73.87896,40.81928],[-73.87784,40.81942],[-73.87614,40.81964],[-73.87558,40.81971],[-73.87468,40.81984],[-73.87431,40.81989],[-73.87303,40.82007],[-73.87247,40.82015],[-73.87299,40.8223],[-73.87342,40.82407],[-73.8735,40.82421],[-73.87353,40.82426],[-73.87354,40.82431],[-73.87357,40.82442],[-73.87288,40.82452],[-73.87263,40.82455],[-73.87258,40.82456],[-73.87254,40.82457],[-73.87217,40.82461],[-73.87146,40.82472],[-73.87144,40.82461],[-73.87142,40.82454],[-73.8714,40.82448],[-73.87138,40.8244],[-73.87137,40.82437],[-73.871,40.82277],[-73.871,40.82256],[-73.87098,40.82246],[-73.87096,40.82238],[-73.87094,40.8223],[-73.87093,40.82223],[-73.87091,40.82215],[-73.87089,40.82206],[-73.87087,40.82198],[-73.87085,40.8219],[-73.87083,40.82181],[-73.87081,40.82172],[-73.87079,40.82161],[-73.87074,40.82142],[-73.87072,40.82134],[-73.87071,40.82126],[-73.87069,40.8212],[-73.87067,40.82112],[-73.87066,40.82105],[-73.87064,40.82096],[-73.87062,40.82089],[-73.8706,40.82081],[-73.87059,40.82073],[-73.87057,40.82065],[-73.8705,40.82036],[-73.87043,40.82008],[-73.87042,40.82],[-73.8704,40.81993],[-73.87038,40.81985],[-73.87037,40.81978],[-73.87035,40.81973],[-73.87033,40.81962],[-73.87026,40.81931],[-73.87024,40.81923],[-73.87017,40.81896],[-73.87015,40.81884],[-73.87012,40.81875],[-73.87011,40.81869],[-73.87009,40.81861],[-73.87008,40.81855],[-73.87006,40.81849],[-73.87005,40.81843],[-73.87003,40.81835],[-73.87001,40.81824],[-73.86973,40.81699],[-73.86962,40.81648],[-73.8696,40.81639],[-73.86958,40.81628],[-73.86956,40.81616],[-73.86954,40.81609],[-73.86899,40.81526],[-73.86891,40.81512],[-73.86818,40.81481],[-73.86658,40.81437],[-73.86595,40.81445],[-73.86585,40.81446],[-73.86576,40.81447],[-73.86568,40.81448],[-73.86561,40.81449],[-73.86522,40.81453],[-73.86513,40.81415],[-73.86462,40.81422],[-73.86443,40.81341],[-73.86436,40.81301],[-73.86335,40.81239],[-73.86292,40.81215],[-73.86162,40.81143],[-73.86111,40.81115],[-73.86136,40.81084],[-73.86207,40.81015],[-73.86229,40.80995]]]]}},{"type":"Feature","properties":{"ntaname":"Westchester Square","nta2020":"BX1001","ntatype":"0"},"geometry":{"type":"MultiPolygon","coordinates":[[[[-73.84161,40.84058],[-73.84136,40.84059],[-73.84124,40.8406],[-73.83937,40.84088],[-73.83957,40.84055],[-73.83972,40.83957],[-73.8403,40.83952],[-73.84027,40.83921],[-73.84022,40.83914],[-73.84016,40.83907],[-73.84017,40.839],[-73.84015,40.83894],[-73.84011,40.83885],[-73.84003,40.83886],[-73.84004,40.83894],[-73.84003,40.83895],[-73.84001,40.83884],[-73.8401,40.83883],[-73.84007,40.83875],[-73.84011,40.83863],[-73.84014,40.83861],[-73.83996,40.83829],[-73.84,40.83825],[-73.83993,40.8379],[-73.83992,40.83782],[-73.83985,40.83782],[-73.83986,40.8379],[-73.83984,40.8379],[-73.83983,40.83769],[-73.83985,40.83769],[-73.83985,40.83779],[-73.83992,40.83778],[-73.83995,40.83758],[-73.83991,40.83722],[-73.83989,40.83699],[-73.83983,40.83677],[-73.83986,40.83668],[-73.83984,40.83642],[-73.83984,40.83612],[-73.83975,40.83613],[-73.83978,40.8363],[-73.83976,40.8363],[-73.83973,40.83613],[-73.8397,40.83614],[-73.83969,40.8361],[-73.83968,40.8361],[-73.83968,40.83613],[-73.83967,40.83613],[-73.83966,40.83607],[-73.83967,40.83607],[-73.83967,40.83608],[-73.83983,40.83605],[-73.83982,40.83602],[-73.83972,40.83603],[-73.83971,40.83602],[-73.83982,40.836],[-73.83982,40.83596],[-73.83972,40.83596],[-73.83972,40.83595],[-73.83981,40.83594],[-73.83981,40.83589],[-73.83976,40.8359],[-73.83976,40.83589],[-73.83981,40.83587],[-73.8398,40.83581],[-73.83965,40.83583],[-73.8397,40.83606],[-73.83968,40.83606],[-73.83961,40.83571],[-73.8396,40.83567],[-73.83962,40.83567],[-73.83963,40.8357],[-73.83966,40.8358],[-73.8398,40.83579],[-73.83979,40.83574],[-73.83966,40.83576],[-73.83966,40.83574],[-73.83979,40.83573],[-73.83978,40.83568],[-73.83969,40.83569],[-73.83968,40.83568],[-73.83978,40.83566],[-73.83978,40.83564],[-73.83979,40.83562],[-73.83967,40.8356],[-73.83961,40.83561],[-73.83961,40.83559],[-73.8397,40.83558],[-73.83969,40.83551],[-73.8396,40.83552],[-73.8396,40.8355],[-73.83967,40.83549],[-73.83966,40.83546],[-73.83958,40.83547],[-73.83958,40.83545],[-73.83966,40.83544],[-73.83965,40.83538],[-73.83957,40.8354],[-73.83956,40.83538],[-73.83964,40.83536],[-73.83963,40.83532],[-73.83955,40.83532],[-73.83954,40.83531],[-73.83962,40.8353],[-73.8396,40.83524],[-73.83953,40.83526],[-73.83953,40.83524],[-73.83962,40.83523],[-73.83961,40.83518],[-73.83952,40.83519],[-73.83951,40.83517],[-73.8396,40.83516],[-73.83959,40.83511],[-73.83951,40.83511],[-73.83951,40.8351],[-73.83959,40.83509],[-73.83958,40.83503],[-73.8395,40.83504],[-73.8395,40.83503],[-73.83946,40.83503],[-73.83946,40.83501],[-73.8395,40.83501],[-73.8395,40.83499],[-73.83957,40.83498],[-73.83956,40.83493],[-73.83948,40.83493],[-73.83948,40.83492],[-73.83955,40.83491],[-73.83955,40.83486],[-73.83948,40.83487],[-73.83946,40.83485],[-73.83962,40.83483],[-73.83962,40.8348],[-73.83948,40.83482],[-73.83947,40.8348],[-73.83961,40.83478],[-73.8396,40.83475],[-73.83947,40.83476],[-73.83946,40.83475],[-73.8396,40.83473],[-73.8396,40.8347],[-73.83946,40.83472],[-73.83944,40.83465],[-73.83942,40.83465],[-73.83941,40.8346],[-73.83949,40.83459],[-73.83948,40.83457],[-73.83959,40.83456],[-73.83958,40.83449],[-73.83953,40.83437],[-73.83957,40.83423],[-73.83959,40.83404],[-73.83976,40.83372],[-73.83978,40.83367],[-73.83992,40.83332],[-73.84018,40.83304],[-73.84074,40.8326],[-73.84113,40.83229],[-73.84182,40.83173],[-73.84221,40.83155],[-73.84235,40.8313],[-73.84253,40.83112],[-73.84263,40.831],[-73.84276,40.83082],[-73.8427,40.83075],[-73.84294,40.83012],[-73.84305,40.8301],[-73.84309,40.83002],[-73.8431,40.82996],[-73.84302,40.82996],[-73.84305,40.82976],[-73.84311,40.82979],[-73.84304,40.82931],[-73.84303,40.82893],[-73.84299,40.82883],[-73.84295,40.8287],[-73.84292,40.82862],[-73.84314,40.82858],[-73.84332,40.82855],[-73.84372,40.82848],[-73.84392,40.82845],[-73.84399,40.82843],[-73.84412,40.82848],[-73.84422,40.82851],[-73.8445,40.82851],[-73.84477,40.82849],[-73.84505,40.82846],[-73.84532,40.82843],[-73.84543,40.82848],[-73.84505,40.8288],[-73.84526,40.82883],[-73.84532,40.82884],[-73.84585,40.82892],[-73.84698,40.82923],[-73.84715,40.82928],[-73.84728,40.82931],[-73.84732,40.82953],[-73.84747,40.83019],[-73.84764,40.8309],[-73.84781,40.83162],[-73.84798,40.83234],[-73.84815,40.83306],[-73.84823,40.83343],[-73.84831,40.83378],[-73.84849,40.83452],[-73.84956,40.83441],[-73.85017,40.83436],[-73.85168,40.8342],[-73.85186,40.83478],[-73.85207,40.83563],[-73.85221,40.83635],[-73.85233,40.83701],[-73.85248,40.83778],[-73.85266,40.83878],[-73.85287,40.83985],[-73.85292,40.84012],[-73.85304,40.84074],[-73.85309,40.84105],[-73.85327,40.84207],[-73.85334,40.84247],[-73.85231,40.84259],[-73.8518,40.84265],[-73.85121,40.84272],[-73.85089,40.84275],[-73.85052,40.84279],[-73.84999,40.84285],[-73.84939,40.84292],[-73.84855,40.84301],[-73.84806,40.84307],[-73.84802,40.84311],[-73.84781,40.84329],[-73.84749,40.84356],[-73.84623,40.84449],[-73.84679,40.845],[-73.84711,40.84531],[-73.84727,40.84544],[-73.84752,40.84566],[-73.84767,40.84579],[-73.84772,40.84584],[-73.84788,40.84599],[-73.84721,40.84649],[-73.84657,40.84707],[-73.84635,40.84728],[-73.84615,40.8475],[-73.84596,40.84773],[-73.84578,40.84797],[-73.84563,40.84821],[-73.84549,40.84846],[-73.84537,40.84871],[-73.84536,40.84905],[-73.84535,40.84945],[-73.84502,40.85001],[-73.84489,40.8502],[-73.84502,40.84943],[-73.84505,40.84919],[-73.84506,40.84895],[-73.84504,40.8487],[-73.845,40.84846],[-73.84494,40.84822],[-73.84486,40.8479],[-73.8448,40.84765],[-73.84475,40.84739],[-73.8447,40.84714],[-73.84466,40.84688],[-73.84464,40.84662],[-73.84462,40.84636],[-73.84461,40.84625],[-73.84491,40.84543],[-73.84429,40.84468],[-73.84378,40.84412],[-73.84328,40.84354],[-73.84284,40.84291],[-73.84239,40.84227],[-73.84188,40.84153],[-73.84146,40.84096],[-73.84195,40.84069],[-73.84202,40.84066],[-73.84195,40.84063],[-73.84187,40.84061],[-73.84178,40.84059],[-73.8417,40.84058],[-73.84161,40.84058]]]]}},{"type":"Feature","properties":{"ntaname":"Throgs Neck-Schuylerville","nta2020":"BX1002","ntatype":"0"},"geometry":{"type":"MultiPolygon","coordinates":[[[[-73.82597,40.84033],[-73.82596,40.83998],[-73.82591,40.83874],[-73.82589,40.83812],[-73.82585,40.83706],[-73.8258,40.83685],[-73.82574,40.83665],[-73.82565,40.83644],[-73.82556,40.83624],[-73.82549,40.8361],[-73.82544,40.83596],[-73.82541,40.83581],[-73.8254,40.83566],[-73.82542,40.83551],[-73.82545,40.83536],[-73.82549,40.83522],[-73.8256,40.83503],[-73.82573,40.83485],[-73.82588,40.83467],[-73.82604,40.83451],[-73.82622,40.83435],[-73.82616,40.83427],[-73.82607,40.83412],[-73.82601,40.83402],[-73.82586,40.83411],[-73.82571,40.8342],[-73.82556,40.8343],[-73.82542,40.8344],[-73.82529,40.83451],[-73.82516,40.83461],[-73.82489,40.83423],[-73.82463,40.83386],[-73.82379,40.8343],[-73.82368,40.83432],[-73.82327,40.83439],[-73.82319,40.8344],[-73.82309,40.83442],[-73.82266,40.83447],[-73.82258,40.83448],[-73.82237,40.83452],[-73.82223,40.83456],[-73.82151,40.83473],[-73.82063,40.83492],[-73.81978,40.83513],[-73.8189,40.83534],[-73.81805,40.83554],[-73.8172,40.83574],[-73.81641,40.83593],[-73.81606,40.83603],[-73.81598,40.836],[-73.81592,40.83595],[-73.81589,40.83592],[-73.81585,40.8359],[-73.81579,40.83592],[-73.81571,40.83593],[-73.81566,40.83594],[-73.81562,40.83596],[-73.81557,40.83598],[-73.81553,40.83598],[-73.8155,40.83595],[-73.8155,40.83592],[-73.81554,40.8359],[-73.81561,40.83589],[-73.81568,40.83589],[-73.81572,40.83587],[-73.81579,40.83585],[-73.81591,40.83583],[-73.81599,40.83581],[-73.81605,40.83578],[-73.81606,40.83577],[-73.81608,40.83571],[-73.81608,40.83565],[-73.81607,40.8356],[-73.81605,40.83555],[-73.81604,40.83554],[-73.81601,40.83551],[-73.81598,40.8355],[-73.81593,40.8355],[-73.81588,40.83551],[-73.81579,40.83551],[-73.81572,40.83551],[-73.81568,40.83553],[-73.81564,40.83553],[-73.8156,40.83553],[-73.81557,40.83553],[-73.81558,40.83551],[-73.81561,40.83548],[-73.8157,40.83548],[-73.81576,40.83547],[-73.81585,40.83546],[-73.81596,40.83543],[-73.81603,40.8354],[-73.81604,40.83539],[-73.81608,40.83536],[-73.81609,40.83529],[-73.81611,40.83521],[-73.8161,40.83512],[-73.81609,40.83506],[-73.81604,40.83503],[-73.81603,40.83501],[-73.816,40.83498],[-73.816,40.83492],[-73.81602,40.83487],[-73.81602,40.83487],[-73.81606,40.83482],[-73.81607,40.83476],[-73.81609,40.83468],[-73.81608,40.83459],[-73.81604,40.83452],[-73.81601,40.83448],[-73.81601,40.83448],[-73.81597,40.83447],[-73.81592,40.83447],[-73.81583,40.83448],[-73.81577,40.83449],[-73.81571,40.83451],[-73.81568,40.83451],[-73.81566,40.83449],[-73.81566,40.83448],[-73.8157,40.83446],[-73.81577,40.83444],[-73.81589,40.83442],[-73.81599,40.8344],[-73.81601,40.83438],[-73.81603,40.83435],[-73.81603,40.83431],[-73.81604,40.83422],[-73.81604,40.83417],[-73.81602,40.83409],[-73.81601,40.83403],[-73.81601,40.83398],[-73.81599,40.83392],[-73.81589,40.83394],[-73.81589,40.83393],[-73.81599,40.8339],[-73.81594,40.83368],[-73.81589,40.83361],[-73.81587,40.83357],[-73.81585,40.83353],[-73.81583,40.8335],[-73.81581,40.83348],[-73.81578,40.83347],[-73.81576,40.83349],[-73.81573,40.8335],[-73.81571,40.83349],[-73.8157,40.83346],[-73.81571,40.83345],[-73.81574,40.83344],[-73.81578,40.83341],[-73.8158,40.83337],[-73.81581,40.83336],[-73.81582,40.8333],[-73.81581,40.83324],[-73.81581,40.83317],[-73.81579,40.8331],[-73.81576,40.83302],[-73.81576,40.83297],[-73.81574,40.83292],[-73.8157,40.83286],[-73.81566,40.83282],[-73.81564,40.8328],[-73.81564,40.83278],[-73.81566,40.83274],[-73.81561,40.83267],[-73.81559,40.83259],[-73.81553,40.83244],[-73.81552,40.83242],[-73.81551,40.83239],[-73.8155,40.83234],[-73.81549,40.8323],[-73.81545,40.83225],[-73.81542,40.83222],[-73.81538,40.83221],[-73.81537,40.8322],[-73.81536,40.83218],[-73.81535,40.83216],[-73.81534,40.83212],[-73.81535,40.83208],[-73.81534,40.83203],[-73.81532,40.83196],[-73.81529,40.83188],[-73.81524,40.83182],[-73.8152,40.83178],[-73.81515,40.83175],[-73.81513,40.83173],[-73.81512,40.83171],[-73.8151,40.83171],[-73.81507,40.83171],[-73.81504,40.8317],[-73.81503,40.83168],[-73.81503,40.83167],[-73.81505,40.83166],[-73.81506,40.83165],[-73.81508,40.83164],[-73.81509,40.83164],[-73.81511,40.83163],[-73.81512,40.83161],[-73.81511,40.83159],[-73.8151,40.83157],[-73.81508,40.83153],[-73.81507,40.83149],[-73.81505,40.83146],[-73.81502,40.83144],[-73.81501,40.83144],[-73.81499,40.83143],[-73.81498,40.83143],[-73.81498,40.83142],[-73.81497,40.8314],[-73.81497,40.83138],[-73.81496,40.83131],[-73.81495,40.83124],[-73.81495,40.83119],[-73.81491,40.8311],[-73.81488,40.83103],[-73.81485,40.83101],[-73.81449,40.83117],[-73.81447,40.83114],[-73.81484,40.83099],[-73.81476,40.83082],[-73.81471,40.83079],[-73.81468,40.83076],[-73.81465,40.83074],[-73.81461,40.83071],[-73.81458,40.83067],[-73.81454,40.83064],[-73.81452,40.83062],[-73.8141,40.83082],[-73.81411,40.83083],[-73.81391,40.83092],[-73.8139,40.83091],[-73.81409,40.83081],[-73.8141,40.83082],[-73.81451,40.83061],[-73.8145,40.83061],[-73.81447,40.83057],[-73.81445,40.83053],[-73.81441,40.8305],[-73.81438,40.8305],[-73.81436,40.83051],[-73.81434,40.83051],[-73.81431,40.83051],[-73.81429,40.83051],[-73.81429,40.83048],[-73.81429,40.83045],[-73.8143,40.83044],[-73.81432,40.83041],[-73.81432,40.83039],[-73.81431,40.83036],[-73.81387,40.83057],[-73.81386,40.83056],[-73.8143,40.83035],[-73.81427,40.83032],[-73.81423,40.83027],[-73.81416,40.83021],[-73.8141,40.83018],[-73.81405,40.83014],[-73.814,40.83012],[-73.81397,40.83011],[-73.81394,40.8301],[-73.8139,40.83007],[-73.81388,40.83003],[-73.81387,40.83],[-73.81385,40.82999],[-73.81382,40.82997],[-73.81382,40.82994],[-73.81383,40.8299],[-73.81387,40.82986],[-73.8137,40.82993],[-73.81367,40.82989],[-73.81373,40.82986],[-73.81374,40.82989],[-73.81389,40.82982],[-73.81389,40.82978],[-73.81386,40.82969],[-73.81383,40.82964],[-73.81376,40.82962],[-73.81371,40.82958],[-73.8137,40.82955],[-73.81358,40.82961],[-73.81357,40.82959],[-73.81369,40.82953],[-73.81369,40.82953],[-73.81367,40.8295],[-73.81366,40.82944],[-73.81363,40.8294],[-73.81361,40.82938],[-73.81358,40.82936],[-73.81355,40.82934],[-73.81351,40.82936],[-73.8135,40.82937],[-73.81346,40.82939],[-73.81341,40.8294],[-73.81338,40.82939],[-73.81337,40.82936],[-73.81337,40.82935],[-73.81339,40.82932],[-73.81343,40.82931],[-73.81346,40.82929],[-73.81349,40.82926],[-73.8135,40.82922],[-73.8135,40.82919],[-73.81348,40.82916],[-73.81345,40.8291],[-73.81339,40.82902],[-73.81334,40.82898],[-73.81329,40.82896],[-73.81324,40.82894],[-73.8132,40.82893],[-73.81314,40.82893],[-73.8131,40.82894],[-73.81305,40.82897],[-73.81299,40.82898],[-73.81298,40.82898],[-73.81295,40.82898],[-73.81293,40.82898],[-73.8129,40.82895],[-73.81293,40.82892],[-73.81297,40.8289],[-73.81299,40.82888],[-73.81304,40.82886],[-73.81308,40.82884],[-73.81312,40.82884],[-73.81316,40.82883],[-73.81318,40.8288],[-73.81317,40.82879],[-73.81316,40.82878],[-73.81313,40.82878],[-73.8131,40.82878],[-73.81308,40.8288],[-73.81305,40.8288],[-73.81305,40.82879],[-73.81306,40.82876],[-73.81312,40.82874],[-73.81315,40.82872],[-73.81313,40.82869],[-73.81309,40.82867],[-73.81304,40.82867],[-73.81298,40.82869],[-73.81294,40.8287],[-73.81288,40.82869],[-73.81287,40.82867],[-73.81284,40.82865],[-73.8128,40.82859],[-73.81281,40.82855],[-73.81282,40.82851],[-73.81282,40.8285],[-73.81284,40.82848],[-73.81286,40.82844],[-73.81288,40.82841],[-73.81287,40.82837],[-73.81284,40.82834],[-73.8128,40.8283],[-73.81275,40.82825],[-73.81242,40.82827],[-73.81208,40.82828],[-73.81174,40.82829],[-73.8114,40.8283],[-73.81107,40.82829],[-73.81073,40.82829],[-73.81039,40.82827],[-73.81005,40.82825],[-73.81003,40.82826],[-73.81002,40.82825],[-73.81,40.82825],[-73.80998,40.82825],[-73.80997,40.82824],[-73.80995,40.82823],[-73.80994,40.82822],[-73.80993,40.82821],[-73.80993,40.82819],[-73.80993,40.82818],[-73.80993,40.82817],[-73.80993,40.8281],[-73.80994,40.82804],[-73.80996,40.82798],[-73.80996,40.82796],[-73.80997,40.82793],[-73.80998,40.82791],[-73.80999,40.82788],[-73.81001,40.82786],[-73.81004,40.82785],[-73.81007,40.82783],[-73.8101,40.82782],[-73.81015,40.82784],[-73.81019,40.82788],[-73.81024,40.82791],[-73.81027,40.82795],[-73.8103,40.82799],[-73.81105,40.82798],[-73.81105,40.82784],[-73.81025,40.82783],[-73.81025,40.8278],[-73.81004,40.8278],[-73.81004,40.82778],[-73.81028,40.82778],[-73.81028,40.82782],[-73.81182,40.82783],[-73.81183,40.82785],[-73.81107,40.82784],[-73.81107,40.82798],[-73.81118,40.82798],[-73.81129,40.82798],[-73.81139,40.82798],[-73.8115,40.82799],[-73.81159,40.828],[-73.81169,40.828],[-73.81178,40.828],[-73.81188,40.82798],[-73.81197,40.82797],[-73.81206,40.82794],[-73.81214,40.82791],[-73.81224,40.82788],[-73.81233,40.82786],[-73.81242,40.82785],[-73.81252,40.82784],[-73.81262,40.82784],[-73.81264,40.82784],[-73.81266,40.82783],[-73.81268,40.82782],[-73.8127,40.8278],[-73.81271,40.82779],[-73.81272,40.82777],[-73.81273,40.82776],[-73.81273,40.82774],[-73.81273,40.82772],[-73.81272,40.8277],[-73.81271,40.82766],[-73.8127,40.82763],[-73.81268,40.82759],[-73.81265,40.82756],[-73.8128,40.82749],[-73.81294,40.82741],[-73.81308,40.82734],[-73.81322,40.82725],[-73.81328,40.82722],[-73.81333,40.82719],[-73.81337,40.82715],[-73.81342,40.8271],[-73.81345,40.82705],[-73.81347,40.82702],[-73.81351,40.82698],[-73.81355,40.82694],[-73.8136,40.82691],[-73.81365,40.82688],[-73.81371,40.82686],[-73.81377,40.82685],[-73.8138,40.82684],[-73.81383,40.82682],[-73.81385,40.8268],[-73.81387,40.82678],[-73.81388,40.82676],[-73.81389,40.82674],[-73.8139,40.82671],[-73.8139,40.82669],[-73.81389,40.82666],[-73.81388,40.82664],[-73.81386,40.82661],[-73.81384,40.82659],[-73.81381,40.82658],[-73.81378,40.82656],[-73.81375,40.82654],[-73.81372,40.82652],[-73.8137,40.82649],[-73.81369,40.82646],[-73.81368,40.82643],[-73.81368,40.8264],[-73.81369,40.82637],[-73.8137,40.82634],[-73.81371,40.8263],[-73.81372,40.82627],[-73.81328,40.82633],[-73.81328,40.82633],[-73.81292,40.82638],[-73.81292,40.82635],[-73.81327,40.82631],[-73.81328,40.82631],[-73.81373,40.82626],[-73.81375,40.82623],[-73.81378,40.82619],[-73.81382,40.82616],[-73.81386,40.82614],[-73.8139,40.82613],[-73.81393,40.82611],[-73.81396,40.82609],[-73.81399,40.82607],[-73.81401,40.82604],[-73.81403,40.82602],[-73.81404,40.82599],[-73.81404,40.82596],[-73.81404,40.82593],[-73.81402,40.82587],[-73.814,40.82582],[-73.81398,40.82578],[-73.81395,40.82573],[-73.81343,40.82593],[-73.81342,40.82593],[-73.81394,40.82572],[-73.81391,40.82568],[-73.81388,40.82567],[-73.81385,40.82565],[-73.81383,40.82563],[-73.81381,40.8256],[-73.8138,40.82558],[-73.81379,40.82555],[-73.81379,40.82552],[-73.81379,40.82549],[-73.8138,40.82547],[-73.81383,40.82543],[-73.81384,40.82539],[-73.81383,40.82535],[-73.8138,40.8253],[-73.81374,40.82526],[-73.81367,40.82525],[-73.81364,40.82525],[-73.81357,40.82524],[-73.81349,40.82522],[-73.81343,40.8252],[-73.81334,40.82517],[-73.81303,40.82526],[-73.81303,40.82528],[-73.81297,40.82529],[-73.81296,40.82527],[-73.81213,40.82557],[-73.81211,40.82555],[-73.81288,40.82527],[-73.81289,40.82527],[-73.81295,40.82525],[-73.81294,40.82524],[-73.813,40.82522],[-73.81301,40.82524],[-73.81328,40.82516],[-73.81324,40.82515],[-73.81321,40.82514],[-73.81318,40.82512],[-73.81315,40.8251],[-73.81312,40.82507],[-73.8131,40.82504],[-73.81309,40.82501],[-73.81308,40.82498],[-73.81308,40.82494],[-73.81311,40.82491],[-73.81315,40.82487],[-73.81319,40.82484],[-73.81324,40.82481],[-73.81336,40.82475],[-73.81349,40.82469],[-73.81362,40.82463],[-73.81383,40.82456],[-73.81404,40.82448],[-73.81404,40.82442],[-73.81404,40.82436],[-73.81402,40.8243],[-73.814,40.82425],[-73.81397,40.82419],[-73.81393,40.82414],[-73.81389,40.82409],[-73.81384,40.82404],[-73.81378,40.824],[-73.81327,40.82397],[-73.81319,40.82414],[-73.81308,40.82416],[-73.81304,40.82419],[-73.813,40.82422],[-73.81296,40.82424],[-73.81291,40.82426],[-73.81286,40.82428],[-73.81283,40.82431],[-73.81281,40.82434],[-73.81279,40.82437],[-73.81279,40.82441],[-73.81278,40.82444],[-73.81279,40.82448],[-73.8128,40.82452],[-73.81282,40.82457],[-73.81282,40.82462],[-73.81282,40.82468],[-73.81281,40.82473],[-73.81281,40.82474],[-73.8128,40.82475],[-73.81279,40.82476],[-73.81278,40.82477],[-73.81276,40.82477],[-73.81275,40.82478],[-73.81273,40.82478],[-73.81272,40.82478],[-73.81268,40.82475],[-73.81264,40.82471],[-73.81261,40.82468],[-73.81259,40.82464],[-73.81255,40.82458],[-73.8125,40.82453],[-73.81245,40.82449],[-73.81239,40.82445],[-73.81232,40.82441],[-73.81225,40.82438],[-73.81218,40.82436],[-73.8121,40.82434],[-73.81202,40.82433],[-73.81196,40.82434],[-73.8119,40.82434],[-73.81183,40.82434],[-73.81177,40.82434],[-73.81174,40.82436],[-73.81171,40.82437],[-73.81169,40.8244],[-73.81167,40.82442],[-73.81166,40.82445],[-73.81159,40.82449],[-73.81164,40.8246],[-73.81161,40.82461],[-73.81156,40.82451],[-73.81145,40.82455],[-73.81139,40.82455],[-73.81133,40.82456],[-73.81126,40.82457],[-73.81122,40.82459],[-73.81119,40.82461],[-73.81119,40.82463],[-73.81119,40.82465],[-73.81121,40.82469],[-73.81121,40.82473],[-73.81121,40.82477],[-73.8112,40.82478],[-73.8112,40.82479],[-73.81117,40.82479],[-73.81117,40.82479],[-73.81114,40.82478],[-73.81112,40.82475],[-73.8111,40.82472],[-73.81106,40.8247],[-73.81103,40.82471],[-73.81102,40.82474],[-73.81098,40.8248],[-73.81092,40.82484],[-73.81085,40.82487],[-73.81087,40.82511],[-73.81078,40.82511],[-73.81076,40.8249],[-73.81069,40.82492],[-73.81064,40.82494],[-73.81053,40.82498],[-73.81047,40.825],[-73.81041,40.82502],[-73.81037,40.82505],[-73.81033,40.8251],[-73.81032,40.82514],[-73.8103,40.82516],[-73.81025,40.82517],[-73.81021,40.82516],[-73.81016,40.82515],[-73.81006,40.82514],[-73.80991,40.82519],[-73.80981,40.82522],[-73.80968,40.82526],[-73.80965,40.82528],[-73.80957,40.82538],[-73.80944,40.82549],[-73.80935,40.82554],[-73.8093,40.82559],[-73.80925,40.82564],[-73.80922,40.82572],[-73.8092,40.82581],[-73.80917,40.82584],[-73.80909,40.82587],[-73.80899,40.82585],[-73.80889,40.82581],[-73.80878,40.8258],[-73.80871,40.82582],[-73.80859,40.82585],[-73.80853,40.82585],[-73.80847,40.82586],[-73.80843,40.82584],[-73.80838,40.82582],[-73.80828,40.8258],[-73.80816,40.8258],[-73.80808,40.8258],[-73.808,40.82579],[-73.80798,40.82583],[-73.80795,40.82583],[-73.80796,40.82578],[-73.80789,40.82577],[-73.80783,40.82577],[-73.80776,40.82579],[-73.80773,40.82584],[-73.80771,40.82589],[-73.80767,40.8259],[-73.80765,40.82587],[-73.80764,40.82583],[-73.80757,40.8258],[-73.80752,40.82576],[-73.80746,40.82572],[-73.80742,40.82567],[-73.80735,40.82563],[-73.80731,40.82556],[-73.80728,40.8255],[-73.80723,40.82546],[-73.80716,40.82545],[-73.8071,40.82543],[-73.80702,40.82542],[-73.80698,40.82539],[-73.80698,40.82536],[-73.807,40.82532],[-73.80697,40.82524],[-73.80692,40.82518],[-73.80687,40.82509],[-73.80682,40.825],[-73.80681,40.82494],[-73.80681,40.82492],[-73.80681,40.82489],[-73.80679,40.82482],[-73.80676,40.82474],[-73.80673,40.82468],[-73.80669,40.82464],[-73.80666,40.82463],[-73.80665,40.82463],[-73.8066,40.82463],[-73.80656,40.82461],[-73.80657,40.82458],[-73.80663,40.82455],[-73.80664,40.82455],[-73.80672,40.82454],[-73.80675,40.8245],[-73.80678,40.82445],[-73.80678,40.82438],[-73.80675,40.82431],[-73.80671,40.82426],[-73.80665,40.82425],[-73.80659,40.82423],[-73.80654,40.82423],[-73.80654,40.82423],[-73.80652,40.82421],[-73.80652,40.8242],[-73.80653,40.82417],[-73.80659,40.82417],[-73.8067,40.82416],[-73.80673,40.82413],[-73.80674,40.82413],[-73.80677,40.82407],[-73.80679,40.82399],[-73.80677,40.8239],[-73.80675,40.82383],[-73.80671,40.8238],[-73.80665,40.82381],[-73.8066,40.82382],[-73.80654,40.82382],[-73.80648,40.82382],[-73.80646,40.8238],[-73.80646,40.82378],[-73.80651,40.82376],[-73.80658,40.82374],[-73.8066,40.82374],[-73.80666,40.82373],[-73.80669,40.82368],[-73.8067,40.82362],[-73.80668,40.82351],[-73.80666,40.82342],[-73.8066,40.82334],[-73.80656,40.82332],[-73.80651,40.82329],[-73.80643,40.82331],[-73.80634,40.82333],[-73.80626,40.82334],[-73.80624,40.82331],[-73.8063,40.82328],[-73.80638,40.82326],[-73.80646,40.82322],[-73.80651,40.82315],[-73.80651,40.82314],[-73.80649,40.82309],[-73.80645,40.823],[-73.80638,40.82289],[-73.8063,40.82284],[-73.80623,40.82286],[-73.80613,40.8229],[-73.80605,40.82291],[-73.80597,40.82291],[-73.80595,40.82288],[-73.80601,40.82286],[-73.80608,40.82284],[-73.80615,40.82282],[-73.8062,40.82278],[-73.80622,40.82274],[-73.80622,40.82266],[-73.80621,40.82261],[-73.80612,40.82242],[-73.80607,40.82233],[-73.80605,40.82227],[-73.80586,40.8219],[-73.80582,40.82177],[-73.80582,40.82167],[-73.80585,40.82155],[-73.80591,40.82148],[-73.80596,40.82143],[-73.80599,40.82083],[-73.80599,40.82082],[-73.80573,40.82018],[-73.80571,40.82016],[-73.80547,40.81991],[-73.80524,40.81966],[-73.80507,40.81949],[-73.80462,40.81903],[-73.80452,40.81893],[-73.80441,40.81883],[-73.8043,40.81874],[-73.80418,40.81865],[-73.80405,40.81857],[-73.80392,40.81849],[-73.80379,40.81842],[-73.80365,40.81835],[-73.80351,40.81829],[-73.80348,40.81828],[-73.80337,40.81825],[-73.80325,40.81824],[-73.80313,40.81824],[-73.80301,40.81823],[-73.80288,40.81823],[-73.80276,40.81823],[-73.80267,40.81824],[-73.80262,40.81827],[-73.80259,40.81834],[-73.80259,40.81839],[-73.80259,40.81842],[-73.80257,40.81845],[-73.80256,40.81848],[-73.80252,40.81853],[-73.80247,40.81854],[-73.80241,40.81852],[-73.80233,40.81849],[-73.8023,40.81848],[-73.80227,40.8185],[-73.80225,40.81851],[-73.8022,40.81854],[-73.80208,40.81856],[-73.80205,40.81855],[-73.80204,40.81847],[-73.80197,40.81841],[-73.80193,40.81839],[-73.80188,40.81836],[-73.80181,40.81834],[-73.80171,40.81831],[-73.80161,40.81827],[-73.8015,40.81824],[-73.80139,40.81822],[-73.80129,40.81818],[-73.80119,40.81813],[-73.80112,40.81811],[-73.80105,40.8181],[-73.80103,40.8181],[-73.80093,40.81811],[-73.80081,40.81809],[-73.80071,40.81804],[-73.80062,40.81796],[-73.80059,40.81793],[-73.80058,40.81791],[-73.80057,40.81785],[-73.80057,40.81777],[-73.80057,40.8177],[-73.80052,40.81767],[-73.80042,40.81761],[-73.80033,40.81756],[-73.80022,40.81752],[-73.80012,40.81748],[-73.80001,40.81744],[-73.7999,40.8174],[-73.79981,40.81737],[-73.79969,40.81733],[-73.79957,40.8173],[-73.79946,40.81726],[-73.79935,40.81721],[-73.7985,40.8169],[-73.79842,40.81687],[-73.79833,40.81685],[-73.79825,40.81684],[-73.79821,40.81683],[-73.79817,40.81682],[-73.79813,40.81681],[-73.7981,40.81679],[-73.79807,40.81677],[-73.79799,40.81665],[-73.79795,40.81662],[-73.79787,40.81659],[-73.79776,40.81656],[-73.79765,40.81653],[-73.79759,40.81651],[-73.79741,40.81585],[-73.79738,40.81576],[-73.79744,40.81572],[-73.79771,40.81551],[-73.79812,40.8157],[-73.79864,40.81546],[-73.79903,40.81554],[-73.79995,40.81445],[-73.80011,40.81402],[-73.80049,40.81387],[-73.80092,40.81376],[-73.80111,40.81354],[-73.80132,40.81326],[-73.80146,40.81294],[-73.80175,40.81287],[-73.80152,40.81255],[-73.80143,40.81242],[-73.80137,40.81244],[-73.80134,40.81239],[-73.80139,40.81237],[-73.80139,40.81237],[-73.8014,40.81236],[-73.80155,40.81257],[-73.80176,40.81286],[-73.80199,40.81281],[-73.80204,40.8128],[-73.8021,40.81279],[-73.80215,40.81278],[-73.80219,40.81276],[-73.80224,40.81273],[-73.80228,40.8127],[-73.80231,40.81267],[-73.80238,40.81262],[-73.80245,40.81258],[-73.80253,40.81254],[-73.80261,40.81251],[-73.80269,40.81249],[-73.80278,40.81247],[-73.80287,40.81246],[-73.80297,40.81245],[-73.80306,40.81245],[-73.80315,40.81246],[-73.80324,40.81248],[-73.80333,40.8125],[-73.80341,40.81253],[-73.80344,40.81254],[-73.80347,40.81256],[-73.80347,40.81256],[-73.80351,40.81256],[-73.80353,40.81255],[-73.80355,40.81253],[-73.80356,40.81253],[-73.80358,40.81252],[-73.80361,40.81252],[-73.80363,40.81254],[-73.80365,40.81256],[-73.80365,40.81258],[-73.80365,40.81261],[-73.80364,40.81264],[-73.80355,40.81286],[-73.80352,40.81292],[-73.80362,40.81296],[-73.80374,40.81279],[-73.80378,40.81281],[-73.80361,40.81304],[-73.80368,40.81311],[-73.8037,40.81313],[-73.80377,40.81319],[-73.80379,40.81321],[-73.80386,40.81328],[-73.80388,40.8133],[-73.80395,40.81337],[-73.80398,40.8134],[-73.80399,40.81341],[-73.80417,40.81359],[-73.80424,40.81365],[-73.80425,40.81365],[-73.80434,40.8136],[-73.80436,40.81361],[-73.80432,40.81363],[-73.80419,40.81371],[-73.80415,40.81373],[-73.80414,40.81372],[-73.80423,40.81366],[-73.80416,40.8136],[-73.80395,40.8134],[-73.80394,40.81339],[-73.8039,40.81335],[-73.80387,40.81332],[-73.80385,40.8133],[-73.8038,40.81325],[-73.80378,40.81323],[-73.80373,40.81318],[-73.80371,40.81316],[-73.8036,40.81306],[-73.80356,40.81304],[-73.80361,40.81297],[-73.80351,40.81294],[-73.80346,40.81305],[-73.80339,40.81313],[-73.8033,40.81316],[-73.80325,40.8132],[-73.80324,40.8133],[-73.80334,40.81332],[-73.80335,40.81331],[-73.80346,40.81333],[-73.80345,40.81335],[-73.80337,40.81333],[-73.80336,40.81334],[-73.80323,40.81332],[-73.80322,40.81336],[-73.80329,40.81338],[-73.80336,40.81339],[-73.80336,40.81338],[-73.80346,40.8134],[-73.80345,40.81341],[-73.80352,40.81349],[-73.80353,40.81349],[-73.80356,40.81353],[-73.80358,40.81355],[-73.80363,40.81361],[-73.80364,40.81361],[-73.8037,40.81367],[-73.8037,40.81368],[-73.80397,40.81397],[-73.80404,40.81394],[-73.80405,40.81395],[-73.80407,40.81397],[-73.80409,40.81395],[-73.80418,40.81403],[-73.80417,40.81404],[-73.80419,40.81405],[-73.80418,40.81406],[-73.80419,40.81407],[-73.80421,40.81409],[-73.80425,40.81413],[-73.80437,40.81424],[-73.80443,40.81429],[-73.80445,40.81429],[-73.80452,40.81425],[-73.80453,40.81425],[-73.80443,40.81432],[-73.80426,40.81416],[-73.80424,40.81414],[-73.8042,40.81411],[-73.80417,40.81408],[-73.80412,40.81404],[-73.80409,40.81401],[-73.80404,40.81396],[-73.80396,40.81399],[-73.80393,40.81395],[-73.80387,40.81389],[-73.80384,40.81386],[-73.80384,40.81386],[-73.8038,40.81382],[-73.8038,40.81381],[-73.80376,40.81377],[-73.80376,40.81377],[-73.80372,40.81373],[-73.80371,40.81372],[-73.80367,40.81368],[-73.80367,40.81368],[-73.80363,40.81364],[-73.80363,40.81363],[-73.80359,40.81359],[-73.80358,40.81359],[-73.80355,40.81355],[-73.80354,40.81354],[-73.8035,40.8135],[-73.8035,40.8135],[-73.80346,40.81346],[-73.80346,40.81345],[-73.80343,40.81342],[-73.80335,40.81341],[-73.80336,40.8134],[-73.80329,40.81339],[-73.80322,40.81337],[-73.8032,40.81351],[-73.80352,40.81395],[-73.80357,40.814],[-73.80389,40.81431],[-73.80418,40.81459],[-73.80431,40.81459],[-73.80436,40.81457],[-73.80435,40.81456],[-73.80439,40.81454],[-73.80443,40.81458],[-73.80439,40.8146],[-73.80437,40.81459],[-73.80433,40.8146],[-73.80435,40.81462],[-73.80436,40.8147],[-73.80441,40.81477],[-73.80447,40.81489],[-73.8046,40.81504],[-73.80462,40.81506],[-73.80465,40.81513],[-73.80469,40.81519],[-73.80472,40.81523],[-73.80476,40.81527],[-73.80481,40.81531],[-73.80486,40.81534],[-73.80489,40.81538],[-73.80492,40.81542],[-73.80495,40.81546],[-73.805,40.81549],[-73.80502,40.8155],[-73.80503,40.81551],[-73.80505,40.81553],[-73.80506,40.81554],[-73.80506,40.81556],[-73.80509,40.8156],[-73.80511,40.81564],[-73.80515,40.81567],[-73.80519,40.8157],[-73.80524,40.81572],[-73.80529,40.81573],[-73.80585,40.81601],[-73.80596,40.81604],[-73.8062,40.81629],[-73.80628,40.81627],[-73.80642,40.81651],[-73.80655,40.81661],[-73.80657,40.81661],[-73.80657,40.8166],[-73.80658,40.81659],[-73.80655,40.81653],[-73.80654,40.81653],[-73.80631,40.81615],[-73.80623,40.81607],[-73.80615,40.81599],[-73.80612,40.81595],[-73.80609,40.81593],[-73.80602,40.81589],[-73.80599,40.81587],[-73.80598,40.81586],[-73.80594,40.81583],[-73.80593,40.81582],[-73.80589,40.8158],[-73.80587,40.81579],[-73.80583,40.81576],[-73.80582,40.81575],[-73.8058,40.81573],[-73.80579,40.81572],[-73.80574,40.81569],[-73.80572,40.81568],[-73.80568,40.81565],[-73.80567,40.81564],[-73.80561,40.81561],[-73.80559,40.81559],[-73.80556,40.81557],[-73.80555,40.81556],[-73.80551,40.81554],[-73.80545,40.8155],[-73.80543,40.8155],[-73.80541,40.81551],[-73.80538,40.81548],[-73.80528,40.81541],[-73.80508,40.8152],[-73.80507,40.81518],[-73.80504,40.81516],[-73.80498,40.81509],[-73.80495,40.81506],[-73.80494,40.81504],[-73.80489,40.81499],[-73.80487,40.81497],[-73.80484,40.81493],[-73.80483,40.81493],[-73.80464,40.81472],[-73.80455,40.81463],[-73.80456,40.81463],[-73.80454,40.81461],[-73.80466,40.81454],[-73.80468,40.81457],[-73.80459,40.81462],[-73.80464,40.81468],[-73.80465,40.81469],[-73.80469,40.81473],[-73.8047,40.81475],[-73.80474,40.81479],[-73.80475,40.81481],[-73.8048,40.81486],[-73.80481,40.81488],[-73.80499,40.81507],[-73.80504,40.81512],[-73.80505,40.81513],[-73.8051,40.81519],[-73.80511,40.8152],[-73.80516,40.81525],[-73.80517,40.81527],[-73.80522,40.81532],[-73.80524,40.81534],[-73.80528,40.81538],[-73.8053,40.81539],[-73.80536,40.81544],[-73.80538,40.81546],[-73.8054,40.81547],[-73.80544,40.81546],[-73.80555,40.81553],[-73.80556,40.81555],[-73.80562,40.81559],[-73.80564,40.8156],[-73.8057,40.81564],[-73.80572,40.81565],[-73.80575,40.81567],[-73.80588,40.81577],[-73.80589,40.81577],[-73.80592,40.81579],[-73.80606,40.81589],[-73.8061,40.81592],[-73.80622,40.81603],[-73.80633,40.81614],[-73.8064,40.81625],[-73.80642,40.81628],[-73.80643,40.81629],[-73.80645,40.81633],[-73.80646,40.81634],[-73.80648,40.81637],[-73.80649,40.81638],[-73.80651,40.81641],[-73.80652,40.81642],[-73.80654,40.81645],[-73.80655,40.81647],[-73.80657,40.81651],[-73.80658,40.81652],[-73.80661,40.81658],[-73.80671,40.81655],[-73.80672,40.81658],[-73.80659,40.81662],[-73.80658,40.81662],[-73.80658,40.81662],[-73.80661,40.81666],[-73.80693,40.81657],[-73.80689,40.81649],[-73.80685,40.81643],[-73.8068,40.81633],[-73.80679,40.81632],[-73.80679,40.81632],[-73.80676,40.81627],[-73.80676,40.81626],[-73.80673,40.81622],[-73.80673,40.81621],[-73.8067,40.81617],[-73.8067,40.81616],[-73.80667,40.81611],[-73.8066,40.816],[-73.80659,40.81599],[-73.80657,40.81594],[-73.80654,40.81589],[-73.80655,40.81589],[-73.80672,40.81616],[-73.8069,40.81648],[-73.80694,40.81656],[-73.80694,40.81656],[-73.80696,40.81656],[-73.80705,40.81653],[-73.80695,40.81621],[-73.8068,40.81602],[-73.80679,40.81601],[-73.80677,40.81598],[-73.80663,40.81568],[-73.80659,40.8157],[-73.80658,40.81573],[-73.8064,40.8157],[-73.80641,40.81566],[-73.80656,40.81569],[-73.80662,40.81567],[-73.80663,40.81559],[-73.80641,40.81538],[-73.80568,40.81503],[-73.80563,40.81484],[-73.80564,40.81479],[-73.80564,40.81476],[-73.80552,40.81474],[-73.80546,40.81469],[-73.80552,40.81462],[-73.80553,40.81459],[-73.80557,40.81454],[-73.80557,40.8145],[-73.80552,40.81447],[-73.80545,40.81442],[-73.80543,40.8144],[-73.80544,40.81434],[-73.80545,40.8143],[-73.80542,40.81424],[-73.80542,40.81413],[-73.80541,40.8138],[-73.80544,40.81377],[-73.80546,40.81374],[-73.80547,40.81371],[-73.80548,40.81368],[-73.80548,40.81365],[-73.80547,40.81362],[-73.80546,40.81359],[-73.80544,40.81357],[-73.80543,40.81356],[-73.80542,40.81354],[-73.80542,40.81353],[-73.80542,40.81351],[-73.80542,40.8135],[-73.80544,40.81347],[-73.80545,40.81345],[-73.80545,40.81343],[-73.80545,40.8134],[-73.80545,40.81338],[-73.80544,40.81335],[-73.80532,40.81323],[-73.80535,40.81313],[-73.80527,40.81284],[-73.80504,40.81263],[-73.80503,40.81261],[-73.80503,40.81259],[-73.80503,40.81256],[-73.80503,40.81254],[-73.80504,40.81252],[-73.80505,40.8125],[-73.80506,40.81245],[-73.80506,40.8124],[-73.80506,40.81235],[-73.80505,40.8123],[-73.80503,40.81225],[-73.805,40.81221],[-73.80496,40.81216],[-73.80492,40.81212],[-73.80487,40.81209],[-73.80482,40.81206],[-73.80476,40.81203],[-73.80458,40.81212],[-73.80454,40.81212],[-73.80452,40.8121],[-73.80449,40.81209],[-73.80447,40.81207],[-73.80445,40.81205],[-73.80443,40.81203],[-73.80442,40.81202],[-73.80439,40.81201],[-73.80409,40.81212],[-73.80406,40.81207],[-73.80391,40.81211],[-73.80372,40.81189],[-73.80344,40.81159],[-73.80337,40.81154],[-73.80324,40.81124],[-73.80317,40.81087],[-73.80293,40.81054],[-73.80257,40.81028],[-73.80235,40.81004],[-73.8023,40.81002],[-73.80225,40.81002],[-73.8022,40.81002],[-73.80215,40.81003],[-73.80215,40.81004],[-73.80215,40.81005],[-73.80215,40.81006],[-73.80215,40.81007],[-73.80214,40.81008],[-73.80213,40.81009],[-73.80212,40.8101],[-73.80148,40.81061],[-73.80136,40.81071],[-73.80116,40.81059],[-73.80101,40.81071],[-73.801,40.81071],[-73.80114,40.81058],[-73.80124,40.81048],[-73.80147,40.81014],[-73.80011,40.80971],[-73.79854,40.80959],[-73.79576,40.80834],[-73.79376,40.80745],[-73.79368,40.80742],[-73.79361,40.80739],[-73.79229,40.80685],[-73.79172,40.80688],[-73.79166,40.80688],[-73.7916,40.80689],[-73.79155,40.80691],[-73.79149,40.80694],[-73.79144,40.80696],[-73.7914,40.807],[-73.79136,40.80704],[-73.79134,40.80705],[-73.79132,40.80708],[-73.79131,40.8071],[-73.7913,40.80712],[-73.7913,40.80715],[-73.7913,40.80717],[-73.79131,40.8072],[-73.79132,40.80722],[-73.79134,40.80724],[-73.79136,40.80726],[-73.79138,40.80727],[-73.79141,40.80729],[-73.79144,40.8073],[-73.79149,40.80732],[-73.79152,40.80735],[-73.79156,40.80738],[-73.79159,40.80741],[-73.79159,40.80743],[-73.79158,40.80744],[-73.79157,40.80746],[-73.79156,40.80747],[-73.79154,40.80748],[-73.79152,40.80749],[-73.7915,40.8075],[-73.79148,40.8075],[-73.79146,40.8075],[-73.79144,40.8075],[-73.7913,40.80745],[-73.79116,40.80741],[-73.79101,40.80737],[-73.79086,40.80734],[-73.79082,40.80725],[-73.79079,40.80716],[-73.79076,40.80707],[-73.79074,40.80697],[-73.79073,40.80688],[-73.79072,40.80678],[-73.79072,40.80668],[-73.79073,40.80659],[-73.79043,40.80633],[-73.79025,40.80602],[-73.79012,40.80577],[-73.79008,40.80552],[-73.79006,40.80541],[-73.79015,40.80508],[-73.79028,40.80482],[-73.79057,40.80456],[-73.79066,40.80449],[-73.79104,40.80426],[-73.7916,40.80414],[-73.79169,40.80412],[-73.79177,40.80413],[-73.79184,40.80413],[-73.79192,40.80412],[-73.79199,40.80411],[-73.79206,40.8041],[-73.79216,40.80405],[-73.79225,40.804],[-73.79236,40.80404],[-73.79248,40.80408],[-73.7926,40.80411],[-73.79272,40.80414],[-73.79285,40.80417],[-73.79298,40.80419],[-73.79312,40.8042],[-73.79325,40.8042],[-73.79339,40.8042],[-73.79351,40.80426],[-73.79359,40.80437],[-73.79366,40.80439],[-73.79373,40.80444],[-73.79401,40.80464],[-73.79401,40.80483],[-73.79452,40.805],[-73.7948,40.80536],[-73.79492,40.80549],[-73.79505,40.80561],[-73.79518,40.80573],[-73.79532,40.80584],[-73.79547,40.80596],[-73.79562,40.80606],[-73.79578,40.80616],[-73.79584,40.80617],[-73.79601,40.80592],[-73.79619,40.806],[-73.79621,40.80597],[-73.7965,40.8061],[-73.79637,40.80628],[-73.79652,40.80629],[-73.79703,40.80635],[-73.79715,40.80639],[-73.79792,40.80671],[-73.79885,40.80718],[-73.80054,40.8084],[-73.80131,40.80878],[-73.80145,40.80887],[-73.80145,40.80891],[-73.80152,40.80895],[-73.80159,40.80899],[-73.80167,40.80902],[-73.80175,40.80904],[-73.80184,40.80906],[-73.80192,40.80908],[-73.80204,40.80911],[-73.80222,40.80914],[-73.80241,40.80915],[-73.8026,40.80915],[-73.80278,40.80912],[-73.80291,40.80908],[-73.80309,40.80899],[-73.80326,40.80891],[-73.80339,40.80884],[-73.8035,40.80881],[-73.80359,40.80876],[-73.80362,40.80872],[-73.80365,40.80865],[-73.80366,40.80861],[-73.80368,40.80859],[-73.80369,40.80857],[-73.80371,40.80855],[-73.80373,40.80853],[-73.80376,40.80852],[-73.80378,40.80851],[-73.80381,40.80851],[-73.80384,40.80851],[-73.80387,40.80851],[-73.8039,40.80852],[-73.80393,40.80853],[-73.80397,40.80858],[-73.80401,40.80863],[-73.80403,40.80869],[-73.80405,40.80875],[-73.80414,40.80882],[-73.80432,40.80897],[-73.80452,40.80911],[-73.80468,40.80923],[-73.80484,40.80934],[-73.80502,40.80944],[-73.80503,40.80942],[-73.80502,40.80941],[-73.80506,40.80936],[-73.80512,40.8094],[-73.80508,40.80944],[-73.80506,40.80943],[-73.80504,40.80946],[-73.80521,40.80956],[-73.80536,40.80964],[-73.80551,40.80972],[-73.80567,40.8098],[-73.80585,40.80989],[-73.80603,40.80997],[-73.80621,40.81005],[-73.80661,40.81031],[-73.80714,40.81066],[-73.80724,40.81082],[-73.80735,40.81097],[-73.80747,40.81112],[-73.80759,40.81127],[-73.80773,40.81142],[-73.80788,40.81157],[-73.80799,40.81168],[-73.80811,40.81179],[-73.80823,40.81189],[-73.8084,40.81203],[-73.80857,40.81216],[-73.80875,40.81229],[-73.80894,40.81241],[-73.80913,40.81253],[-73.80933,40.81264],[-73.80954,40.81275],[-73.80973,40.81284],[-73.80992,40.81293],[-73.80998,40.81295],[-73.81006,40.81297],[-73.81016,40.81299],[-73.81027,40.813],[-73.81035,40.81299],[-73.81042,40.81298],[-73.8105,40.81296],[-73.8106,40.81294],[-73.81067,40.81276],[-73.81078,40.81277],[-73.81079,40.81279],[-73.8108,40.81281],[-73.81081,40.81283],[-73.81083,40.81285],[-73.81085,40.81287],[-73.81088,40.81288],[-73.8109,40.81289],[-73.81093,40.8129],[-73.81096,40.8129],[-73.81099,40.81289],[-73.81102,40.81288],[-73.81105,40.81288],[-73.81108,40.81288],[-73.81111,40.8129],[-73.81114,40.81291],[-73.81117,40.81294],[-73.81119,40.81296],[-73.81121,40.81298],[-73.81125,40.81299],[-73.81133,40.81301],[-73.81142,40.81303],[-73.81148,40.81304],[-73.81155,40.81305],[-73.81157,40.81305],[-73.81167,40.81306],[-73.8117,40.81306],[-73.81173,40.81306],[-73.81177,40.81304],[-73.8118,40.81301],[-73.81182,40.81297],[-73.81183,40.81294],[-73.81185,40.81294],[-73.81188,40.81295],[-73.81189,40.81297],[-73.81192,40.81301],[-73.81194,40.81303],[-73.812,40.81305],[-73.81207,40.81306],[-73.81216,40.81307],[-73.81226,40.81308],[-73.81234,40.81309],[-73.81241,40.81309],[-73.81248,40.81311],[-73.81255,40.81313],[-73.81261,40.81314],[-73.81269,40.81315],[-73.81277,40.81316],[-73.81283,40.8132],[-73.8129,40.81324],[-73.81297,40.81327],[-73.81304,40.8133],[-73.81313,40.81333],[-73.81334,40.81337],[-73.81347,40.81339],[-73.81349,40.81336],[-73.81356,40.81333],[-73.8136,40.81333],[-73.81358,40.81336],[-73.8136,40.81339],[-73.814,40.81355],[-73.81408,40.81353],[-73.81416,40.81352],[-73.81419,40.81352],[-73.81427,40.81351],[-73.81435,40.81351],[-73.81443,40.81352],[-73.81446,40.81296],[-73.81437,40.81296],[-73.81437,40.81294],[-73.81444,40.81294],[-73.81447,40.81292],[-73.81447,40.81291],[-73.8145,40.81291],[-73.8145,40.81292],[-73.81453,40.81295],[-73.81462,40.81295],[-73.81462,40.81297],[-73.8145,40.81296],[-73.81448,40.81352],[-73.81469,40.81352],[-73.81471,40.81352],[-73.81486,40.81354],[-73.81489,40.81354],[-73.81502,40.81354],[-73.81533,40.81352],[-73.81551,40.8135],[-73.81566,40.81351],[-73.81576,40.81357],[-73.81588,40.81377],[-73.8162,40.81385],[-73.81648,40.81385],[-73.81668,40.8138],[-73.81675,40.81371],[-73.81686,40.81369],[-73.81725,40.81361],[-73.81735,40.81358],[-73.81737,40.81357],[-73.81736,40.81338],[-73.81738,40.81338],[-73.81739,40.81357],[-73.81745,40.81356],[-73.81759,40.81355],[-73.8176,40.81355],[-73.81777,40.81355],[-73.8179,40.81355],[-73.81792,40.81354],[-73.81793,40.8134],[-73.81794,40.8134],[-73.81794,40.81336],[-73.81793,40.81335],[-73.81794,40.8133],[-73.81798,40.8133],[-73.81797,40.81336],[-73.81796,40.81336],[-73.81796,40.8134],[-73.81796,40.8134],[-73.81796,40.81354],[-73.81804,40.81353],[-73.81808,40.81352],[-73.81808,40.81349],[-73.81808,40.81347],[-73.81812,40.81347],[-73.81815,40.81347],[-73.8182,40.81349],[-73.81845,40.81346],[-73.81854,40.81345],[-73.81874,40.81343],[-73.81893,40.81338],[-73.81917,40.81333],[-73.81938,40.81327],[-73.81947,40.81324],[-73.81956,40.81322],[-73.81968,40.81321],[-73.81982,40.81318],[-73.8199,40.81314],[-73.82001,40.81309],[-73.82007,40.81304],[-73.8201,40.81297],[-73.82011,40.81286],[-73.82039,40.81284],[-73.82041,40.81297],[-73.82048,40.81302],[-73.82056,40.81302],[-73.82049,40.81284],[-73.82045,40.81285],[-73.8204,40.81277],[-73.82046,40.81276],[-73.82044,40.81271],[-73.82042,40.81271],[-73.82029,40.81245],[-73.82026,40.81245],[-73.82024,40.81243],[-73.82107,40.8122],[-73.82108,40.81223],[-73.82032,40.81244],[-73.82042,40.81264],[-73.82113,40.81245],[-73.82114,40.81247],[-73.82044,40.81266],[-73.82046,40.8127],[-73.82048,40.81275],[-73.82053,40.81274],[-73.82056,40.81281],[-73.82053,40.81283],[-73.82059,40.81302],[-73.82084,40.813],[-73.82096,40.81299],[-73.82106,40.81298],[-73.82113,40.81296],[-73.82118,40.81295],[-73.82124,40.81293],[-73.82125,40.8129],[-73.82125,40.8129],[-73.82125,40.81289],[-73.82123,40.81288],[-73.82122,40.81287],[-73.82122,40.81286],[-73.82122,40.81285],[-73.82125,40.81285],[-73.82127,40.81285],[-73.8213,40.81285],[-73.82133,40.81286],[-73.82137,40.81287],[-73.82141,40.81287],[-73.82139,40.81284],[-73.82146,40.81282],[-73.8214,40.81271],[-73.82142,40.8127],[-73.82152,40.81285],[-73.82162,40.81283],[-73.82169,40.81277],[-73.8217,40.81275],[-73.82166,40.81267],[-73.8217,40.81266],[-73.82176,40.81277],[-73.82197,40.81275],[-73.82211,40.8127],[-73.82209,40.81263],[-73.82213,40.81262],[-73.82218,40.81268],[-73.82228,40.81266],[-73.82213,40.81237],[-73.82217,40.81235],[-73.82227,40.81254],[-73.82225,40.81255],[-73.82231,40.81266],[-73.82264,40.81258],[-73.82273,40.81251],[-73.82285,40.81249],[-73.82291,40.81248],[-73.82299,40.81246],[-73.82308,40.81245],[-73.82318,40.81242],[-73.82325,40.81241],[-73.82333,40.81238],[-73.82339,40.81236],[-73.82345,40.81232],[-73.82346,40.81231],[-73.82346,40.81229],[-73.82346,40.81226],[-73.82346,40.81222],[-73.82346,40.8122],[-73.82347,40.81219],[-73.8235,40.81219],[-73.82352,40.81222],[-73.82356,40.81228],[-73.82357,40.81228],[-73.82362,40.81228],[-73.82372,40.81226],[-73.82382,40.81224],[-73.82388,40.81222],[-73.82409,40.81216],[-73.82426,40.81211],[-73.82441,40.81205],[-73.8246,40.81197],[-73.82506,40.81183],[-73.82481,40.81144],[-73.82483,40.81143],[-73.82488,40.81151],[-73.82493,40.81154],[-73.82492,40.81157],[-73.82508,40.81182],[-73.82516,40.8118],[-73.82524,40.81176],[-73.82493,40.81134],[-73.82492,40.81134],[-73.82488,40.81127],[-73.82492,40.81126],[-73.82496,40.81132],[-73.82495,40.81133],[-73.82527,40.81175],[-73.8254,40.8117],[-73.82549,40.81166],[-73.82521,40.81122],[-73.82523,40.81121],[-73.82551,40.81165],[-73.82559,40.81161],[-73.82565,40.81159],[-73.82541,40.81116],[-73.8254,40.81117],[-73.82533,40.81104],[-73.82536,40.81103],[-73.82567,40.81158],[-73.82573,40.81157],[-73.82577,40.81155],[-73.8256,40.81124],[-73.82563,40.81123],[-73.82559,40.81117],[-73.82557,40.81117],[-73.8255,40.81103],[-73.82554,40.81102],[-73.82562,40.81115],[-73.82561,40.81116],[-73.82564,40.81122],[-73.82565,40.81121],[-73.82572,40.81133],[-73.82569,40.81134],[-73.82581,40.81153],[-73.82593,40.81149],[-73.82577,40.81122],[-73.8258,40.81121],[-73.82596,40.81147],[-73.82599,40.81146],[-73.82603,40.81145],[-73.82606,40.81143],[-73.82608,40.81141],[-73.82612,40.81131],[-73.82614,40.8113],[-73.82615,40.81129],[-73.82617,40.81128],[-73.82619,40.81128],[-73.82621,40.81128],[-73.82631,40.81128],[-73.82641,40.81147],[-73.82666,40.81196],[-73.82726,40.81293],[-73.82841,40.81488],[-73.82753,40.81518],[-73.82669,40.81547],[-73.82582,40.81577],[-73.82497,40.81605],[-73.82408,40.81635],[-73.82317,40.81668],[-73.82339,40.81705],[-73.82371,40.81765],[-73.82419,40.81838],[-73.82481,40.81934],[-73.82537,40.82021],[-73.82593,40.82088],[-73.82598,40.82094],[-73.82611,40.8211],[-73.82617,40.82117],[-73.82631,40.82134],[-73.82635,40.82138],[-73.82653,40.82159],[-73.82657,40.82164],[-73.82672,40.82182],[-73.82703,40.82167],[-73.82708,40.82164],[-73.82833,40.82104],[-73.82941,40.82232],[-73.82946,40.82238],[-73.82866,40.82278],[-73.8283,40.82296],[-73.82826,40.82299],[-73.82788,40.82318],[-73.82641,40.8239],[-73.82632,40.82394],[-73.82604,40.82408],[-73.82597,40.82411],[-73.82577,40.82421],[-73.82569,40.82425],[-73.82562,40.82428],[-73.82555,40.82432],[-73.82549,40.82435],[-73.82518,40.8245],[-73.82484,40.82467],[-73.82474,40.82471],[-73.82464,40.82476],[-73.82512,40.82491],[-73.82632,40.82529],[-73.82742,40.82563],[-73.82783,40.82577],[-73.82838,40.82595],[-73.83044,40.82661],[-73.8307,40.82669],[-73.8311,40.82682],[-73.83114,40.82681],[-73.83122,40.82676],[-73.83132,40.82672],[-73.83132,40.82672],[-73.83181,40.82689],[-73.83186,40.8269],[-73.83231,40.82709],[-73.83244,40.82714],[-73.83263,40.8272],[-73.83376,40.82762],[-73.8353,40.82818],[-73.83534,40.82819],[-73.83563,40.82825],[-73.83571,40.82827],[-73.83601,40.82833],[-73.83616,40.82835],[-73.83628,40.82838],[-73.83646,40.8284],[-73.83683,40.82844],[-73.83694,40.82882],[-73.83698,40.82893],[-73.83699,40.82898],[-73.83702,40.82905],[-73.83711,40.82903],[-73.83717,40.82902],[-73.83721,40.82901],[-73.83758,40.82897],[-73.83925,40.82891],[-73.8403,40.82887],[-73.8405,40.82886],[-73.84092,40.82883],[-73.84123,40.82881],[-73.8413,40.82881],[-73.84145,40.82879],[-73.8416,40.82878],[-73.84225,40.8287],[-73.84229,40.8287],[-73.84231,40.8288],[-73.84231,40.82892],[-73.84233,40.82907],[-73.84223,40.82983],[-73.84192,40.83063],[-73.84189,40.83071],[-73.84085,40.83175],[-73.84075,40.83178],[-73.84024,40.8322],[-73.83943,40.83298],[-73.83918,40.83316],[-73.839,40.83338],[-73.83888,40.8336],[-73.83885,40.83369],[-73.83883,40.83381],[-73.83881,40.83396],[-73.83883,40.83411],[-73.83888,40.83428],[-73.83893,40.83443],[-73.83894,40.83459],[-73.83894,40.83472],[-73.83895,40.83487],[-73.83897,40.83501],[-73.839,40.83514],[-73.83904,40.83529],[-73.83906,40.83544],[-73.83905,40.83558],[-73.83909,40.83572],[-73.83911,40.83592],[-73.83921,40.83657],[-73.83923,40.83674],[-73.83919,40.83707],[-73.83919,40.83711],[-73.83926,40.8372],[-73.83922,40.83739],[-73.83925,40.83759],[-73.83929,40.83783],[-73.83929,40.83804],[-73.83921,40.83825],[-73.8392,40.83828],[-73.83916,40.83846],[-73.83919,40.83871],[-73.83936,40.8388],[-73.83959,40.8388],[-73.83972,40.83957],[-73.83957,40.84055],[-73.83937,40.84088],[-73.83881,40.84077],[-73.83866,40.84073],[-73.83849,40.8407],[-73.83839,40.84068],[-73.83831,40.84064],[-73.83821,40.8406],[-73.83798,40.84051],[-73.83762,40.84028],[-73.83769,40.84081],[-73.83767,40.84112],[-73.83737,40.84204],[-73.83715,40.84273],[-73.83699,40.84318],[-73.83683,40.84346],[-73.83583,40.84347],[-73.83475,40.8435],[-73.83383,40.84352],[-73.83294,40.84352],[-73.83201,40.84363],[-73.83108,40.84374],[-73.83043,40.84386],[-73.82966,40.84409],[-73.82932,40.84419],[-73.82871,40.84437],[-73.82845,40.84445],[-73.82758,40.84473],[-73.82675,40.84508],[-73.82611,40.84534],[-73.8262,40.84382],[-73.82624,40.84299],[-73.82608,40.84137],[-73.82603,40.84102],[-73.82599,40.84068],[-73.82597,40.84033]]]]}},{"type":"Feature","properties":{"ntaname":"Pelham Bay-Country Club-City Island","nta2020":"BX1003","ntatype":"0"},"geometry":{"type":"MultiPolygon","coordinates":[[[[-73.78833,40.83467],[-73.78931,40.83446],[-73.78951,40.83536],[-73.78846,40.83531],[-73.78833,40.83467]]],[[[-73.81563,40.84818],[-73.8157,40.84816],[-73.81576,40.84818],[-73.8158,40.84816],[-73.81581,40.84815],[-73.81587,40.84809],[-73.8159,40.84801],[-73.8159,40.8479],[-73.8159,40.84782],[-73.81586,40.84778],[-73.81578,40.84773],[-73.81569,40.84771],[-73.81563,40.84771],[-73.8156,40.84769],[-73.8156,40.84766],[-73.81565,40.84764],[-73.81569,40.84765],[-73.81575,40.84766],[-73.8158,40.84768],[-73.81588,40.84768],[-73.81596,40.84766],[-73.81597,40.84765],[-73.81606,40.84759],[-73.8161,40.84751],[-73.81613,40.84739],[-73.81615,40.84725],[-73.81617,40.84702],[-73.81617,40.84684],[-73.81615,40.84665],[-73.81613,40.84653],[-73.81612,40.84649],[-73.81611,40.84645],[-73.81607,40.84642],[-73.81603,40.8464],[-73.81584,40.84633],[-73.81578,40.84631],[-73.81572,40.84629],[-73.81568,40.84634],[-73.81569,40.84634],[-73.81546,40.8466],[-73.81534,40.84669],[-73.81504,40.84687],[-73.81493,40.84694],[-73.81486,40.84698],[-73.81463,40.84714],[-73.81462,40.84717],[-73.81467,40.8472],[-73.81465,40.84722],[-73.81451,40.84711],[-73.81453,40.84709],[-73.81458,40.84712],[-73.81461,40.84713],[-73.81485,40.84696],[-73.81496,40.84689],[-73.81516,40.84677],[-73.81533,40.84667],[-73.81543,40.84659],[-73.8155,40.84651],[-73.81547,40.8465],[-73.81556,40.84641],[-73.81558,40.84642],[-73.81568,40.84631],[-73.81569,40.84631],[-73.8157,40.84629],[-73.81566,40.84629],[-73.81562,40.84629],[-73.81561,40.84629],[-73.81557,40.8463],[-73.81551,40.84632],[-73.81516,40.8465],[-73.81512,40.84652],[-73.81507,40.84654],[-73.81504,40.84655],[-73.815,40.84654],[-73.81497,40.84652],[-73.81492,40.84648],[-73.81485,40.84652],[-73.8147,40.8466],[-73.81459,40.84667],[-73.81457,40.84668],[-73.81451,40.84671],[-73.81448,40.84673],[-73.81443,40.84676],[-73.81441,40.84677],[-73.81436,40.8468],[-73.81433,40.84682],[-73.81428,40.84685],[-73.81424,40.84687],[-73.8142,40.84689],[-73.81416,40.84692],[-73.81412,40.84694],[-73.8141,40.84695],[-73.81405,40.84698],[-73.81402,40.847],[-73.81397,40.84703],[-73.81393,40.84705],[-73.81389,40.84707],[-73.81387,40.84709],[-73.81381,40.84712],[-73.81379,40.84713],[-73.81373,40.84716],[-73.81371,40.84718],[-73.81366,40.84721],[-73.81366,40.84722],[-73.81371,40.84726],[-73.81369,40.84727],[-73.81361,40.8472],[-73.81356,40.84715],[-73.81358,40.84714],[-73.81363,40.84719],[-73.81364,40.84719],[-73.8137,40.84716],[-73.81372,40.84715],[-73.81377,40.84712],[-73.8138,40.8471],[-73.81385,40.84707],[-73.81388,40.84706],[-73.81391,40.84704],[-73.81395,40.84701],[-73.81401,40.84698],[-73.81403,40.84697],[-73.81408,40.84694],[-73.81411,40.84692],[-73.81412,40.84692],[-73.81428,40.84682],[-73.81432,40.8468],[-73.81442,40.84674],[-73.81443,40.84674],[-73.81458,40.84665],[-73.81484,40.84651],[-73.81491,40.84647],[-73.81466,40.84621],[-73.81447,40.84623],[-73.81442,40.84619],[-73.81466,40.84597],[-73.8146,40.84591],[-73.81468,40.84587],[-73.81475,40.84582],[-73.81481,40.84578],[-73.81486,40.84574],[-73.81509,40.8456],[-73.81503,40.8455],[-73.81421,40.84601],[-73.81399,40.84583],[-73.8139,40.84587],[-73.81319,40.84623],[-73.81314,40.84617],[-73.81382,40.8458],[-73.81401,40.84567],[-73.81402,40.84563],[-73.81398,40.84565],[-73.81348,40.84597],[-73.81346,40.84595],[-73.81397,40.84564],[-73.81402,40.84562],[-73.81403,40.84559],[-73.81395,40.84552],[-73.81369,40.84566],[-73.81367,40.84565],[-73.81394,40.84551],[-73.8139,40.84548],[-73.81386,40.84542],[-73.81373,40.84549],[-73.81371,40.84546],[-73.81384,40.8454],[-73.81381,40.84535],[-73.81363,40.84528],[-73.81362,40.84531],[-73.81361,40.84532],[-73.81361,40.84533],[-73.81361,40.84533],[-73.8136,40.84535],[-73.81352,40.84552],[-73.81352,40.84552],[-73.81349,40.84558],[-73.81346,40.84565],[-73.81345,40.84565],[-73.81343,40.84571],[-73.81341,40.84575],[-73.8134,40.84576],[-73.81336,40.84585],[-73.81335,40.84585],[-73.81333,40.84589],[-73.81332,40.8459],[-73.81329,40.84595],[-73.81321,40.84592],[-73.81322,40.84591],[-73.81328,40.84594],[-73.81331,40.8459],[-73.81331,40.84589],[-73.81334,40.84585],[-73.81334,40.84584],[-73.81336,40.84581],[-73.81337,40.8458],[-73.81344,40.84565],[-73.81346,40.8456],[-73.81347,40.84558],[-73.81349,40.84555],[-73.8135,40.84552],[-73.8135,40.84551],[-73.81353,40.84547],[-73.81353,40.84546],[-73.81355,40.84541],[-73.81356,40.8454],[-73.81358,40.84535],[-73.81358,40.84534],[-73.81358,40.84535],[-73.81359,40.84533],[-73.81359,40.84533],[-73.8136,40.84531],[-73.81361,40.8453],[-73.81361,40.84529],[-73.81362,40.84528],[-73.81346,40.84521],[-73.81326,40.84523],[-73.81324,40.84529],[-73.81323,40.84531],[-73.81321,40.84538],[-73.81318,40.84543],[-73.81318,40.84544],[-73.81316,40.84549],[-73.81313,40.84556],[-73.8131,40.84563],[-73.8131,40.84563],[-73.81307,40.84571],[-73.81307,40.84572],[-73.81306,40.84574],[-73.81303,40.8458],[-73.81297,40.84593],[-73.81297,40.84595],[-73.81296,40.84596],[-73.81293,40.84602],[-73.81293,40.84603],[-73.8129,40.84609],[-73.81289,40.8461],[-73.81287,40.84616],[-73.81286,40.84617],[-73.81283,40.84622],[-73.81283,40.84624],[-73.8128,40.8463],[-73.81286,40.84631],[-73.81285,40.84632],[-73.81272,40.84629],[-73.81273,40.84628],[-73.81279,40.84629],[-73.81281,40.84623],[-73.81291,40.84602],[-73.81292,40.84601],[-73.81294,40.84596],[-73.81295,40.84594],[-73.81298,40.84587],[-73.81299,40.84586],[-73.81302,40.84579],[-73.81302,40.84578],[-73.81304,40.84573],[-73.81309,40.84562],[-73.81312,40.84556],[-73.81312,40.84555],[-73.81314,40.8455],[-73.81315,40.84547],[-73.81317,40.84543],[-73.81317,40.84542],[-73.81319,40.84537],[-73.8132,40.84534],[-73.81321,40.84531],[-73.81322,40.8453],[-73.81322,40.8453],[-73.81324,40.84524],[-73.81321,40.84524],[-73.81319,40.84522],[-73.81316,40.8452],[-73.81313,40.84518],[-73.8131,40.84517],[-73.81307,40.84516],[-73.81303,40.84516],[-73.813,40.84516],[-73.81294,40.84515],[-73.81288,40.84513],[-73.81286,40.84517],[-73.81299,40.84521],[-73.81315,40.8452],[-73.81316,40.84521],[-73.81299,40.84522],[-73.81286,40.84519],[-73.81283,40.84525],[-73.81275,40.84547],[-73.81269,40.8456],[-73.81264,40.84575],[-73.81261,40.84582],[-73.81259,40.84587],[-73.81259,40.84588],[-73.81252,40.84606],[-73.81249,40.84614],[-73.81247,40.84619],[-73.81247,40.8462],[-73.81245,40.84625],[-73.81237,40.84648],[-73.81234,40.84654],[-73.81241,40.84656],[-73.81241,40.84657],[-73.81228,40.84654],[-73.81228,40.84653],[-73.81233,40.84654],[-73.81239,40.84636],[-73.8124,40.84633],[-73.8124,40.84632],[-73.81243,40.84626],[-73.81244,40.84621],[-73.81245,40.84619],[-73.81246,40.84618],[-73.81247,40.84615],[-73.81248,40.84612],[-73.8125,40.84607],[-73.8125,40.84606],[-73.81252,40.84601],[-73.81252,40.846],[-73.81254,40.84594],[-73.81255,40.84593],[-73.81257,40.84588],[-73.81257,40.84587],[-73.81259,40.84582],[-73.81259,40.84581],[-73.81262,40.84574],[-73.81262,40.84573],[-73.81265,40.84567],[-73.81265,40.84566],[-73.81268,40.8456],[-73.81268,40.84559],[-73.8127,40.84554],[-73.81271,40.84553],[-73.81273,40.84547],[-73.81273,40.84546],[-73.81276,40.84539],[-73.81276,40.84539],[-73.81279,40.84532],[-73.81279,40.84531],[-73.81281,40.84525],[-73.81282,40.84524],[-73.81284,40.84518],[-73.81261,40.84513],[-73.81261,40.84511],[-73.81285,40.84516],[-73.81286,40.84513],[-73.81279,40.84511],[-73.81272,40.84508],[-73.81265,40.84505],[-73.81264,40.84504],[-73.81263,40.84503],[-73.81263,40.84501],[-73.81263,40.845],[-73.81254,40.84498],[-73.81244,40.84524],[-73.81255,40.84526],[-73.81254,40.84528],[-73.81246,40.84526],[-73.81219,40.84595],[-73.81217,40.84595],[-73.81196,40.84648],[-73.81196,40.84648],[-73.81203,40.8465],[-73.81202,40.84653],[-73.81204,40.84653],[-73.81203,40.84655],[-73.81192,40.84653],[-73.81188,40.84659],[-73.8123,40.84669],[-73.81244,40.84674],[-73.81242,40.84676],[-73.8123,40.84671],[-73.81188,40.84662],[-73.81184,40.84671],[-73.8117,40.84668],[-73.81223,40.8454],[-73.81224,40.84538],[-73.81232,40.84519],[-73.81232,40.84518],[-73.81233,40.84516],[-73.81234,40.84513],[-73.81243,40.84487],[-73.81243,40.84486],[-73.81245,40.84482],[-73.81252,40.84463],[-73.81252,40.84462],[-73.81253,40.84459],[-73.8126,40.84438],[-73.8126,40.84438],[-73.81262,40.84432],[-73.81265,40.84425],[-73.81266,40.84421],[-73.81277,40.84423],[-73.81278,40.84423],[-73.81278,40.84423],[-73.81278,40.84423],[-73.81271,40.84446],[-73.81271,40.84447],[-73.81272,40.84447],[-73.81272,40.84447],[-73.81272,40.84447],[-73.81273,40.84447],[-73.81273,40.84447],[-73.81278,40.84428],[-73.81278,40.84428],[-73.81278,40.84428],[-73.81278,40.84428],[-73.81278,40.84428],[-73.81278,40.84426],[-73.81282,40.84426],[-73.8128,40.84435],[-73.81276,40.84447],[-73.81277,40.84448],[-73.81278,40.84448],[-73.81281,40.84449],[-73.81281,40.84449],[-73.81299,40.84452],[-73.81298,40.84455],[-73.81297,40.84455],[-73.81276,40.8445],[-73.81276,40.8445],[-73.81276,40.84449],[-73.81274,40.84449],[-73.81271,40.84449],[-73.81271,40.84449],[-73.8127,40.84449],[-73.8127,40.84449],[-73.8127,40.8445],[-73.81265,40.84466],[-73.8129,40.84471],[-73.81291,40.84468],[-73.8129,40.84468],[-73.81291,40.84466],[-73.81296,40.84467],[-73.81297,40.84465],[-73.81311,40.84468],[-73.81309,40.84473],[-73.81305,40.84472],[-73.81304,40.84474],[-73.81307,40.84475],[-73.81306,40.84477],[-73.81312,40.84479],[-73.81309,40.84485],[-73.81266,40.84475],[-73.81268,40.84469],[-73.81268,40.84469],[-73.81264,40.84468],[-73.81255,40.84495],[-73.81263,40.84497],[-73.81264,40.84496],[-73.81265,40.84495],[-73.81266,40.84494],[-73.81267,40.84493],[-73.81269,40.84492],[-73.8127,40.84492],[-73.81272,40.84492],[-73.81285,40.84492],[-73.81299,40.84493],[-73.81312,40.84494],[-73.81325,40.84495],[-73.81335,40.84495],[-73.81345,40.84496],[-73.81355,40.84497],[-73.81355,40.84504],[-73.81359,40.84505],[-73.81363,40.84506],[-73.81366,40.84506],[-73.81368,40.84506],[-73.8137,40.84505],[-73.81372,40.84504],[-73.81374,40.84503],[-73.81376,40.84502],[-73.81377,40.84501],[-73.81378,40.84499],[-73.81379,40.84498],[-73.81384,40.84497],[-73.81389,40.84496],[-73.81394,40.84495],[-73.81399,40.84493],[-73.81404,40.84491],[-73.81408,40.84488],[-73.81412,40.84485],[-73.81414,40.84482],[-73.81417,40.84478],[-73.81418,40.84474],[-73.81412,40.84476],[-73.81386,40.84482],[-73.81387,40.84484],[-73.81375,40.84487],[-73.81374,40.84484],[-73.8137,40.84485],[-73.81369,40.84483],[-73.8139,40.84479],[-73.81389,40.84477],[-73.81395,40.84476],[-73.81396,40.84478],[-73.81404,40.84476],[-73.81419,40.84473],[-73.81418,40.84468],[-73.81417,40.84464],[-73.81415,40.8446],[-73.81412,40.84456],[-73.81408,40.84453],[-73.81404,40.8445],[-73.81399,40.84448],[-73.81394,40.84446],[-73.81388,40.84445],[-73.81383,40.84446],[-73.81382,40.84446],[-73.81373,40.84446],[-73.81366,40.84444],[-73.8136,40.84441],[-73.81357,40.84439],[-73.81355,40.84435],[-73.81355,40.84435],[-73.81351,40.8443],[-73.81347,40.84426],[-73.81344,40.84421],[-73.81343,40.84415],[-73.81342,40.84409],[-73.8134,40.84404],[-73.81338,40.84399],[-73.81336,40.84394],[-73.81336,40.84389],[-73.81336,40.84384],[-73.81338,40.84379],[-73.8134,40.84375],[-73.81343,40.8437],[-73.81346,40.84366],[-73.81347,40.84365],[-73.81348,40.84365],[-73.81349,40.84365],[-73.8135,40.84365],[-73.81351,40.84365],[-73.81356,40.84365],[-73.81361,40.84365],[-73.81366,40.84364],[-73.81371,40.84363],[-73.81376,40.84363],[-73.81382,40.84363],[-73.81387,40.84362],[-73.81392,40.8436],[-73.81397,40.84358],[-73.81402,40.84358],[-73.81408,40.84358],[-73.81413,40.84357],[-73.81417,40.84356],[-73.81422,40.84354],[-73.81429,40.84351],[-73.81437,40.84348],[-73.81444,40.84347],[-73.81453,40.84345],[-73.81461,40.84345],[-73.81469,40.84345],[-73.81477,40.84346],[-73.81485,40.84347],[-73.81493,40.84349],[-73.815,40.8435],[-73.81511,40.8437],[-73.8152,40.84405],[-73.81521,40.84406],[-73.81522,40.84408],[-73.81523,40.84409],[-73.81524,40.8441],[-73.81526,40.84411],[-73.81535,40.84415],[-73.81544,40.8442],[-73.81552,40.84424],[-73.81554,40.84425],[-73.81555,40.84426],[-73.81556,40.84427],[-73.81557,40.84428],[-73.81557,40.8443],[-73.81558,40.84431],[-73.81558,40.84432],[-73.81558,40.84434],[-73.81558,40.84435],[-73.81558,40.84437],[-73.81559,40.84438],[-73.8156,40.8444],[-73.81562,40.84441],[-73.81563,40.84442],[-73.81565,40.84442],[-73.81567,40.84443],[-73.81569,40.84443],[-73.81571,40.84443],[-73.81616,40.84443],[-73.81623,40.84442],[-73.81629,40.84441],[-73.81629,40.8444],[-73.8163,40.8444],[-73.81631,40.8444],[-73.81631,40.8444],[-73.81632,40.84439],[-73.81632,40.84439],[-73.81632,40.84438],[-73.81632,40.84438],[-73.81632,40.84437],[-73.81632,40.84436],[-73.81632,40.84436],[-73.81632,40.84435],[-73.8163,40.84435],[-73.81628,40.84434],[-73.81627,40.84432],[-73.81626,40.84431],[-73.81625,40.84429],[-73.81625,40.84428],[-73.81625,40.84426],[-73.81625,40.84425],[-73.81625,40.84421],[-73.81626,40.84418],[-73.81628,40.84416],[-73.8163,40.84413],[-73.81632,40.84411],[-73.81636,40.84409],[-73.81639,40.84407],[-73.81641,40.84407],[-73.81644,40.84406],[-73.81646,40.84406],[-73.81648,40.84407],[-73.8165,40.84407],[-73.81651,40.84408],[-73.81652,40.84409],[-73.81653,40.8441],[-73.81654,40.84411],[-73.81654,40.84412],[-73.81654,40.84412],[-73.81654,40.84412],[-73.81654,40.84412],[-73.81654,40.84413],[-73.81655,40.84413],[-73.81655,40.84413],[-73.81655,40.84413],[-73.81656,40.84413],[-73.81656,40.84413],[-73.81656,40.84413],[-73.81657,40.84413],[-73.81657,40.84413],[-73.81657,40.84413],[-73.81657,40.84413],[-73.81658,40.84413],[-73.81658,40.84412],[-73.81658,40.84412],[-73.81658,40.84411],[-73.81659,40.84411],[-73.81659,40.8441],[-73.8166,40.8441],[-73.8166,40.84409],[-73.81661,40.84409],[-73.81663,40.84411],[-73.81666,40.84412],[-73.81668,40.84413],[-73.81671,40.84414],[-73.81674,40.84414],[-73.81677,40.84414],[-73.8168,40.84413],[-73.81683,40.84413],[-73.81685,40.84411],[-73.81687,40.8441],[-73.81689,40.84409],[-73.81692,40.84409],[-73.81694,40.84408],[-73.81697,40.84408],[-73.81699,40.84409],[-73.81702,40.8441],[-73.81704,40.84411],[-73.81706,40.84412],[-73.81708,40.84413],[-73.81709,40.84415],[-73.8171,40.84417],[-73.8171,40.84419],[-73.81709,40.8442],[-73.81708,40.84422],[-73.81707,40.84423],[-73.81707,40.84423],[-73.81707,40.84424],[-73.81707,40.84424],[-73.81707,40.84425],[-73.81708,40.84425],[-73.81708,40.84426],[-73.81708,40.84426],[-73.81709,40.84426],[-73.81709,40.84427],[-73.8171,40.84427],[-73.81711,40.84427],[-73.81712,40.84427],[-73.81715,40.84428],[-73.81719,40.84428],[-73.81722,40.84428],[-73.81732,40.84431],[-73.81741,40.84433],[-73.8175,40.84437],[-73.81783,40.84437],[-73.81824,40.84436],[-73.81824,40.84434],[-73.81824,40.84433],[-73.81824,40.84432],[-73.81823,40.8443],[-73.81823,40.84429],[-73.81822,40.84428],[-73.81821,40.84427],[-73.8182,40.84427],[-73.81819,40.84426],[-73.81819,40.84425],[-73.81818,40.84424],[-73.81818,40.84423],[-73.81818,40.84422],[-73.81819,40.84421],[-73.81819,40.8442],[-73.8182,40.84418],[-73.8182,40.84416],[-73.8182,40.84413],[-73.81819,40.84411],[-73.81817,40.84411],[-73.81815,40.84411],[-73.81812,40.84411],[-73.8181,40.84412],[-73.81808,40.84413],[-73.81807,40.84414],[-73.81805,40.84415],[-73.81802,40.84419],[-73.81798,40.84422],[-73.81793,40.84425],[-73.81786,40.84426],[-73.81781,40.84427],[-73.81775,40.84427],[-73.81769,40.84427],[-73.81763,40.84426],[-73.8176,40.84425],[-73.81756,40.84425],[-73.81751,40.84423],[-73.81747,40.8442],[-73.81743,40.84418],[-73.81739,40.84415],[-73.81736,40.84412],[-73.81734,40.84408],[-73.81732,40.84404],[-73.81728,40.844],[-73.81724,40.84395],[-73.81719,40.84392],[-73.81717,40.84391],[-73.81715,40.84391],[-73.81713,40.84391],[-73.81711,40.84391],[-73.81669,40.84397],[-73.81668,40.84397],[-73.81666,40.84396],[-73.81663,40.84394],[-73.81661,40.84392],[-73.81661,40.84387],[-73.81661,40.84386],[-73.81661,40.84383],[-73.81658,40.84381],[-73.81656,40.8438],[-73.81652,40.84376],[-73.81649,40.84372],[-73.81644,40.84367],[-73.81644,40.84364],[-73.81642,40.84359],[-73.81639,40.84356],[-73.81637,40.84352],[-73.81636,40.8435],[-73.81635,40.84348],[-73.81635,40.84343],[-73.81636,40.84338],[-73.81635,40.84333],[-73.81631,40.84326],[-73.81627,40.84319],[-73.81623,40.84313],[-73.8162,40.84307],[-73.81615,40.84301],[-73.8161,40.84298],[-73.81603,40.84295],[-73.81597,40.84292],[-73.81594,40.84289],[-73.81591,40.84287],[-73.81588,40.84283],[-73.81587,40.84279],[-73.81572,40.84254],[-73.81517,40.84258],[-73.81517,40.84255],[-73.8157,40.84252],[-73.81562,40.84246],[-73.81551,40.84242],[-73.81544,40.84241],[-73.81542,40.84239],[-73.81541,40.84235],[-73.81541,40.84233],[-73.81543,40.84229],[-73.81547,40.84226],[-73.81547,40.84226],[-73.81551,40.84222],[-73.81552,40.8422],[-73.81555,40.84216],[-73.81556,40.84211],[-73.81556,40.84206],[-73.81556,40.84202],[-73.81558,40.84197],[-73.81559,40.8419],[-73.81558,40.84184],[-73.81557,40.84175],[-73.81553,40.84165],[-73.81547,40.84159],[-73.81543,40.84156],[-73.81538,40.84152],[-73.81533,40.84149],[-73.8153,40.84144],[-73.81529,40.84139],[-73.81529,40.84134],[-73.81528,40.84129],[-73.81526,40.84126],[-73.81523,40.84123],[-73.8148,40.84138],[-73.8148,40.8414],[-73.81476,40.84141],[-73.81473,40.84138],[-73.81522,40.8412],[-73.81522,40.84117],[-73.81522,40.84113],[-73.81523,40.8411],[-73.81525,40.84106],[-73.81523,40.84101],[-73.81522,40.84097],[-73.81521,40.84091],[-73.81518,40.84087],[-73.81515,40.84082],[-73.81513,40.84078],[-73.81511,40.84074],[-73.8151,40.84072],[-73.81509,40.8407],[-73.81507,40.84066],[-73.81507,40.84062],[-73.81507,40.84059],[-73.81505,40.84054],[-73.81498,40.84055],[-73.81498,40.84056],[-73.81492,40.84057],[-73.81491,40.84056],[-73.8149,40.84056],[-73.8149,40.84054],[-73.81491,40.84054],[-73.81491,40.84053],[-73.81497,40.84052],[-73.81497,40.84053],[-73.81505,40.84052],[-73.81501,40.84029],[-73.81497,40.84008],[-73.81481,40.8398],[-73.81437,40.83987],[-73.81436,40.83985],[-73.8148,40.83979],[-73.81479,40.83977],[-73.81478,40.83976],[-73.81477,40.83976],[-73.81476,40.83975],[-73.81475,40.83975],[-73.81473,40.83976],[-73.81472,40.83976],[-73.81471,40.83976],[-73.8147,40.83976],[-73.8147,40.83975],[-73.8147,40.83973],[-73.81471,40.83971],[-73.81472,40.8397],[-73.81473,40.83968],[-73.81473,40.83965],[-73.81473,40.83961],[-73.81472,40.83959],[-73.81448,40.83963],[-73.81447,40.83962],[-73.81438,40.83964],[-73.81439,40.83964],[-73.81432,40.83965],[-73.81431,40.83962],[-73.81438,40.83961],[-73.81439,40.83962],[-73.81447,40.83961],[-73.81447,40.83961],[-73.81472,40.83957],[-73.8147,40.83945],[-73.81478,40.83908],[-73.8155,40.8388],[-73.81551,40.83877],[-73.81554,40.83874],[-73.81556,40.83873],[-73.81558,40.83873],[-73.81558,40.83873],[-73.81559,40.83874],[-73.81562,40.83874],[-73.81565,40.83874],[-73.81569,40.83869],[-73.81576,40.83865],[-73.81582,40.83863],[-73.81588,40.83863],[-73.81592,40.83861],[-73.81595,40.83858],[-73.81602,40.83853],[-73.81611,40.83844],[-73.81617,40.83838],[-73.81622,40.83829],[-73.81628,40.83823],[-73.81631,40.83815],[-73.81634,40.83807],[-73.81634,40.83803],[-73.81631,40.838],[-73.81629,40.83797],[-73.81629,40.83793],[-73.81631,40.8379],[-73.81632,40.83789],[-73.81635,40.83787],[-73.81641,40.83782],[-73.81645,40.83777],[-73.81648,40.8377],[-73.81648,40.83766],[-73.81645,40.83761],[-73.81644,40.83749],[-73.81643,40.83737],[-73.81642,40.83725],[-73.81642,40.83715],[-73.8164,40.83705],[-73.81639,40.83694],[-73.81636,40.83683],[-73.81634,40.83676],[-73.8163,40.8367],[-73.81623,40.83665],[-73.8162,40.83663],[-73.81616,40.83659],[-73.81617,40.83656],[-73.8162,40.83651],[-73.8162,40.83645],[-73.81618,40.83634],[-73.81614,40.83622],[-73.81609,40.83612],[-73.81606,40.83603],[-73.81641,40.83593],[-73.8172,40.83574],[-73.81805,40.83554],[-73.8189,40.83534],[-73.81978,40.83513],[-73.82063,40.83492],[-73.82151,40.83473],[-73.82223,40.83456],[-73.82237,40.83452],[-73.82258,40.83448],[-73.82266,40.83447],[-73.82309,40.83442],[-73.82319,40.8344],[-73.82327,40.83439],[-73.82368,40.83432],[-73.82379,40.8343],[-73.82463,40.83386],[-73.82489,40.83423],[-73.82516,40.83461],[-73.82529,40.83451],[-73.82542,40.8344],[-73.82556,40.8343],[-73.82571,40.8342],[-73.82586,40.83411],[-73.82601,40.83402],[-73.82607,40.83412],[-73.82616,40.83427],[-73.82622,40.83435],[-73.82604,40.83451],[-73.82588,40.83467],[-73.82573,40.83485],[-73.8256,40.83503],[-73.82549,40.83522],[-73.82545,40.83536],[-73.82542,40.83551],[-73.8254,40.83566],[-73.82541,40.83581],[-73.82544,40.83596],[-73.82549,40.8361],[-73.82556,40.83624],[-73.82565,40.83644],[-73.82574,40.83665],[-73.8258,40.83685],[-73.82585,40.83706],[-73.82589,40.83812],[-73.82591,40.83874],[-73.82596,40.83998],[-73.82597,40.84033],[-73.82599,40.84068],[-73.82603,40.84102],[-73.82608,40.84137],[-73.82624,40.84299],[-73.82581,40.84288],[-73.82568,40.84285],[-73.82558,40.84282],[-73.82518,40.8427],[-73.82514,40.84334],[-73.82508,40.8443],[-73.82508,40.8447],[-73.82496,40.84611],[-73.82444,40.84638],[-73.82396,40.84664],[-73.82301,40.84716],[-73.82204,40.84769],[-73.8211,40.8482],[-73.82048,40.8485],[-73.82014,40.84802],[-73.81915,40.84817],[-73.8182,40.84831],[-73.81726,40.84843],[-73.8163,40.84857],[-73.81514,40.84908],[-73.81524,40.849],[-73.81529,40.84896],[-73.81534,40.84885],[-73.81536,40.84878],[-73.81536,40.84877],[-73.81532,40.8487],[-73.81532,40.84865],[-73.81532,40.84858],[-73.81545,40.84851],[-73.81552,40.84843],[-73.81553,40.8483],[-73.81563,40.84818]]],[[[-73.83583,40.84347],[-73.83683,40.84346],[-73.83653,40.84462],[-73.8362,40.84583],[-73.83615,40.84613],[-73.83607,40.84716],[-73.83593,40.84841],[-73.8358,40.84968],[-73.83556,40.85196],[-73.83546,40.85226],[-73.83534,40.85255],[-73.8352,40.85284],[-73.83504,40.85313],[-73.8348,40.8535],[-73.83473,40.85366],[-73.83464,40.85382],[-73.83453,40.85397],[-73.8344,40.85411],[-73.83425,40.85424],[-73.83408,40.85436],[-73.83391,40.85447],[-73.8335,40.85468],[-73.83296,40.85492],[-73.83262,40.85506],[-73.83228,40.85518],[-73.83193,40.85529],[-73.83157,40.85538],[-73.83129,40.85543],[-73.83057,40.85551],[-73.82957,40.85562],[-73.82908,40.85568],[-73.8286,40.85572],[-73.82801,40.85472],[-73.82723,40.85335],[-73.8272,40.85329],[-73.82738,40.85282],[-73.82713,40.85187],[-73.82718,40.85171],[-73.82742,40.85099],[-73.82766,40.85027],[-73.82777,40.85001],[-73.82786,40.84974],[-73.82792,40.84946],[-73.82797,40.84919],[-73.828,40.84891],[-73.828,40.84863],[-73.82768,40.84813],[-73.82688,40.8469],[-73.82672,40.8467],[-73.82658,40.84648],[-73.82645,40.84626],[-73.82635,40.84606],[-73.82634,40.84604],[-73.82625,40.84581],[-73.82617,40.84557],[-73.82611,40.84534],[-73.82611,40.84534],[-73.82675,40.84508],[-73.82758,40.84473],[-73.82845,40.84445],[-73.82871,40.84437],[-73.82932,40.84419],[-73.82966,40.84409],[-73.83043,40.84386],[-73.83108,40.84374],[-73.83201,40.84363],[-73.83294,40.84352],[-73.83383,40.84352],[-73.83475,40.8435],[-73.83583,40.84347]]],[[[-73.78922,40.85874],[-73.78919,40.85873],[-73.78915,40.85874],[-73.78916,40.85871],[-73.7891,40.85867],[-73.78907,40.85867],[-73.78906,40.85864],[-73.78906,40.85861],[-73.78904,40.85859],[-73.78903,40.85858],[-73.78903,40.85855],[-73.78898,40.85851],[-73.78894,40.85848],[-73.78892,40.85844],[-73.78888,40.85843],[-73.78881,40.85844],[-73.78877,40.8584],[-73.78875,40.85834],[-73.78877,40.85831],[-73.78879,40.85802],[-73.7888,40.85789],[-73.78881,40.85782],[-73.78881,40.85773],[-73.78879,40.85765],[-73.78882,40.85765],[-73.78881,40.85759],[-73.7888,40.85759],[-73.78877,40.85743],[-73.78878,40.85742],[-73.78826,40.85751],[-73.78826,40.8575],[-73.78818,40.85751],[-73.78818,40.85753],[-73.78804,40.85756],[-73.78803,40.85751],[-73.78817,40.85749],[-73.78817,40.8575],[-73.78826,40.85749],[-73.78825,40.85748],[-73.78878,40.8574],[-73.78876,40.85732],[-73.78875,40.85727],[-73.78873,40.85722],[-73.78872,40.85717],[-73.7887,40.85711],[-73.78871,40.85705],[-73.78872,40.85699],[-73.78875,40.85695],[-73.78876,40.85691],[-73.78877,40.85689],[-73.78879,40.85686],[-73.78881,40.8568],[-73.7888,40.85675],[-73.78878,40.85671],[-73.78881,40.85667],[-73.78884,40.85664],[-73.78887,40.85662],[-73.78889,40.8566],[-73.7889,40.85657],[-73.78888,40.85653],[-73.78886,40.85647],[-73.78882,40.8564],[-73.78878,40.85636],[-73.78877,40.85635],[-73.78876,40.85632],[-73.78873,40.85631],[-73.78873,40.8563],[-73.78869,40.8563],[-73.78865,40.8563],[-73.78862,40.85628],[-73.7886,40.85625],[-73.7886,40.85621],[-73.78858,40.85616],[-73.78854,40.85616],[-73.78851,40.8561],[-73.78852,40.85607],[-73.78847,40.85591],[-73.78847,40.85587],[-73.78844,40.85578],[-73.78841,40.85578],[-73.78836,40.85563],[-73.78843,40.85533],[-73.78842,40.85519],[-73.78853,40.85515],[-73.78855,40.85515],[-73.78854,40.8551],[-73.7885,40.85505],[-73.78845,40.85506],[-73.78843,40.85504],[-73.78839,40.85504],[-73.78836,40.85505],[-73.78834,40.85503],[-73.78833,40.85499],[-73.78832,40.85493],[-73.78831,40.85489],[-73.78831,40.85485],[-73.78829,40.85482],[-73.78829,40.8548],[-73.78832,40.85479],[-73.78835,40.85477],[-73.7884,40.85475],[-73.78842,40.85473],[-73.78843,40.85467],[-73.78842,40.85462],[-73.78842,40.85457],[-73.78843,40.85455],[-73.78844,40.85453],[-73.78846,40.85448],[-73.78848,40.85445],[-73.78848,40.85443],[-73.78848,40.8544],[-73.78843,40.85434],[-73.78841,40.85431],[-73.7884,40.85427],[-73.78835,40.85415],[-73.78787,40.85427],[-73.78787,40.85428],[-73.78765,40.85434],[-73.78765,40.85433],[-73.78756,40.85436],[-73.78756,40.85438],[-73.78736,40.85442],[-73.78735,40.85439],[-73.78755,40.85434],[-73.78755,40.85435],[-73.78764,40.85432],[-73.78764,40.85432],[-73.78835,40.85413],[-73.78832,40.8541],[-73.78827,40.85411],[-73.7882,40.85413],[-73.78817,40.85409],[-73.78778,40.85417],[-73.78769,40.85419],[-73.78766,40.85419],[-73.78763,40.85418],[-73.78756,40.85418],[-73.78743,40.8542],[-73.78731,40.85421],[-73.78727,40.85421],[-73.78722,40.85419],[-73.7872,40.85418],[-73.78717,40.85415],[-73.78715,40.8541],[-73.78713,40.85404],[-73.78691,40.85408],[-73.78691,40.85406],[-73.78713,40.85402],[-73.78715,40.85398],[-73.78721,40.85395],[-73.78729,40.85393],[-73.78732,40.85392],[-73.78742,40.85389],[-73.78762,40.85383],[-73.78781,40.85378],[-73.78788,40.85375],[-73.78793,40.85374],[-73.78797,40.85371],[-73.78799,40.85369],[-73.78801,40.85366],[-73.78801,40.85362],[-73.78801,40.85357],[-73.788,40.85352],[-73.78796,40.85347],[-73.78761,40.85311],[-73.78716,40.85276],[-73.78713,40.85278],[-73.78712,40.85277],[-73.78708,40.8528],[-73.78706,40.85278],[-73.78711,40.85276],[-73.7871,40.85275],[-73.78714,40.85273],[-73.78694,40.85258],[-73.78692,40.85257],[-73.78688,40.85255],[-73.78685,40.85255],[-73.78678,40.85256],[-73.78676,40.85253],[-73.78677,40.85252],[-73.78678,40.8525],[-73.78678,40.85248],[-73.78677,40.85245],[-73.78659,40.85231],[-73.78642,40.85214],[-73.78638,40.85211],[-73.78632,40.85208],[-73.78625,40.85202],[-73.78588,40.85179],[-73.78566,40.8518],[-73.78545,40.85166],[-73.7854,40.85165],[-73.78529,40.85162],[-73.78522,40.85163],[-73.7851,40.85165],[-73.78504,40.85168],[-73.78496,40.85172],[-73.7849,40.85173],[-73.78481,40.85175],[-73.78468,40.85175],[-73.78433,40.85178],[-73.78427,40.85179],[-73.78428,40.8518],[-73.78413,40.85183],[-73.78412,40.85181],[-73.78426,40.85177],[-73.78427,40.85178],[-73.78431,40.85177],[-73.78403,40.85161],[-73.78398,40.85153],[-73.78387,40.85156],[-73.78386,40.85153],[-73.78397,40.85151],[-73.78396,40.85149],[-73.78381,40.85152],[-73.78358,40.85157],[-73.78356,40.85157],[-73.78354,40.85154],[-73.78348,40.85156],[-73.78348,40.85156],[-73.78341,40.85158],[-73.78338,40.85159],[-73.78338,40.85158],[-73.78341,40.85156],[-73.78353,40.85152],[-73.78344,40.8514],[-73.7835,40.85137],[-73.7836,40.85132],[-73.7838,40.85125],[-73.78399,40.85119],[-73.78414,40.85115],[-73.78435,40.8511],[-73.78448,40.85107],[-73.7846,40.8511],[-73.78452,40.85089],[-73.78445,40.8509],[-73.78443,40.85086],[-73.7845,40.85085],[-73.78449,40.85082],[-73.78447,40.85079],[-73.78445,40.85077],[-73.78442,40.85076],[-73.78439,40.85076],[-73.78435,40.85077],[-73.78434,40.85077],[-73.78431,40.85077],[-73.78427,40.85077],[-73.78423,40.85074],[-73.78416,40.8507],[-73.78412,40.85066],[-73.78408,40.85063],[-73.78404,40.85064],[-73.78405,40.85065],[-73.78402,40.85066],[-73.78402,40.85066],[-73.78385,40.85071],[-73.78384,40.85069],[-73.78395,40.85065],[-73.78396,40.85066],[-73.78401,40.85065],[-73.784,40.85064],[-73.78403,40.85063],[-73.78404,40.85064],[-73.78407,40.85063],[-73.78402,40.85058],[-73.78401,40.85053],[-73.784,40.85051],[-73.78401,40.85048],[-73.78401,40.85047],[-73.78404,40.85045],[-73.78413,40.85039],[-73.7842,40.85033],[-73.78424,40.85029],[-73.78426,40.85025],[-73.78425,40.85022],[-73.78421,40.85013],[-73.7842,40.85009],[-73.7842,40.85006],[-73.78415,40.85],[-73.7841,40.84995],[-73.78407,40.8499],[-73.78358,40.84927],[-73.78353,40.84922],[-73.7835,40.8492],[-73.78345,40.84918],[-73.78339,40.84919],[-73.78334,40.8492],[-73.78329,40.84921],[-73.78324,40.84922],[-73.78322,40.84922],[-73.78318,40.84922],[-73.78315,40.84921],[-73.78312,40.84918],[-73.78304,40.84907],[-73.78245,40.84934],[-73.78222,40.84917],[-73.78209,40.84925],[-73.78207,40.84923],[-73.78219,40.84914],[-73.78216,40.84912],[-73.78203,40.84919],[-73.78202,40.84919],[-73.78196,40.84922],[-73.78197,40.84923],[-73.78179,40.84932],[-73.78178,40.84931],[-73.78174,40.84933],[-73.78176,40.84934],[-73.78157,40.84943],[-73.78154,40.8494],[-73.78172,40.84931],[-73.78173,40.84932],[-73.78177,40.8493],[-73.78176,40.84929],[-73.78194,40.84919],[-73.78195,40.84921],[-73.78201,40.84918],[-73.78214,40.8491],[-73.78194,40.84893],[-73.78187,40.84894],[-73.78185,40.84895],[-73.78183,40.84896],[-73.7817,40.84885],[-73.78162,40.8489],[-73.78161,40.84889],[-73.78169,40.84884],[-73.78161,40.84877],[-73.78153,40.84886],[-73.78151,40.84884],[-73.78159,40.84875],[-73.78157,40.84873],[-73.78154,40.84873],[-73.78146,40.84881],[-73.78143,40.8488],[-73.78151,40.84872],[-73.78149,40.84872],[-73.78149,40.84858],[-73.78179,40.84851],[-73.78204,40.84844],[-73.782,40.84834],[-73.78202,40.84834],[-73.78206,40.84845],[-73.78179,40.84853],[-73.7818,40.84855],[-73.78207,40.84847],[-73.78208,40.84842],[-73.7821,40.8484],[-73.7822,40.84837],[-73.78251,40.84829],[-73.78256,40.84828],[-73.78262,40.84824],[-73.78262,40.84821],[-73.78267,40.84814],[-73.78189,40.84833],[-73.78176,40.84835],[-73.78155,40.8484],[-73.78153,40.84834],[-73.78138,40.84838],[-73.78139,40.84842],[-73.78134,40.84843],[-73.78112,40.8485],[-73.78111,40.84852],[-73.78109,40.84852],[-73.78108,40.84851],[-73.78108,40.84849],[-73.78109,40.84848],[-73.7813,40.84842],[-73.78132,40.84842],[-73.78132,40.84839],[-73.78107,40.84845],[-73.78102,40.84846],[-73.78099,40.84846],[-73.78098,40.84846],[-73.78101,40.84842],[-73.78109,40.8484],[-73.78114,40.84838],[-73.78131,40.84835],[-73.7813,40.84832],[-73.78115,40.84832],[-73.78113,40.84832],[-73.7811,40.84832],[-73.7811,40.84831],[-73.78111,40.84829],[-73.78113,40.84829],[-73.78115,40.8483],[-73.78115,40.84829],[-73.78129,40.8483],[-73.78135,40.84829],[-73.78137,40.84833],[-73.78173,40.84823],[-73.78183,40.84825],[-73.78264,40.84807],[-73.7825,40.84791],[-73.78158,40.84804],[-73.78148,40.84788],[-73.7815,40.84768],[-73.78143,40.84746],[-73.78155,40.84734],[-73.7819,40.84723],[-73.78208,40.84713],[-73.7821,40.84699],[-73.78213,40.84691],[-73.78223,40.84685],[-73.78219,40.84672],[-73.78216,40.84664],[-73.78113,40.84683],[-73.78114,40.84685],[-73.78107,40.84687],[-73.78106,40.84685],[-73.78064,40.84692],[-73.78068,40.84706],[-73.78046,40.8471],[-73.7804,40.84693],[-73.78106,40.8468],[-73.78115,40.84625],[-73.78119,40.84625],[-73.78111,40.84675],[-73.78169,40.84664],[-73.78172,40.84641],[-73.78174,40.84641],[-73.78171,40.84666],[-73.7811,40.84677],[-73.78109,40.8468],[-73.78216,40.84661],[-73.78214,40.84658],[-73.78233,40.84655],[-73.78229,40.84646],[-73.78251,40.84641],[-73.78236,40.84598],[-73.78258,40.84594],[-73.78252,40.84576],[-73.7825,40.84566],[-73.78309,40.84552],[-73.7831,40.84551],[-73.78315,40.84531],[-73.78311,40.84531],[-73.78307,40.84551],[-73.78258,40.8456],[-73.78258,40.84561],[-73.78254,40.84562],[-73.78254,40.84564],[-73.78242,40.84566],[-73.78242,40.84568],[-73.78182,40.84578],[-73.78182,40.84576],[-73.78238,40.84567],[-73.78238,40.84565],[-73.78251,40.84562],[-73.7825,40.8456],[-73.78305,40.8455],[-73.78308,40.84533],[-73.78306,40.84533],[-73.78309,40.84517],[-73.78306,40.84509],[-73.78191,40.84536],[-73.78184,40.84549],[-73.78182,40.84548],[-73.78189,40.84533],[-73.78307,40.84506],[-73.78313,40.84518],[-73.78311,40.84529],[-73.78315,40.8453],[-73.78322,40.84506],[-73.7831,40.84499],[-73.78298,40.84468],[-73.78337,40.84444],[-73.78336,40.8444],[-73.78334,40.84436],[-73.78332,40.84435],[-73.78328,40.84434],[-73.78324,40.84435],[-73.78323,40.84435],[-73.78315,40.84436],[-73.7831,40.84438],[-73.78306,40.84437],[-73.78305,40.84433],[-73.78301,40.84417],[-73.78327,40.84407],[-73.78309,40.84387],[-73.7835,40.84373],[-73.78348,40.84368],[-73.78299,40.84379],[-73.78289,40.84389],[-73.78291,40.84394],[-73.78057,40.84447],[-73.78055,40.84447],[-73.78058,40.8445],[-73.78053,40.84453],[-73.77993,40.84388],[-73.77998,40.84386],[-73.78053,40.84445],[-73.78056,40.84445],[-73.78037,40.84398],[-73.7804,40.84397],[-73.78058,40.84443],[-73.78106,40.84433],[-73.78088,40.84386],[-73.78091,40.84386],[-73.78109,40.84432],[-73.78155,40.84422],[-73.78135,40.84371],[-73.78138,40.8437],[-73.78158,40.84421],[-73.78201,40.84411],[-73.7818,40.84358],[-73.78183,40.84358],[-73.78204,40.8441],[-73.78244,40.84401],[-73.78222,40.84345],[-73.78225,40.84344],[-73.78247,40.844],[-73.78282,40.84392],[-73.78257,40.84329],[-73.78261,40.84329],[-73.78278,40.84375],[-73.78309,40.84369],[-73.78287,40.84312],[-73.7829,40.84312],[-73.78313,40.8437],[-73.78281,40.84378],[-73.78284,40.84389],[-73.78287,40.84389],[-73.78294,40.84379],[-73.78298,40.84377],[-73.78347,40.84365],[-73.78319,40.84287],[-73.78305,40.8429],[-73.78325,40.84347],[-73.78321,40.84348],[-73.78301,40.8429],[-73.78291,40.84292],[-73.78289,40.84287],[-73.78314,40.84282],[-73.78312,40.84277],[-73.78292,40.84281],[-73.7829,40.84278],[-73.78312,40.84274],[-73.78302,40.84261],[-73.78289,40.84249],[-73.78273,40.84252],[-73.78282,40.84276],[-73.78278,40.84277],[-73.78271,40.84253],[-73.7823,40.84261],[-73.78244,40.84304],[-73.78241,40.84305],[-73.78227,40.84261],[-73.7818,40.8427],[-73.78197,40.84322],[-73.78193,40.84323],[-73.78177,40.8427],[-73.78125,40.8428],[-73.78143,40.84337],[-73.78139,40.84338],[-73.78122,40.8428],[-73.78067,40.84291],[-73.78086,40.8435],[-73.78083,40.84351],[-73.78064,40.84291],[-73.7803,40.84297],[-73.78029,40.84378],[-73.78023,40.84378],[-73.78023,40.84288],[-73.78029,40.84288],[-73.78029,40.84295],[-73.78286,40.84248],[-73.78272,40.84245],[-73.78231,40.84252],[-73.7823,40.84249],[-73.78243,40.84247],[-73.78241,40.84245],[-73.7806,40.84279],[-73.78059,40.84275],[-73.78237,40.84243],[-73.78234,40.84234],[-73.78216,40.84237],[-73.78215,40.84236],[-73.78233,40.84232],[-73.78231,40.84222],[-73.78222,40.84224],[-73.78222,40.84227],[-73.78216,40.84228],[-73.78216,40.84226],[-73.78163,40.84235],[-73.78162,40.84233],[-73.78225,40.84221],[-73.78225,40.84222],[-73.78231,40.84221],[-73.78232,40.84217],[-73.78233,40.84214],[-73.78233,40.8421],[-73.78237,40.84207],[-73.78237,40.842],[-73.78233,40.84192],[-73.78229,40.84193],[-73.78231,40.84198],[-73.78228,40.84199],[-73.78227,40.84195],[-73.78145,40.84217],[-73.78144,40.84214],[-73.78232,40.8419],[-73.78227,40.84179],[-73.78208,40.84183],[-73.78208,40.84184],[-73.78206,40.84184],[-73.78206,40.84184],[-73.78204,40.84184],[-73.78203,40.84184],[-73.78226,40.84178],[-73.78224,40.84174],[-73.78202,40.84179],[-73.78201,40.84179],[-73.78204,40.84178],[-73.78204,40.84177],[-73.78205,40.84177],[-73.78205,40.84177],[-73.78224,40.84173],[-73.78222,40.8417],[-73.78217,40.84169],[-73.78207,40.84169],[-73.78202,40.8417],[-73.78188,40.84173],[-73.78187,40.84169],[-73.78141,40.84177],[-73.78142,40.84181],[-73.78137,40.84181],[-73.78135,40.84178],[-73.7813,40.84179],[-73.78132,40.84186],[-73.78127,40.84187],[-73.78134,40.842],[-73.78131,40.842],[-73.78125,40.84188],[-73.78113,40.84191],[-73.7812,40.84204],[-73.78117,40.84205],[-73.7811,40.84192],[-73.78098,40.84195],[-73.78105,40.84208],[-73.78102,40.84209],[-73.78096,40.84196],[-73.78085,40.84199],[-73.78092,40.84212],[-73.78089,40.84213],[-73.78081,40.842],[-73.7807,40.84203],[-73.78076,40.84218],[-73.78072,40.84219],[-73.78066,40.84204],[-73.78061,40.84206],[-73.78058,40.84207],[-73.78053,40.84208],[-73.78059,40.84221],[-73.78056,40.84221],[-73.7805,40.84209],[-73.78044,40.84211],[-73.78046,40.84215],[-73.78039,40.84216],[-73.78038,40.84212],[-73.78037,40.84211],[-73.78035,40.84211],[-73.78043,40.84249],[-73.7803,40.84251],[-73.7802,40.84205],[-73.78033,40.84203],[-73.78034,40.8421],[-73.78038,40.84209],[-73.78038,40.84208],[-73.78126,40.84184],[-73.78124,40.84177],[-73.78185,40.84165],[-73.78184,40.84153],[-73.78184,40.84147],[-73.78184,40.8414],[-73.78182,40.84134],[-73.7818,40.84128],[-73.78176,40.84122],[-73.78172,40.84119],[-73.78169,40.84117],[-73.78166,40.84112],[-73.78084,40.84128],[-73.78093,40.84155],[-73.78089,40.84155],[-73.7808,40.84126],[-73.78165,40.8411],[-73.78161,40.84101],[-73.7814,40.84105],[-73.78139,40.84104],[-73.78161,40.841],[-73.7816,40.84095],[-73.78138,40.84099],[-73.78137,40.84098],[-73.78159,40.84094],[-73.78157,40.84084],[-73.78154,40.84078],[-73.78151,40.84077],[-73.78148,40.84076],[-73.78145,40.84075],[-73.78143,40.84074],[-73.78142,40.84071],[-73.78142,40.84069],[-73.78144,40.84068],[-73.78147,40.84066],[-73.78148,40.84064],[-73.78149,40.84062],[-73.78149,40.8406],[-73.78148,40.84057],[-73.78146,40.84055],[-73.78145,40.84053],[-73.78145,40.84051],[-73.78146,40.84049],[-73.78149,40.84047],[-73.78151,40.84045],[-73.78152,40.84044],[-73.78154,40.84042],[-73.78154,40.84039],[-73.78153,40.84034],[-73.78152,40.84029],[-73.78149,40.84021],[-73.78125,40.84026],[-73.78125,40.84024],[-73.78149,40.8402],[-73.78147,40.84018],[-73.78145,40.84014],[-73.78136,40.83973],[-73.78118,40.83976],[-73.78118,40.83975],[-73.78136,40.83971],[-73.78134,40.83948],[-73.78114,40.83951],[-73.78114,40.83949],[-73.78134,40.83947],[-73.78133,40.83929],[-73.78134,40.83924],[-73.78157,40.83854],[-73.7816,40.83848],[-73.78172,40.83822],[-73.782,40.83802],[-73.78188,40.83765],[-73.78238,40.83732],[-73.78273,40.83749],[-73.78275,40.83747],[-73.78281,40.83742],[-73.78291,40.83732],[-73.78289,40.83716],[-73.7828,40.83692],[-73.7827,40.83684],[-73.78268,40.83648],[-73.78282,40.83634],[-73.78303,40.83635],[-73.78338,40.83691],[-73.78366,40.83681],[-73.7841,40.83673],[-73.78422,40.83675],[-73.78431,40.83681],[-73.78448,40.83702],[-73.78492,40.83684],[-73.78488,40.83679],[-73.78498,40.83675],[-73.78508,40.83688],[-73.78498,40.83693],[-73.78494,40.83688],[-73.7845,40.83706],[-73.78485,40.83747],[-73.78513,40.83745],[-73.78564,40.83706],[-73.78583,40.83721],[-73.78579,40.83723],[-73.78565,40.83713],[-73.78517,40.83747],[-73.78528,40.83776],[-73.78558,40.83793],[-73.7855,40.83848],[-73.78555,40.83873],[-73.78553,40.8388],[-73.78556,40.83887],[-73.78568,40.8391],[-73.78574,40.83923],[-73.78593,40.83943],[-73.78608,40.83954],[-73.78615,40.83959],[-73.78627,40.83959],[-73.78653,40.83972],[-73.7869,40.83971],[-73.7873,40.83967],[-73.78733,40.8397],[-73.78741,40.83968],[-73.78741,40.83969],[-73.78734,40.83971],[-73.78739,40.83977],[-73.78747,40.83995],[-73.78749,40.83999],[-73.78749,40.84005],[-73.78748,40.84005],[-73.78745,40.84007],[-73.78747,40.84012],[-73.78764,40.84053],[-73.7874,40.84058],[-73.78736,40.84059],[-73.78739,40.84065],[-73.78749,40.84084],[-73.78772,40.8408],[-73.78771,40.84078],[-73.78792,40.84074],[-73.78793,40.84076],[-73.78818,40.84071],[-73.78816,40.84066],[-73.78814,40.84066],[-73.78809,40.8405],[-73.78816,40.84049],[-73.78821,40.84065],[-73.78819,40.84066],[-73.78821,40.8407],[-73.78824,40.8407],[-73.78825,40.84075],[-73.78797,40.8408],[-73.78796,40.84078],[-73.78778,40.84082],[-73.78778,40.84084],[-73.78752,40.84088],[-73.78758,40.84093],[-73.78779,40.84089],[-73.78786,40.84108],[-73.78761,40.84114],[-73.78761,40.8412],[-73.7878,40.84144],[-73.78784,40.84147],[-73.7879,40.84148],[-73.78795,40.84148],[-73.78804,40.84146],[-73.78812,40.84146],[-73.78812,40.84146],[-73.7882,40.84148],[-73.78824,40.8415],[-73.78825,40.84153],[-73.78837,40.8415],[-73.78837,40.84152],[-73.78826,40.84154],[-73.78826,40.84157],[-73.78826,40.84159],[-73.78825,40.84162],[-73.78823,40.84166],[-73.7882,40.84169],[-73.78816,40.84171],[-73.78812,40.84173],[-73.78805,40.84176],[-73.78802,40.84178],[-73.78805,40.84185],[-73.78829,40.84179],[-73.7883,40.8418],[-73.78806,40.84187],[-73.78823,40.8422],[-73.78838,40.84238],[-73.78844,40.8424],[-73.78851,40.84239],[-73.78852,40.84241],[-73.78884,40.84235],[-73.78884,40.84236],[-73.78853,40.84243],[-73.78872,40.84266],[-73.78876,40.84266],[-73.78879,40.84272],[-73.78876,40.84275],[-73.78884,40.843],[-73.78889,40.84307],[-73.78906,40.84324],[-73.78962,40.84311],[-73.78966,40.84323],[-73.78979,40.84321],[-73.78978,40.84317],[-73.78984,40.84317],[-73.78985,40.84323],[-73.78992,40.84322],[-73.78992,40.84318],[-73.78993,40.84318],[-73.78992,40.84314],[-73.78991,40.84314],[-73.78988,40.84305],[-73.78993,40.84304],[-73.78996,40.84314],[-73.78994,40.84314],[-73.78995,40.84318],[-73.78997,40.84317],[-73.79,40.84331],[-73.78995,40.84331],[-73.78993,40.84324],[-73.78986,40.84325],[-73.78989,40.84338],[-73.78973,40.84341],[-73.78975,40.84345],[-73.7899,40.84342],[-73.78991,40.84344],[-73.78976,40.84347],[-73.78977,40.84351],[-73.7898,40.84359],[-73.78974,40.8436],[-73.78934,40.84368],[-73.78932,40.84375],[-73.78933,40.84379],[-73.78936,40.84384],[-73.78942,40.84384],[-73.78946,40.84395],[-73.78935,40.84398],[-73.78934,40.84399],[-73.78935,40.84401],[-73.78947,40.84429],[-73.78947,40.84429],[-73.7896,40.8445],[-73.78991,40.8449],[-73.78993,40.84492],[-73.79002,40.84493],[-73.7902,40.84519],[-73.7905,40.84549],[-73.79067,40.84574],[-73.79085,40.8457],[-73.79099,40.84565],[-73.79102,40.8457],[-73.7907,40.84579],[-73.79096,40.84623],[-73.79091,40.84625],[-73.79094,40.8463],[-73.79095,40.84631],[-73.79097,40.84636],[-73.79106,40.84635],[-73.79106,40.84635],[-73.79149,40.84625],[-73.7915,40.84628],[-73.79113,40.84636],[-73.79114,40.84642],[-73.79112,40.84643],[-73.79118,40.84656],[-73.79126,40.84655],[-73.79131,40.84654],[-73.79133,40.84656],[-73.79141,40.84655],[-73.79143,40.84658],[-73.79132,40.84661],[-73.79138,40.84671],[-73.79142,40.8467],[-73.79148,40.8468],[-73.79179,40.84673],[-73.7918,40.84677],[-73.79143,40.84686],[-73.79137,40.84689],[-73.79138,40.84693],[-73.79138,40.84695],[-73.79149,40.84696],[-73.79144,40.84731],[-73.7917,40.84725],[-73.79169,40.84724],[-73.79177,40.84723],[-73.79192,40.84723],[-73.79192,40.84726],[-73.79175,40.84727],[-73.79172,40.84727],[-73.79172,40.8473],[-73.79143,40.84736],[-73.79142,40.84748],[-73.79152,40.84746],[-73.79154,40.84754],[-73.79131,40.84759],[-73.79127,40.8476],[-73.79128,40.84765],[-73.79128,40.84766],[-73.79133,40.84806],[-73.79161,40.84803],[-73.79162,40.84805],[-73.79134,40.84809],[-73.79136,40.84823],[-73.79131,40.8484],[-73.79123,40.8485],[-73.79124,40.84855],[-73.79106,40.84873],[-73.79111,40.84881],[-73.7911,40.84882],[-73.79104,40.84874],[-73.79102,40.84881],[-73.79092,40.84887],[-73.79101,40.84899],[-73.79098,40.849],[-73.79089,40.84889],[-73.79025,40.84918],[-73.78976,40.84953],[-73.78983,40.84986],[-73.78986,40.84997],[-73.79016,40.84992],[-73.79016,40.84991],[-73.79023,40.84989],[-73.79023,40.84991],[-73.79065,40.84984],[-73.79065,40.84983],[-73.79093,40.84978],[-73.79091,40.84975],[-73.79095,40.84974],[-73.79099,40.84983],[-73.79068,40.84989],[-73.79066,40.84986],[-73.79044,40.84989],[-73.79045,40.84991],[-73.79037,40.84992],[-73.79036,40.84991],[-73.79023,40.84992],[-73.79024,40.84994],[-73.79017,40.84995],[-73.79017,40.84994],[-73.78987,40.84999],[-73.79002,40.85032],[-73.79017,40.85029],[-73.7902,40.85027],[-73.79021,40.85029],[-73.79025,40.85028],[-73.79024,40.85024],[-73.79028,40.85022],[-73.79026,40.85016],[-73.79036,40.85014],[-73.79041,40.85027],[-73.79014,40.85033],[-73.79015,40.85036],[-73.79022,40.85035],[-73.79023,40.85037],[-73.79005,40.8504],[-73.79005,40.85038],[-73.79012,40.85037],[-73.79012,40.85033],[-73.79002,40.85035],[-73.79004,40.85043],[-73.78989,40.85046],[-73.78989,40.85055],[-73.78992,40.85061],[-73.78997,40.8506],[-73.78998,40.85062],[-73.78993,40.85063],[-73.79003,40.85077],[-73.79007,40.85093],[-73.79025,40.8509],[-73.79025,40.85091],[-73.79007,40.85094],[-73.79009,40.85098],[-73.79026,40.85095],[-73.79027,40.85096],[-73.79009,40.85099],[-73.79012,40.85119],[-73.78951,40.8513],[-73.78956,40.85149],[-73.78966,40.85148],[-73.78966,40.85149],[-73.78979,40.85146],[-73.78978,40.85144],[-73.78971,40.85145],[-73.7897,40.85142],[-73.78968,40.85142],[-73.78967,40.85134],[-73.78977,40.85132],[-73.78978,40.85135],[-73.7898,40.85135],[-73.78981,40.85139],[-73.7898,40.85139],[-73.78981,40.85145],[-73.79006,40.85141],[-73.79002,40.85126],[-73.79005,40.85126],[-73.79009,40.85141],[-73.79035,40.85137],[-73.7903,40.85123],[-73.79034,40.85122],[-73.79038,40.85136],[-73.79082,40.85129],[-73.79078,40.85115],[-73.79082,40.85115],[-73.79086,40.85128],[-73.79099,40.85126],[-73.79099,40.85129],[-73.79087,40.85131],[-73.79089,40.8514],[-73.79086,40.85141],[-73.79083,40.85131],[-73.79039,40.85139],[-73.79041,40.85149],[-73.79039,40.85149],[-73.79035,40.85139],[-73.79009,40.85143],[-73.79012,40.85151],[-73.79007,40.85152],[-73.79005,40.85144],[-73.78966,40.8515],[-73.78973,40.85169],[-73.79015,40.85161],[-73.79017,40.85166],[-73.79089,40.85155],[-73.79092,40.85164],[-73.7902,40.85175],[-73.79022,40.85184],[-73.79025,40.85183],[-73.79023,40.85176],[-73.79046,40.85172],[-73.79046,40.85177],[-73.79038,40.85178],[-73.79039,40.8518],[-73.79027,40.85181],[-73.79027,40.85183],[-73.79029,40.85183],[-73.79031,40.8519],[-73.79028,40.8519],[-73.7903,40.85197],[-73.79026,40.85198],[-73.79008,40.85203],[-73.79016,40.85225],[-73.79024,40.85223],[-73.79016,40.85204],[-73.7902,40.85203],[-73.79027,40.85222],[-73.79053,40.85216],[-73.79045,40.85199],[-73.79051,40.85198],[-73.79057,40.85215],[-73.79081,40.8521],[-73.79074,40.85193],[-73.79058,40.85198],[-73.79056,40.85194],[-73.79079,40.85186],[-73.79082,40.8519],[-73.79076,40.85192],[-73.79079,40.85191],[-73.79085,40.85209],[-73.791,40.85205],[-73.79099,40.85204],[-73.79111,40.85201],[-73.79107,40.85187],[-73.79102,40.85188],[-73.79101,40.85186],[-73.79117,40.85182],[-73.79118,40.85184],[-73.7911,40.85186],[-73.79117,40.85202],[-73.79119,40.85202],[-73.79146,40.85195],[-73.7914,40.85178],[-73.79133,40.8518],[-73.79132,40.85178],[-73.79152,40.85173],[-73.79152,40.85175],[-73.79143,40.85178],[-73.7915,40.85193],[-73.79177,40.85187],[-73.79173,40.85176],[-73.79227,40.85161],[-73.79226,40.85159],[-73.79248,40.85152],[-73.79249,40.85155],[-73.79229,40.85161],[-73.7923,40.85162],[-73.79177,40.85177],[-73.7918,40.85186],[-73.79205,40.8518],[-73.79206,40.85183],[-73.79016,40.85227],[-73.79017,40.85228],[-73.79114,40.85206],[-73.79121,40.8522],[-73.79133,40.85217],[-73.79134,40.85218],[-73.79121,40.85222],[-73.79123,40.85226],[-73.79136,40.85223],[-73.79136,40.85223],[-73.79123,40.85226],[-73.79124,40.85228],[-73.79318,40.85181],[-73.79309,40.85158],[-73.79312,40.85158],[-73.79322,40.85183],[-73.79315,40.85184],[-73.79325,40.85192],[-73.79324,40.85193],[-73.79314,40.85187],[-73.79313,40.85185],[-73.79125,40.8523],[-73.79138,40.8526],[-73.79341,40.85211],[-73.79338,40.85203],[-73.79341,40.85202],[-73.79351,40.85226],[-73.79348,40.85227],[-73.79342,40.85214],[-73.79139,40.85263],[-73.79145,40.85277],[-73.79042,40.85302],[-73.7905,40.85319],[-73.79077,40.85312],[-73.79079,40.85316],[-73.79101,40.85312],[-73.79099,40.85304],[-73.79101,40.85303],[-73.79103,40.85311],[-73.79145,40.85301],[-73.79139,40.85284],[-73.79144,40.85282],[-73.7915,40.853],[-73.7917,40.85296],[-73.79163,40.85278],[-73.79166,40.85278],[-73.79173,40.85295],[-73.79196,40.8529],[-73.79189,40.85272],[-73.79192,40.85271],[-73.79199,40.85289],[-73.79222,40.85283],[-73.79215,40.85266],[-73.79218,40.85265],[-73.79225,40.85282],[-73.79249,40.85277],[-73.79242,40.85259],[-73.79244,40.85259],[-73.79251,40.85276],[-73.79283,40.85268],[-73.79276,40.85251],[-73.79282,40.85249],[-73.7929,40.8527],[-73.79284,40.85271],[-73.79081,40.8532],[-73.79086,40.85332],[-73.79111,40.85326],[-73.79127,40.85371],[-73.79252,40.85341],[-73.79239,40.85306],[-73.79241,40.85305],[-73.79256,40.8534],[-73.79298,40.8533],[-73.79285,40.85295],[-73.79288,40.85294],[-73.79304,40.85337],[-73.79301,40.85338],[-73.793,40.85333],[-73.79127,40.85373],[-73.79129,40.85384],[-73.79106,40.85392],[-73.79128,40.85386],[-73.79129,40.85388],[-73.79246,40.8536],[-73.79249,40.85367],[-73.79246,40.85368],[-73.79244,40.85363],[-73.79107,40.85394],[-73.79108,40.85396],[-73.79138,40.8539],[-73.79158,40.85389],[-73.79172,40.85392],[-73.79179,40.85399],[-73.79182,40.85399],[-73.79182,40.85398],[-73.79251,40.8539],[-73.79251,40.85385],[-73.79254,40.85385],[-73.79257,40.85402],[-73.79253,40.85402],[-73.79252,40.85392],[-73.79183,40.854],[-73.79182,40.854],[-73.79179,40.854],[-73.79192,40.85422],[-73.79134,40.85444],[-73.79129,40.85458],[-73.79187,40.85542],[-73.79208,40.85565],[-73.7925,40.85579],[-73.79249,40.85595],[-73.79242,40.856],[-73.79231,40.85607],[-73.79212,40.85601],[-73.79203,40.85614],[-73.79202,40.85618],[-73.79257,40.85621],[-73.79257,40.85626],[-73.79201,40.85623],[-73.79199,40.85637],[-73.79194,40.85641],[-73.79207,40.85641],[-73.79206,40.85644],[-73.7921,40.85645],[-73.79209,40.85648],[-73.79207,40.85648],[-73.79206,40.85651],[-73.79202,40.85651],[-73.79201,40.85654],[-73.79191,40.85652],[-73.7919,40.85655],[-73.79305,40.85673],[-73.79307,40.85668],[-73.79309,40.85669],[-73.79306,40.85682],[-73.79303,40.85681],[-73.79305,40.85675],[-73.79189,40.85657],[-73.79186,40.85667],[-73.79184,40.85666],[-73.79183,40.85667],[-73.79196,40.85672],[-73.79196,40.85672],[-73.79182,40.85668],[-73.79179,40.85672],[-73.79193,40.85677],[-73.79192,40.85678],[-73.79179,40.85673],[-73.79171,40.85685],[-73.79186,40.85679],[-73.79188,40.85682],[-73.79184,40.85684],[-73.79183,40.85683],[-73.79174,40.85687],[-73.79182,40.8569],[-73.79187,40.85698],[-73.7922,40.85715],[-73.79223,40.85711],[-73.79221,40.85711],[-73.79237,40.85691],[-73.79243,40.85693],[-73.79227,40.85713],[-73.79224,40.85712],[-73.79222,40.85715],[-73.79274,40.85739],[-73.79283,40.85744],[-73.7929,40.85719],[-73.79295,40.85699],[-73.79301,40.857],[-73.793,40.85706],[-73.79288,40.85748],[-73.79281,40.85746],[-73.79272,40.85742],[-73.79186,40.857],[-73.79185,40.85701],[-73.79268,40.85742],[-73.79261,40.85751],[-73.79258,40.85749],[-73.79264,40.85742],[-73.79211,40.85717],[-73.79189,40.85744],[-73.79247,40.85772],[-73.79254,40.85762],[-73.79255,40.85763],[-73.79257,40.85764],[-73.7924,40.85785],[-73.79239,40.85784],[-73.79237,40.85783],[-73.79244,40.85774],[-73.79174,40.85739],[-73.79176,40.85737],[-73.79187,40.85743],[-73.79209,40.85716],[-73.79184,40.85703],[-73.79174,40.85718],[-73.7916,40.85738],[-73.79129,40.85726],[-73.79094,40.85755],[-73.79123,40.85769],[-73.79124,40.85767],[-73.79132,40.85771],[-73.79131,40.85772],[-73.79164,40.85788],[-73.79176,40.85776],[-73.79179,40.85778],[-73.7916,40.85796],[-73.79144,40.85815],[-73.79141,40.85814],[-73.79162,40.8579],[-73.79129,40.85774],[-73.79128,40.85775],[-73.79121,40.85771],[-73.79122,40.8577],[-73.79093,40.85757],[-73.79079,40.85775],[-73.79068,40.8578],[-73.79044,40.85792],[-73.79024,40.85815],[-73.79006,40.85846],[-73.79013,40.85852],[-73.79014,40.85852],[-73.79016,40.85854],[-73.79015,40.85855],[-73.7902,40.8586],[-73.79019,40.85861],[-73.79013,40.85856],[-73.79012,40.85857],[-73.79009,40.85854],[-73.7901,40.85853],[-73.79005,40.85848],[-73.78999,40.85852],[-73.78995,40.85852],[-73.78987,40.85855],[-73.7898,40.85858],[-73.78975,40.85859],[-73.78968,40.8586],[-73.78961,40.85863],[-73.78953,40.85864],[-73.7895,40.85867],[-73.78944,40.85867],[-73.78939,40.85868],[-73.78934,40.8587],[-73.78931,40.85872],[-73.78928,40.85874],[-73.78926,40.85877],[-73.78922,40.85874]]],[[[-73.78457,40.86053],[-73.7845,40.86047],[-73.78444,40.86021],[-73.78444,40.86011],[-73.78436,40.8601],[-73.78434,40.86006],[-73.78437,40.85985],[-73.78441,40.85973],[-73.78446,40.85967],[-73.78453,40.85966],[-73.78456,40.85949],[-73.7846,40.85941],[-73.78459,40.85934],[-73.78464,40.85931],[-73.78464,40.85924],[-73.78471,40.85914],[-73.78476,40.85912],[-73.78481,40.85908],[-73.78488,40.85906],[-73.78487,40.85903],[-73.78498,40.85895],[-73.78512,40.8589],[-73.78511,40.85885],[-73.78514,40.85879],[-73.78525,40.85875],[-73.78531,40.85879],[-73.78533,40.85892],[-73.78538,40.85895],[-73.78548,40.85896],[-73.78557,40.85902],[-73.78556,40.85907],[-73.78567,40.85911],[-73.78573,40.85921],[-73.78582,40.85918],[-73.78588,40.85922],[-73.78608,40.85927],[-73.78622,40.85927],[-73.78637,40.85921],[-73.78661,40.85904],[-73.78661,40.85895],[-73.78654,40.85886],[-73.78658,40.85876],[-73.78669,40.85869],[-73.78679,40.85875],[-73.78686,40.85871],[-73.78701,40.85878],[-73.78726,40.85883],[-73.78728,40.85885],[-73.78737,40.85883],[-73.78748,40.85883],[-73.78759,40.8588],[-73.78773,40.85877],[-73.7876,40.85887],[-73.78748,40.859],[-73.78748,40.85916],[-73.78737,40.85925],[-73.78734,40.85932],[-73.78716,40.85957],[-73.78717,40.8596],[-73.78711,40.8597],[-73.78714,40.85973],[-73.78712,40.85976],[-73.78707,40.8598],[-73.78702,40.85988],[-73.78701,40.85994],[-73.78704,40.85999],[-73.78703,40.86004],[-73.78705,40.86009],[-73.78705,40.86016],[-73.787,40.86022],[-73.78692,40.86027],[-73.78682,40.86027],[-73.78671,40.86028],[-73.78666,40.86024],[-73.78662,40.86028],[-73.78649,40.86028],[-73.78644,40.8603],[-73.78631,40.86033],[-73.78622,40.86034],[-73.7861,40.86033],[-73.78603,40.8603],[-73.78592,40.8603],[-73.7858,40.86032],[-73.7857,40.86036],[-73.78561,40.86038],[-73.78551,40.86037],[-73.78548,40.86041],[-73.78543,40.86042],[-73.78521,40.86038],[-73.78509,40.86045],[-73.78503,40.86049],[-73.78489,40.86046],[-73.78484,40.86044],[-73.78481,40.86048],[-73.78474,40.86049],[-73.78468,40.86053],[-73.78463,40.86053],[-73.78457,40.86053]]]]}},{"type":"Feature","properties":{"ntaname":"Co-op City","nta2020":"BX1004","ntatype":"0"},"geometry":{"type":"MultiPolygon","coordinates":[[[[-73.82024,40.88549],[-73.82005,40.88211],[-73.8211,40.87897],[-73.8233,40.8731],[-73.82127,40.86907],[-73.82112,40.86901],[-73.82104,40.86898],[-73.82098,40.86895],[-73.82092,40.86892],[-73.81579,40.86576],[-73.81641,40.86515],[-73.817,40.86446],[-73.81684,40.86431],[-73.81762,40.86363],[-73.81895,40.86247],[-73.81916,40.8623],[-73.81934,40.86216],[-73.81952,40.86202],[-73.81972,40.8619],[-73.81992,40.86178],[-73.82018,40.86164],[-73.82045,40.8615],[-73.82072,40.86137],[-73.821,40.86125],[-73.82128,40.86114],[-73.82157,40.86103],[-73.82186,40.86092],[-73.82215,40.86082],[-73.82245,40.86073],[-73.82261,40.86068],[-73.82359,40.86034],[-73.82365,40.86032],[-73.82418,40.86015],[-73.82471,40.85997],[-73.82555,40.85974],[-73.82615,40.85955],[-73.82689,40.85931],[-73.82706,40.85926],[-73.82715,40.85923],[-73.82722,40.85921],[-73.82729,40.8594],[-73.82739,40.85967],[-73.8275,40.85995],[-73.82759,40.86008],[-73.82802,40.86064],[-73.82827,40.86084],[-73.82834,40.86089],[-73.82841,40.86095],[-73.82956,40.86216],[-73.83022,40.86343],[-73.83075,40.86468],[-73.83081,40.86478],[-73.83101,40.86516],[-73.83114,40.86543],[-73.83182,40.8667],[-73.83199,40.86701],[-73.83264,40.86824],[-73.83272,40.8684],[-73.83275,40.86845],[-73.83278,40.86852],[-73.83369,40.87045],[-73.83381,40.87075],[-73.83405,40.87133],[-73.83424,40.87178],[-73.83434,40.87203],[-73.83446,40.87236],[-73.83457,40.8727],[-73.83466,40.87304],[-73.83474,40.87338],[-73.8348,40.87372],[-73.83485,40.87406],[-73.83486,40.87428],[-73.83488,40.8744],[-73.83489,40.87474],[-73.83489,40.8749],[-73.83489,40.87507],[-73.83488,40.87544],[-73.83487,40.87552],[-73.83484,40.87579],[-73.83479,40.87609],[-73.83478,40.87617],[-73.83469,40.87654],[-73.83458,40.87691],[-73.83445,40.87727],[-73.8343,40.87763],[-73.83412,40.87798],[-73.83396,40.87835],[-73.83377,40.87872],[-73.8334,40.87915],[-73.83246,40.88021],[-73.83212,40.88054],[-73.83144,40.88111],[-73.8305,40.88177],[-73.82986,40.88217],[-73.82905,40.88262],[-73.82825,40.88304],[-73.82612,40.88412],[-73.82606,40.88415],[-73.82654,40.88459],[-73.82661,40.88465],[-73.8261,40.88483],[-73.8258,40.88492],[-73.82526,40.8851],[-73.82439,40.88537],[-73.82354,40.88565],[-73.82259,40.88594],[-73.82206,40.88611],[-73.82192,40.88613],[-73.82177,40.88613],[-73.82161,40.88611],[-73.82146,40.88607],[-73.82132,40.88602],[-73.82119,40.88594],[-73.82108,40.88585],[-73.82099,40.88576],[-73.82093,40.88565],[-73.82086,40.88547],[-73.82084,40.8854],[-73.82082,40.88534],[-73.82065,40.88538],[-73.82024,40.88549]]]]}},{"type":"Feature","properties":{"ntaname":"Hart Island","nta2020":"BX1071","ntatype":"7"},"geometry":{"type":"MultiPolygon","coordinates":[[[[-73.78069,40.85493],[-73.78077,40.85484],[-73.78101,40.85488],[-73.78109,40.85496],[-73.78114,40.85499],[-73.78117,40.85503],[-73.78121,40.85507],[-73.78123,40.85511],[-73.78125,40.85516],[-73.78126,40.8552],[-73.78126,40.85525],[-73.78123,40.8554],[-73.7812,40.85543],[-73.78115,40.85547],[-73.7811,40.85549],[-73.78105,40.85551],[-73.78099,40.85553],[-73.78093,40.85553],[-73.78087,40.85553],[-73.78068,40.85534],[-73.78063,40.85526],[-73.78062,40.85516],[-73.78064,40.8551],[-73.78065,40.85503],[-73.78069,40.85493]]],[[[-73.78285,40.85549],[-73.7826,40.85482],[-73.78271,40.85486],[-73.78282,40.85488],[-73.78293,40.8549],[-73.78305,40.85492],[-73.78317,40.85493],[-73.78329,40.85493],[-73.7834,40.85492],[-73.78352,40.85491],[-73.78364,40.85489],[-73.78375,40.85486],[-73.78386,40.85483],[-73.7837,40.85499],[-73.78356,40.85507],[-73.78356,40.85528],[-73.7835,40.85548],[-73.7833,40.85585],[-73.78306,40.85571],[-73.78285,40.85549]]],[[[-73.76783,40.85444],[-73.76823,40.85389],[-73.76856,40.85324],[-73.76904,40.85329],[-73.76939,40.85254],[-73.76861,40.85079],[-73.7696,40.84759],[-73.7695,40.84722],[-73.76806,40.8456],[-73.76789,40.84529],[-73.76901,40.8451],[-73.76998,40.84595],[-73.77118,40.84694],[-73.77157,40.8475],[-73.77131,40.84803],[-73.77089,40.84975],[-73.77205,40.85162],[-73.77247,40.85171],[-73.77247,40.85181],[-73.77271,40.85183],[-73.77271,40.85185],[-73.77247,40.85183],[-73.77246,40.85206],[-73.77264,40.85214],[-73.77267,40.8521],[-73.77272,40.85212],[-73.77272,40.85213],[-73.77292,40.85217],[-73.77292,40.85216],[-73.77296,40.85216],[-73.77297,40.8522],[-73.77295,40.85221],[-73.77288,40.8522],[-73.77288,40.85219],[-73.77271,40.85215],[-73.77265,40.85222],[-73.7729,40.85239],[-73.77289,40.8524],[-73.77264,40.85223],[-73.77263,40.85224],[-73.77258,40.85221],[-73.77261,40.85218],[-73.77246,40.85211],[-73.77245,40.85244],[-73.77173,40.85248],[-73.77172,40.853],[-73.7723,40.85309],[-73.77228,40.85332],[-73.77228,40.85344],[-73.77229,40.85348],[-73.77231,40.85353],[-73.77234,40.85364],[-73.77236,40.85377],[-73.77235,40.85385],[-73.77281,40.85385],[-73.77281,40.8538],[-73.77296,40.8538],[-73.77296,40.85414],[-73.7728,40.85413],[-73.7728,40.85396],[-73.77269,40.85396],[-73.77269,40.85391],[-73.77233,40.8539],[-73.77231,40.85397],[-73.77229,40.85401],[-73.77223,40.85412],[-73.7722,40.85428],[-73.77214,40.85441],[-73.77213,40.85459],[-73.77215,40.85475],[-73.77218,40.85499],[-73.7722,40.85524],[-73.77221,40.85536],[-73.77219,40.8556],[-73.77217,40.85596],[-73.77215,40.85616],[-73.77214,40.85644],[-73.77217,40.85694],[-73.77217,40.85727],[-73.77215,40.85781],[-73.77217,40.85795],[-73.77217,40.85805],[-73.7722,40.85825],[-73.77221,40.85845],[-73.77221,40.85859],[-73.77219,40.85874],[-73.77218,40.85887],[-73.77219,40.85899],[-73.77224,40.85918],[-73.77235,40.85967],[-73.77219,40.85999],[-73.77085,40.8601],[-73.76947,40.85933],[-73.76836,40.85836],[-73.76836,40.85766],[-73.76533,40.85504],[-73.76783,40.85444]]]]}},{"type":"Feature","properties":{"ntaname":"Ferry Point Park-St. Raymond Cemetery","nta2020":"BX1091","ntatype":"9"},"geometry":{"type":"MultiPolygon","coordinates":[[[[-73.83181,40.82689],[-73.83132,40.82672],[-73.83132,40.82672],[-73.83122,40.82676],[-73.83114,40.82681],[-73.8311,40.82682],[-73.8307,40.82669],[-73.83044,40.82661],[-73.82838,40.82595],[-73.82783,40.82577],[-73.82742,40.82563],[-73.82632,40.82529],[-73.82512,40.82491],[-73.82464,40.82476],[-73.82474,40.82471],[-73.82484,40.82467],[-73.82518,40.8245],[-73.82549,40.82435],[-73.82555,40.82432],[-73.82562,40.82428],[-73.82569,40.82425],[-73.82577,40.82421],[-73.82597,40.82411],[-73.82604,40.82408],[-73.82632,40.82394],[-73.82641,40.8239],[-73.82788,40.82318],[-73.82826,40.82299],[-73.8283,40.82296],[-73.82866,40.82278],[-73.82946,40.82238],[-73.82941,40.82232],[-73.82833,40.82104],[-73.82708,40.82164],[-73.82703,40.82167],[-73.82672,40.82182],[-73.82657,40.82164],[-73.82653,40.82159],[-73.82635,40.82138],[-73.82631,40.82134],[-73.82617,40.82117],[-73.82611,40.8211],[-73.82598,40.82094],[-73.82593,40.82088],[-73.82537,40.82021],[-73.82481,40.81934],[-73.82419,40.81838],[-73.82371,40.81765],[-73.82339,40.81705],[-73.82317,40.81668],[-73.82408,40.81635],[-73.82497,40.81605],[-73.82582,40.81577],[-73.82669,40.81547],[-73.82753,40.81518],[-73.82841,40.81488],[-73.82726,40.81293],[-73.82666,40.81196],[-73.82641,40.81147],[-73.82631,40.81128],[-73.82649,40.81132],[-73.82668,40.81135],[-73.82687,40.81139],[-73.82706,40.81141],[-73.82725,40.81144],[-73.82744,40.81145],[-73.82764,40.81146],[-73.82783,40.81146],[-73.82803,40.81145],[-73.82822,40.81144],[-73.82841,40.81142],[-73.8286,40.81139],[-73.82879,40.81136],[-73.82898,40.81131],[-73.82916,40.81127],[-73.82934,40.81121],[-73.82952,40.81115],[-73.82969,40.81108],[-73.82986,40.81101],[-73.83002,40.81093],[-73.83018,40.81084],[-73.83033,40.81075],[-73.83048,40.81065],[-73.83065,40.81053],[-73.8308,40.8104],[-73.83096,40.81027],[-73.8311,40.81014],[-73.83124,40.81],[-73.83138,40.80986],[-73.8315,40.80972],[-73.83162,40.80957],[-73.83173,40.80942],[-73.83184,40.80926],[-73.83215,40.80827],[-73.83217,40.80816],[-73.83219,40.80805],[-73.83221,40.80794],[-73.83221,40.80784],[-73.8322,40.80773],[-73.83219,40.80762],[-73.83217,40.80751],[-73.83214,40.80741],[-73.8321,40.8073],[-73.83205,40.8072],[-73.832,40.8071],[-73.83194,40.807],[-73.83187,40.80691],[-73.83179,40.80682],[-73.83171,40.80673],[-73.83162,40.80665],[-73.83165,40.80616],[-73.8314,40.80517],[-73.83161,40.80503],[-73.83162,40.80494],[-73.83169,40.80495],[-73.83195,40.80494],[-73.83222,40.80494],[-73.83248,40.80494],[-73.83275,40.80495],[-73.83301,40.80497],[-73.83328,40.805],[-73.83354,40.80503],[-73.8338,40.80507],[-73.83406,40.80511],[-73.83432,40.80516],[-73.83457,40.80522],[-73.83482,40.80529],[-73.83507,40.80536],[-73.83531,40.80544],[-73.83589,40.80566],[-73.83643,40.80582],[-73.83677,40.8059],[-73.83684,40.80591],[-73.83688,40.80592],[-73.83691,40.80593],[-73.83693,40.80593],[-73.83695,40.80595],[-73.83706,40.80599],[-73.83717,40.80604],[-73.83727,40.8061],[-73.83735,40.80615],[-73.83744,40.8062],[-73.838,40.80696],[-73.83801,40.80696],[-73.83801,40.80697],[-73.83801,40.80697],[-73.83803,40.80699],[-73.83803,40.80699],[-73.83804,40.807],[-73.83805,40.80701],[-73.83805,40.80702],[-73.83806,40.80704],[-73.83806,40.80705],[-73.83807,40.80706],[-73.83807,40.80707],[-73.83807,40.8071],[-73.83807,40.80711],[-73.83807,40.80711],[-73.83806,40.80715],[-73.83804,40.80718],[-73.83804,40.8072],[-73.83804,40.80723],[-73.83804,40.80725],[-73.83804,40.80729],[-73.83804,40.80741],[-73.83804,40.80752],[-73.83806,40.80764],[-73.83808,40.80775],[-73.83812,40.80787],[-73.83816,40.80798],[-73.8382,40.80809],[-73.83826,40.8082],[-73.83832,40.8083],[-73.83838,40.80841],[-73.83848,40.80849],[-73.83852,40.8086],[-73.83853,40.80865],[-73.83854,40.80871],[-73.83862,40.80886],[-73.83868,40.80897],[-73.83874,40.80908],[-73.83882,40.80921],[-73.83889,40.80932],[-73.83897,40.80951],[-73.83908,40.80961],[-73.83919,40.80974],[-73.8393,40.80995],[-73.83939,40.81011],[-73.83945,40.81024],[-73.83957,40.81037],[-73.83967,40.81054],[-73.83976,40.8107],[-73.83986,40.81085],[-73.83997,40.81101],[-73.84,40.81111],[-73.84009,40.81127],[-73.84018,40.81134],[-73.84026,40.81144],[-73.8403,40.81157],[-73.8403,40.8117],[-73.84029,40.81184],[-73.84026,40.81203],[-73.84029,40.81218],[-73.84033,40.81231],[-73.8404,40.8124],[-73.84042,40.81248],[-73.84043,40.81254],[-73.8404,40.81263],[-73.84039,40.81266],[-73.84034,40.81276],[-73.84029,40.81286],[-73.84029,40.81295],[-73.84031,40.81304],[-73.84031,40.81305],[-73.84033,40.81314],[-73.84027,40.81328],[-73.84017,40.81341],[-73.84014,40.81345],[-73.84002,40.81362],[-73.83994,40.81369],[-73.83989,40.81376],[-73.83987,40.81378],[-73.83985,40.81379],[-73.83975,40.81386],[-73.83966,40.81392],[-73.83963,40.81401],[-73.83965,40.81408],[-73.83966,40.81412],[-73.83965,40.81422],[-73.83959,40.81433],[-73.83957,40.81449],[-73.83953,40.81518],[-73.83962,40.81538],[-73.8396,40.81561],[-73.83954,40.81582],[-73.83959,40.81599],[-73.83963,40.81602],[-73.83965,40.81606],[-73.83966,40.81607],[-73.83967,40.81609],[-73.83969,40.81612],[-73.83969,40.81612],[-73.83969,40.81613],[-73.8397,40.81614],[-73.8397,40.81615],[-73.8397,40.81615],[-73.83971,40.81617],[-73.83972,40.8162],[-73.83973,40.81625],[-73.83974,40.81625],[-73.83974,40.81627],[-73.83974,40.81631],[-73.83975,40.81633],[-73.83975,40.81635],[-73.83975,40.81636],[-73.83975,40.81637],[-73.83975,40.81639],[-73.83974,40.8164],[-73.83974,40.81641],[-73.83901,40.81635],[-73.83697,40.81637],[-73.83669,40.81735],[-73.83666,40.81799],[-73.8365,40.8187],[-73.8364,40.81889],[-73.83643,40.81803],[-73.83644,40.81782],[-73.83627,40.8178],[-73.83604,40.81778],[-73.83602,40.81803],[-73.836,40.81834],[-73.83595,40.81889],[-73.83597,40.81988],[-73.83597,40.82034],[-73.83598,40.82096],[-73.83598,40.82143],[-73.83598,40.82168],[-73.83599,40.82242],[-73.83599,40.82297],[-73.836,40.82351],[-73.836,40.8236],[-73.83603,40.82388],[-73.83609,40.82422],[-73.83612,40.82451],[-73.83616,40.82499],[-73.83638,40.82604],[-73.83645,40.82641],[-73.83654,40.82712],[-73.83656,40.82723],[-73.83663,40.82758],[-73.83669,40.82789],[-73.83676,40.82823],[-73.83683,40.82844],[-73.83646,40.8284],[-73.83628,40.82838],[-73.83616,40.82835],[-73.83601,40.82833],[-73.83571,40.82827],[-73.83563,40.82825],[-73.83534,40.82819],[-73.8353,40.82818],[-73.83376,40.82762],[-73.83263,40.8272],[-73.83244,40.82714],[-73.83231,40.82709],[-73.83186,40.8269],[-73.83181,40.82689]]]]}},{"type":"Feature","properties":{"ntaname":"Pelham Parkway-Van Nest","nta2020":"BX1101","ntatype":"0"},"geometry":{"type":"MultiPolygon","coordinates":[[[[-73.86179,40.85798],[-73.86178,40.8575],[-73.86178,40.85739],[-73.86184,40.85715],[-73.86189,40.85692],[-73.86192,40.85678],[-73.862,40.85439],[-73.86203,40.8531],[-73.86206,40.85231],[-73.86212,40.85081],[-73.86304,40.85061],[-73.86279,40.84924],[-73.86251,40.84836],[-73.8616,40.84855],[-73.86119,40.8486],[-73.86039,40.84824],[-73.85944,40.84666],[-73.85901,40.84592],[-73.85865,40.84529],[-73.85837,40.8449],[-73.85738,40.84372],[-73.85686,40.84353],[-73.85574,40.84314],[-73.85521,40.84298],[-73.8543,40.84267],[-73.85334,40.84247],[-73.8535,40.84245],[-73.85421,40.84237],[-73.8552,40.84226],[-73.85554,40.84222],[-73.85618,40.84215],[-73.85719,40.84203],[-73.85753,40.84199],[-73.85836,40.8419],[-73.8592,40.8418],[-73.85972,40.84174],[-73.86018,40.84169],[-73.86046,40.84166],[-73.86163,40.84153],[-73.86176,40.84151],[-73.86347,40.84131],[-73.86358,40.84128],[-73.86364,40.84127],[-73.86437,40.84111],[-73.86448,40.84109],[-73.86546,40.84086],[-73.86636,40.84059],[-73.86725,40.84034],[-73.8674,40.84029],[-73.86782,40.84017],[-73.86831,40.84],[-73.86874,40.83982],[-73.86921,40.8396],[-73.86956,40.8396],[-73.87007,40.83961],[-73.87018,40.83962],[-73.87028,40.83962],[-73.87035,40.83963],[-73.87121,40.83967],[-73.87273,40.83975],[-73.87277,40.83975],[-73.87283,40.83975],[-73.8736,40.8398],[-73.87327,40.84022],[-73.87282,40.84087],[-73.87245,40.84134],[-73.87236,40.84148],[-73.8723,40.84158],[-73.87223,40.84164],[-73.87153,40.84251],[-73.871,40.84311],[-73.8703,40.84355],[-73.8696,40.84398],[-73.86889,40.84441],[-73.86804,40.84481],[-73.86864,40.84531],[-73.86874,40.84561],[-73.86869,40.84577],[-73.86866,40.84593],[-73.86866,40.84593],[-73.86866,40.84593],[-73.86865,40.84609],[-73.86865,40.84609],[-73.86865,40.84609],[-73.86866,40.84626],[-73.86866,40.84626],[-73.86866,40.84626],[-73.8687,40.84642],[-73.8687,40.84642],[-73.8687,40.84642],[-73.86875,40.84658],[-73.86875,40.84658],[-73.86875,40.84658],[-73.86883,40.84674],[-73.86893,40.84688],[-73.86844,40.84705],[-73.86835,40.84708],[-73.86801,40.8483],[-73.86786,40.84886],[-73.86837,40.84897],[-73.86921,40.84924],[-73.86832,40.85076],[-73.86825,40.85096],[-73.86855,40.85179],[-73.86847,40.85197],[-73.86853,40.85204],[-73.86859,40.85211],[-73.86863,40.85219],[-73.86867,40.85226],[-73.8687,40.85234],[-73.86872,40.85242],[-73.86917,40.85369],[-73.86938,40.85427],[-73.86982,40.85548],[-73.86986,40.85558],[-73.86989,40.85567],[-73.8699,40.85573],[-73.8699,40.85577],[-73.8699,40.85587],[-73.86989,40.85597],[-73.86939,40.85655],[-73.86927,40.85669],[-73.86908,40.85695],[-73.86888,40.8572],[-73.86877,40.85734],[-73.86842,40.85778],[-73.86819,40.85806],[-73.8682,40.85802],[-73.8682,40.85797],[-73.86817,40.85792],[-73.86813,40.85788],[-73.86808,40.85785],[-73.86802,40.85783],[-73.86759,40.85783],[-73.86658,40.85786],[-73.86564,40.85788],[-73.86467,40.85791],[-73.86455,40.85791],[-73.86396,40.85792],[-73.86387,40.85793],[-73.86326,40.85794],[-73.86319,40.85795],[-73.86296,40.85795],[-73.86288,40.85795],[-73.86179,40.85798]]]]}},{"type":"Feature","properties":{"ntaname":"Morris Park","nta2020":"BX1102","ntatype":"0"},"geometry":{"type":"MultiPolygon","coordinates":[[[[-73.83682,40.85728],[-73.83691,40.85718],[-73.83691,40.85701],[-73.83668,40.85665],[-73.83524,40.85649],[-73.83538,40.85645],[-73.83552,40.8564],[-73.83562,40.85637],[-73.83698,40.85595],[-73.83735,40.85585],[-73.83772,40.85574],[-73.83808,40.85561],[-73.83843,40.85547],[-73.83877,40.85531],[-73.8391,40.85514],[-73.83942,40.85496],[-73.83972,40.85477],[-73.83992,40.85463],[-73.84012,40.85449],[-73.84031,40.85434],[-73.8405,40.85419],[-73.84068,40.85403],[-73.84086,40.85387],[-73.84103,40.85371],[-73.84119,40.85354],[-73.84134,40.85337],[-73.84149,40.85319],[-73.84195,40.85251],[-73.84314,40.85078],[-73.84362,40.85008],[-73.84428,40.84912],[-73.84494,40.84822],[-73.845,40.84846],[-73.84504,40.8487],[-73.84506,40.84895],[-73.84505,40.84919],[-73.84502,40.84943],[-73.84489,40.8502],[-73.84502,40.85001],[-73.84535,40.84945],[-73.84536,40.84905],[-73.84537,40.84871],[-73.84549,40.84846],[-73.84563,40.84821],[-73.84578,40.84797],[-73.84596,40.84773],[-73.84615,40.8475],[-73.84635,40.84728],[-73.84657,40.84707],[-73.84721,40.84649],[-73.84788,40.84599],[-73.84772,40.84584],[-73.84767,40.84579],[-73.84752,40.84566],[-73.84727,40.84544],[-73.84711,40.84531],[-73.84679,40.845],[-73.84623,40.84449],[-73.84749,40.84356],[-73.84781,40.84329],[-73.84802,40.84311],[-73.84806,40.84307],[-73.84855,40.84301],[-73.84939,40.84292],[-73.84999,40.84285],[-73.85052,40.84279],[-73.85089,40.84275],[-73.85121,40.84272],[-73.8518,40.84265],[-73.85231,40.84259],[-73.85334,40.84247],[-73.8543,40.84267],[-73.85521,40.84298],[-73.85574,40.84314],[-73.85686,40.84353],[-73.85738,40.84372],[-73.85837,40.8449],[-73.85865,40.84529],[-73.85901,40.84592],[-73.85944,40.84666],[-73.86039,40.84824],[-73.86119,40.8486],[-73.8616,40.84855],[-73.86251,40.84836],[-73.86279,40.84924],[-73.86304,40.85061],[-73.86212,40.85081],[-73.86206,40.85231],[-73.86203,40.8531],[-73.862,40.85439],[-73.86192,40.85678],[-73.86189,40.85692],[-73.86184,40.85715],[-73.86178,40.85739],[-73.86178,40.8575],[-73.86179,40.85798],[-73.85883,40.85806],[-73.85664,40.85812],[-73.85599,40.85816],[-73.85585,40.85817],[-73.85405,40.85832],[-73.85311,40.85841],[-73.85217,40.8585],[-73.85123,40.85858],[-73.85028,40.85866],[-73.84931,40.85872],[-73.84834,40.8587],[-73.8474,40.85868],[-73.84646,40.85864],[-73.84552,40.85854],[-73.84459,40.85845],[-73.8433,40.85829],[-73.84191,40.85809],[-73.84097,40.85795],[-73.84005,40.85781],[-73.83911,40.85766],[-73.83818,40.85751],[-73.83724,40.85736],[-73.83682,40.85728]]]]}},{"type":"Feature","properties":{"ntaname":"Pelham Gardens","nta2020":"BX1103","ntatype":"0"},"geometry":{"type":"MultiPolygon","coordinates":[[[[-73.85364,40.8733],[-73.85266,40.87299],[-73.85163,40.87266],[-73.85105,40.87248],[-73.85079,40.8724],[-73.84988,40.8721],[-73.84894,40.87179],[-73.8486,40.87167],[-73.84793,40.87134],[-73.84725,40.87099],[-73.84699,40.87085],[-73.84641,40.87055],[-73.84609,40.87039],[-73.84578,40.87023],[-73.84558,40.87013],[-73.84517,40.86991],[-73.84488,40.86976],[-73.84442,40.86952],[-73.84423,40.86942],[-73.84359,40.86909],[-73.84316,40.86886],[-73.8428,40.86868],[-73.84241,40.86847],[-73.84185,40.86819],[-73.84159,40.86805],[-73.84122,40.86786],[-73.84064,40.86755],[-73.83974,40.86709],[-73.83954,40.86699],[-73.83922,40.86682],[-73.83875,40.86657],[-73.83784,40.8661],[-73.83697,40.86564],[-73.83679,40.86555],[-73.83619,40.86522],[-73.83601,40.86513],[-73.83578,40.86502],[-73.8316,40.86264],[-73.83082,40.86243],[-73.82956,40.86216],[-73.82841,40.86095],[-73.82842,40.86093],[-73.82849,40.86083],[-73.82852,40.8608],[-73.82855,40.86075],[-73.8289,40.86051],[-73.82961,40.85989],[-73.82974,40.85981],[-73.82987,40.85974],[-73.83002,40.85968],[-73.83017,40.85963],[-73.83103,40.85934],[-73.83191,40.85907],[-73.83308,40.85868],[-73.83349,40.85853],[-73.83438,40.85819],[-73.83533,40.85783],[-73.83629,40.85748],[-73.83682,40.85728],[-73.83724,40.85736],[-73.83818,40.85751],[-73.83911,40.85766],[-73.84005,40.85781],[-73.84097,40.85795],[-73.84191,40.85809],[-73.8433,40.85829],[-73.84459,40.85845],[-73.84552,40.85854],[-73.84646,40.85864],[-73.8474,40.85868],[-73.84834,40.8587],[-73.84931,40.85872],[-73.85028,40.85866],[-73.85123,40.85858],[-73.85217,40.8585],[-73.85311,40.85841],[-73.85405,40.85832],[-73.85585,40.85817],[-73.85599,40.85816],[-73.85664,40.85812],[-73.85697,40.85875],[-73.85713,40.85905],[-73.85718,40.85912],[-73.85722,40.85921],[-73.85726,40.85929],[-73.85729,40.85937],[-73.85731,40.85945],[-73.85733,40.85954],[-73.85735,40.85963],[-73.85735,40.85971],[-73.85739,40.85998],[-73.85746,40.86043],[-73.85747,40.8605],[-73.85748,40.86054],[-73.85752,40.86085],[-73.85753,40.8609],[-73.85757,40.86116],[-73.8576,40.86142],[-73.85761,40.86149],[-73.85767,40.86197],[-73.85768,40.86203],[-73.85769,40.86213],[-73.8577,40.86219],[-73.85771,40.86224],[-73.85771,40.86228],[-73.85806,40.86304],[-73.85845,40.86376],[-73.85871,40.86425],[-73.85891,40.86464],[-73.85961,40.86551],[-73.85867,40.86549],[-73.8586,40.86773],[-73.85858,40.86855],[-73.85854,40.86955],[-73.85849,40.87128],[-73.85755,40.87127],[-73.85661,40.87125],[-73.85655,40.87303],[-73.85651,40.87422],[-73.85577,40.87398],[-73.85552,40.8739],[-73.85451,40.87358],[-73.85364,40.8733]]]]}},{"type":"Feature","properties":{"ntaname":"Allerton","nta2020":"BX1104","ntatype":"0"},"geometry":{"type":"MultiPolygon","coordinates":[[[[-73.85849,40.87128],[-73.85854,40.86955],[-73.85858,40.86855],[-73.8586,40.86773],[-73.85867,40.86549],[-73.85961,40.86551],[-73.85891,40.86464],[-73.85871,40.86425],[-73.85845,40.86376],[-73.85806,40.86304],[-73.85771,40.86228],[-73.85771,40.86224],[-73.8577,40.86219],[-73.85769,40.86213],[-73.85768,40.86203],[-73.85767,40.86197],[-73.85761,40.86149],[-73.8576,40.86142],[-73.85757,40.86116],[-73.85753,40.8609],[-73.85752,40.86085],[-73.85748,40.86054],[-73.85747,40.8605],[-73.85746,40.86043],[-73.85739,40.85998],[-73.85735,40.85971],[-73.85735,40.85963],[-73.85733,40.85954],[-73.85731,40.85945],[-73.85729,40.85937],[-73.85726,40.85929],[-73.85722,40.85921],[-73.85718,40.85912],[-73.85713,40.85905],[-73.85697,40.85875],[-73.85664,40.85812],[-73.85883,40.85806],[-73.86179,40.85798],[-73.86288,40.85795],[-73.86296,40.85795],[-73.86319,40.85795],[-73.86326,40.85794],[-73.86387,40.85793],[-73.86396,40.85792],[-73.86455,40.85791],[-73.86467,40.85791],[-73.86564,40.85788],[-73.86658,40.85786],[-73.86759,40.85783],[-73.86802,40.85783],[-73.86808,40.85785],[-73.86813,40.85788],[-73.86817,40.85792],[-73.8682,40.85797],[-73.8682,40.85802],[-73.86819,40.85806],[-73.86842,40.85778],[-73.8689,40.85777],[-73.86955,40.85773],[-73.87085,40.85729],[-73.87088,40.85728],[-73.87089,40.85727],[-73.87089,40.85727],[-73.87089,40.85727],[-73.87094,40.85727],[-73.87094,40.85727],[-73.87094,40.85727],[-73.871,40.85728],[-73.871,40.85728],[-73.871,40.85728],[-73.87105,40.8573],[-73.87105,40.8573],[-73.87105,40.85731],[-73.87108,40.85734],[-73.87108,40.85734],[-73.87108,40.85734],[-73.87108,40.85738],[-73.87103,40.85781],[-73.87098,40.8582],[-73.87088,40.8589],[-73.87058,40.8614],[-73.87044,40.86327],[-73.87042,40.86362],[-73.87041,40.86397],[-73.8704,40.86432],[-73.8704,40.86466],[-73.87041,40.86501],[-73.87042,40.86536],[-73.87046,40.86663],[-73.87049,40.86795],[-73.8705,40.86818],[-73.8705,40.86824],[-73.87051,40.86866],[-73.87051,40.86882],[-73.87052,40.86888],[-73.87053,40.86925],[-73.87053,40.86936],[-73.87053,40.86952],[-73.87053,40.86958],[-73.87054,40.86967],[-73.86991,40.86968],[-73.86985,40.86968],[-73.86962,40.86968],[-73.86928,40.86968],[-73.86912,40.86968],[-73.86904,40.86968],[-73.86862,40.86968],[-73.86855,40.86968],[-73.86838,40.86968],[-73.86823,40.86968],[-73.86785,40.86969],[-73.86778,40.86969],[-73.86753,40.86969],[-73.86722,40.86969],[-73.86654,40.8697],[-73.86621,40.86969],[-73.86526,40.86967],[-73.86433,40.86966],[-73.86427,40.87139],[-73.86333,40.87138],[-73.86239,40.87136],[-73.86138,40.87134],[-73.86037,40.87132],[-73.85943,40.8713],[-73.85849,40.87128]]]]}},{"type":"Feature","properties":{"ntaname":"Hutchinson Metro Center","nta2020":"BX1161","ntatype":"6"},"geometry":{"type":"MultiPolygon","coordinates":[[[[-73.83129,40.85543],[-73.83157,40.85538],[-73.83193,40.85529],[-73.83228,40.85518],[-73.83262,40.85506],[-73.83296,40.85492],[-73.8335,40.85468],[-73.83391,40.85447],[-73.83408,40.85436],[-73.83425,40.85424],[-73.8344,40.85411],[-73.83453,40.85397],[-73.83464,40.85382],[-73.83473,40.85366],[-73.8348,40.8535],[-73.83504,40.85313],[-73.8352,40.85284],[-73.83534,40.85255],[-73.83546,40.85226],[-73.83556,40.85196],[-73.8358,40.84968],[-73.83593,40.84841],[-73.83607,40.84716],[-73.83615,40.84613],[-73.8362,40.84583],[-73.83653,40.84462],[-73.83683,40.84346],[-73.83699,40.84318],[-73.83715,40.84273],[-73.83737,40.84204],[-73.83767,40.84112],[-73.83769,40.84081],[-73.83762,40.84028],[-73.83798,40.84051],[-73.83821,40.8406],[-73.83831,40.84064],[-73.83839,40.84068],[-73.83849,40.8407],[-73.83866,40.84073],[-73.83881,40.84077],[-73.83937,40.84088],[-73.84124,40.8406],[-73.84136,40.84059],[-73.84161,40.84058],[-73.8417,40.84058],[-73.84178,40.84059],[-73.84187,40.84061],[-73.84195,40.84063],[-73.84202,40.84066],[-73.84195,40.84069],[-73.84146,40.84096],[-73.84188,40.84153],[-73.84239,40.84227],[-73.84284,40.84291],[-73.84328,40.84354],[-73.84378,40.84412],[-73.84429,40.84468],[-73.84491,40.84543],[-73.84461,40.84625],[-73.84462,40.84636],[-73.84464,40.84662],[-73.84466,40.84688],[-73.8447,40.84714],[-73.84475,40.84739],[-73.8448,40.84765],[-73.84486,40.8479],[-73.84494,40.84822],[-73.84428,40.84912],[-73.84362,40.85008],[-73.84314,40.85078],[-73.84195,40.85251],[-73.84149,40.85319],[-73.84134,40.85337],[-73.84119,40.85354],[-73.84103,40.85371],[-73.84086,40.85387],[-73.84068,40.85403],[-73.8405,40.85419],[-73.84031,40.85434],[-73.84012,40.85449],[-73.83992,40.85463],[-73.83972,40.85477],[-73.83942,40.85496],[-73.8391,40.85514],[-73.83877,40.85531],[-73.83843,40.85547],[-73.83808,40.85561],[-73.83772,40.85574],[-73.83735,40.85585],[-73.83698,40.85595],[-73.83562,40.85637],[-73.83552,40.8564],[-73.83538,40.85645],[-73.83524,40.85649],[-73.83668,40.85665],[-73.83691,40.85701],[-73.83691,40.85718],[-73.83682,40.85728],[-73.83629,40.85748],[-73.83533,40.85783],[-73.83438,40.85819],[-73.83349,40.85853],[-73.83308,40.85868],[-73.83191,40.85907],[-73.83103,40.85934],[-73.83017,40.85963],[-73.83002,40.85968],[-73.82987,40.85974],[-73.82974,40.85981],[-73.82961,40.85989],[-73.8289,40.86051],[-73.82855,40.86075],[-73.82882,40.86045],[-73.82947,40.85964],[-73.82968,40.85939],[-73.83046,40.85844],[-73.83065,40.85819],[-73.83088,40.85794],[-73.83102,40.85776],[-73.83117,40.85754],[-73.83121,40.8575],[-73.83133,40.85737],[-73.83143,40.85727],[-73.83155,40.85714],[-73.832,40.85674],[-73.83208,40.85667],[-73.83219,40.85658],[-73.83244,40.8564],[-73.83267,40.85623],[-73.83277,40.85615],[-73.83285,40.85609],[-73.83284,40.85604],[-73.83281,40.85598],[-73.83239,40.85582],[-73.83232,40.85574],[-73.83227,40.85577],[-73.83194,40.85559],[-73.83186,40.85555],[-73.83177,40.85552],[-73.83168,40.8555],[-73.83159,40.85547],[-73.83149,40.85546],[-73.8314,40.85545],[-73.83129,40.85543]]]]}},{"type":"Feature","properties":{"ntaname":"Williamsbridge-Olinville","nta2020":"BX1201","ntatype":"0"},"geometry":{"type":"MultiPolygon","coordinates":[[[[-73.84744,40.88698],[-73.84749,40.88691],[-73.84786,40.88636],[-73.8479,40.8863],[-73.84799,40.88617],[-73.84802,40.88612],[-73.84805,40.88608],[-73.84809,40.88601],[-73.84814,40.88595],[-73.84817,40.8859],[-73.84821,40.88584],[-73.84825,40.88578],[-73.84829,40.88573],[-73.84832,40.88567],[-73.84836,40.88561],[-73.84846,40.88546],[-73.84876,40.88501],[-73.84882,40.88492],[-73.84928,40.88424],[-73.84973,40.88356],[-73.8502,40.88287],[-73.85065,40.88219],[-73.85111,40.88151],[-73.85157,40.88083],[-73.85203,40.88014],[-73.85248,40.87946],[-73.85207,40.8793],[-73.85187,40.87906],[-73.85138,40.87848],[-73.85092,40.87789],[-73.85211,40.8773],[-73.85255,40.87709],[-73.85172,40.87684],[-73.85093,40.87583],[-73.85069,40.87549],[-73.85143,40.87499],[-73.85214,40.87444],[-73.85278,40.87395],[-73.85364,40.8733],[-73.85451,40.87358],[-73.85552,40.8739],[-73.85577,40.87398],[-73.85651,40.87422],[-73.85655,40.87303],[-73.85661,40.87125],[-73.85755,40.87127],[-73.85849,40.87128],[-73.85943,40.8713],[-73.86037,40.87132],[-73.86138,40.87134],[-73.86239,40.87136],[-73.86333,40.87138],[-73.86427,40.87139],[-73.86433,40.86966],[-73.86526,40.86967],[-73.86621,40.86969],[-73.86654,40.8697],[-73.86722,40.86969],[-73.86753,40.86969],[-73.86778,40.86969],[-73.86785,40.86969],[-73.86823,40.86968],[-73.86838,40.86968],[-73.86855,40.86968],[-73.86862,40.86968],[-73.86904,40.86968],[-73.86912,40.86968],[-73.86928,40.86968],[-73.86962,40.86968],[-73.86985,40.86968],[-73.86991,40.86968],[-73.87054,40.86967],[-73.87056,40.87151],[-73.87038,40.87328],[-73.87031,40.87534],[-73.87032,40.87562],[-73.87023,40.87572],[-73.87022,40.87587],[-73.8702,40.87602],[-73.87019,40.87605],[-73.87009,40.87634],[-73.87007,40.87639],[-73.87004,40.87645],[-73.87003,40.87648],[-73.86995,40.87665],[-73.86942,40.87797],[-73.86936,40.87811],[-73.86943,40.87813],[-73.8695,40.87815],[-73.8696,40.87817],[-73.86978,40.87821],[-73.86997,40.87826],[-73.87006,40.87829],[-73.87015,40.87831],[-73.87034,40.87835],[-73.87068,40.87844],[-73.87094,40.87851],[-73.87015,40.88035],[-73.87068,40.88046],[-73.87084,40.88045],[-73.87002,40.88234],[-73.86921,40.88332],[-73.86898,40.88377],[-73.86877,40.88422],[-73.86857,40.88468],[-73.86839,40.88514],[-73.86822,40.8856],[-73.86807,40.88607],[-73.86794,40.88658],[-73.86778,40.88708],[-73.86761,40.88759],[-73.86743,40.88809],[-73.86722,40.88858],[-73.867,40.88907],[-73.86656,40.88975],[-73.86369,40.89432],[-73.86356,40.89538],[-73.86339,40.89532],[-73.8633,40.89529],[-73.86317,40.89525],[-73.86308,40.89522],[-73.86288,40.89515],[-73.86264,40.89508],[-73.86232,40.89497],[-73.86219,40.89493],[-73.86214,40.89492],[-73.86207,40.89489],[-73.8619,40.89484],[-73.86183,40.89481],[-73.86176,40.89479],[-73.86136,40.89466],[-73.86141,40.89454],[-73.86149,40.89428],[-73.86193,40.89329],[-73.86198,40.89316],[-73.86216,40.89283],[-73.86225,40.89267],[-73.86274,40.89184],[-73.86266,40.89182],[-73.86179,40.89155],[-73.85991,40.89095],[-73.85891,40.89063],[-73.85603,40.88971],[-73.85315,40.8888],[-73.85027,40.88788],[-73.84744,40.88698]]]]}},{"type":"Feature","properties":{"ntaname":"Eastchester-Edenwald-Baychester","nta2020":"BX1202","ntatype":"0"},"geometry":{"type":"MultiPolygon","coordinates":[[[[-73.79323,40.88282],[-73.79417,40.88299],[-73.79449,40.88307],[-73.79745,40.88385],[-73.79938,40.88435],[-73.8022,40.88512],[-73.80329,40.88542],[-73.8052,40.886],[-73.80551,40.88592],[-73.80605,40.88582],[-73.80647,40.88577],[-73.80676,40.88575],[-73.80701,40.88575],[-73.80728,40.88574],[-73.8079,40.88578],[-73.8085,40.88587],[-73.80873,40.88592],[-73.80892,40.88596],[-73.80921,40.88602],[-73.80949,40.88608],[-73.80979,40.88614],[-73.81028,40.88625],[-73.81078,40.88635],[-73.81102,40.8864],[-73.81172,40.88652],[-73.8124,40.88663],[-73.81261,40.88666],[-73.81277,40.88668],[-73.81365,40.88673],[-73.81408,40.88673],[-73.81442,40.88672],[-73.81448,40.88672],[-73.81468,40.88671],[-73.81497,40.88668],[-73.81519,40.88667],[-73.8153,40.88665],[-73.81538,40.88664],[-73.81565,40.88661],[-73.816,40.88656],[-73.81624,40.88651],[-73.81634,40.88649],[-73.81668,40.88642],[-73.81684,40.88639],[-73.81702,40.88634],[-73.81739,40.88623],[-73.81749,40.8862],[-73.81815,40.88603],[-73.81838,40.88597],[-73.81935,40.88572],[-73.81979,40.8856],[-73.81994,40.88557],[-73.82024,40.88549],[-73.82065,40.88538],[-73.82082,40.88534],[-73.82084,40.8854],[-73.82086,40.88547],[-73.82093,40.88565],[-73.82099,40.88576],[-73.82108,40.88585],[-73.82119,40.88594],[-73.82132,40.88602],[-73.82146,40.88607],[-73.82161,40.88611],[-73.82177,40.88613],[-73.82192,40.88613],[-73.82206,40.88611],[-73.82259,40.88594],[-73.82354,40.88565],[-73.82439,40.88537],[-73.82526,40.8851],[-73.8258,40.88492],[-73.8261,40.88483],[-73.82661,40.88465],[-73.82654,40.88459],[-73.82606,40.88415],[-73.82612,40.88412],[-73.82825,40.88304],[-73.82905,40.88262],[-73.82986,40.88217],[-73.8305,40.88177],[-73.83144,40.88111],[-73.83212,40.88054],[-73.83246,40.88021],[-73.8334,40.87915],[-73.83377,40.87872],[-73.83396,40.87835],[-73.83412,40.87798],[-73.8343,40.87763],[-73.83445,40.87727],[-73.83458,40.87691],[-73.83469,40.87654],[-73.83478,40.87617],[-73.83479,40.87609],[-73.83484,40.87579],[-73.83487,40.87552],[-73.83488,40.87544],[-73.83489,40.87507],[-73.83489,40.8749],[-73.83489,40.87474],[-73.83488,40.8744],[-73.83486,40.87428],[-73.83485,40.87406],[-73.8348,40.87372],[-73.83474,40.87338],[-73.83466,40.87304],[-73.83457,40.8727],[-73.83446,40.87236],[-73.83434,40.87203],[-73.83424,40.87178],[-73.83405,40.87133],[-73.83381,40.87075],[-73.83369,40.87045],[-73.83278,40.86852],[-73.83275,40.86845],[-73.83272,40.8684],[-73.83264,40.86824],[-73.83199,40.86701],[-73.83182,40.8667],[-73.83114,40.86543],[-73.83101,40.86516],[-73.83081,40.86478],[-73.83075,40.86468],[-73.83022,40.86343],[-73.82956,40.86216],[-73.83082,40.86243],[-73.8316,40.86264],[-73.83578,40.86502],[-73.83601,40.86513],[-73.83619,40.86522],[-73.83679,40.86555],[-73.83697,40.86564],[-73.83784,40.8661],[-73.83875,40.86657],[-73.83922,40.86682],[-73.83954,40.86699],[-73.83974,40.86709],[-73.84064,40.86755],[-73.84122,40.86786],[-73.84159,40.86805],[-73.84185,40.86819],[-73.84241,40.86847],[-73.8428,40.86868],[-73.84316,40.86886],[-73.84359,40.86909],[-73.84423,40.86942],[-73.84442,40.86952],[-73.84488,40.86976],[-73.84517,40.86991],[-73.84558,40.87013],[-73.84578,40.87023],[-73.84609,40.87039],[-73.84641,40.87055],[-73.84699,40.87085],[-73.84725,40.87099],[-73.84793,40.87134],[-73.8486,40.87167],[-73.84894,40.87179],[-73.84988,40.8721],[-73.85079,40.8724],[-73.85105,40.87248],[-73.85163,40.87266],[-73.85266,40.87299],[-73.85364,40.8733],[-73.85278,40.87395],[-73.85214,40.87444],[-73.85143,40.87499],[-73.85069,40.87549],[-73.85093,40.87583],[-73.85172,40.87684],[-73.85255,40.87709],[-73.85211,40.8773],[-73.85092,40.87789],[-73.85138,40.87848],[-73.85187,40.87906],[-73.85207,40.8793],[-73.85248,40.87946],[-73.85203,40.88014],[-73.85157,40.88083],[-73.85111,40.88151],[-73.85065,40.88219],[-73.8502,40.88287],[-73.84973,40.88356],[-73.84928,40.88424],[-73.84882,40.88492],[-73.84876,40.88501],[-73.84846,40.88546],[-73.84836,40.88561],[-73.84832,40.88567],[-73.84829,40.88573],[-73.84825,40.88578],[-73.84821,40.88584],[-73.84817,40.8859],[-73.84814,40.88595],[-73.84809,40.88601],[-73.84805,40.88608],[-73.84802,40.88612],[-73.84799,40.88617],[-73.8479,40.8863],[-73.84786,40.88636],[-73.84749,40.88691],[-73.84744,40.88698],[-73.84705,40.88767],[-73.84665,40.88839],[-73.84646,40.88875],[-73.84626,40.8891],[-73.84591,40.88974],[-73.84633,40.88988],[-73.84741,40.89022],[-73.84874,40.89065],[-73.8504,40.89121],[-73.85069,40.8913],[-73.85042,40.89138],[-73.84984,40.89154],[-73.84895,40.89174],[-73.84807,40.89193],[-73.84718,40.89213],[-73.84629,40.89232],[-73.84543,40.89252],[-73.84454,40.89271],[-73.84366,40.89291],[-73.84279,40.89309],[-73.84192,40.89329],[-73.84103,40.89348],[-73.84015,40.89368],[-73.83928,40.89387],[-73.83839,40.89407],[-73.83804,40.89414],[-73.83738,40.89392],[-73.83631,40.8936],[-73.83526,40.89339],[-73.83357,40.89281],[-73.83268,40.8926],[-73.83185,40.89235],[-73.83096,40.89203],[-73.83008,40.89179],[-73.82891,40.89144],[-73.82866,40.89137],[-73.82797,40.89115],[-73.82722,40.89091],[-73.82521,40.89034],[-73.82392,40.88997],[-73.82367,40.8899],[-73.82252,40.88943],[-73.82242,40.88951],[-73.82242,40.88951],[-73.82242,40.88952],[-73.82241,40.88957],[-73.82241,40.88961],[-73.82242,40.88966],[-73.82243,40.88968],[-73.82244,40.8897],[-73.82247,40.88974],[-73.82249,40.88976],[-73.82251,40.88978],[-73.82255,40.88981],[-73.8226,40.88982],[-73.82261,40.88983],[-73.82266,40.88984],[-73.82271,40.88985],[-73.82275,40.88985],[-73.82275,40.88985],[-73.82282,40.88985],[-73.82284,40.88984],[-73.82292,40.88983],[-73.82295,40.88982],[-73.82304,40.8898],[-73.82306,40.88979],[-73.82309,40.88977],[-73.82313,40.88977],[-73.82317,40.88977],[-73.82317,40.88977],[-73.82317,40.88977],[-73.8232,40.88978],[-73.82326,40.8898],[-73.8233,40.88982],[-73.82333,40.88985],[-73.82336,40.88987],[-73.82337,40.8899],[-73.82337,40.88992],[-73.82337,40.88992],[-73.82337,40.88993],[-73.82338,40.88998],[-73.82337,40.89004],[-73.82337,40.89011],[-73.82336,40.89015],[-73.82334,40.89022],[-73.82331,40.89029],[-73.8233,40.89037],[-73.82329,40.89039],[-73.82329,40.89039],[-73.82331,40.89043],[-73.82331,40.89043],[-73.82333,40.89047],[-73.82333,40.89047],[-73.82333,40.89047],[-73.82337,40.89051],[-73.82342,40.89053],[-73.82342,40.89053],[-73.82343,40.89054],[-73.82343,40.89054],[-73.82344,40.89055],[-73.82344,40.89055],[-73.82344,40.89055],[-73.82345,40.89056],[-73.82345,40.89056],[-73.82346,40.89057],[-73.82346,40.89058],[-73.82347,40.89059],[-73.82347,40.89061],[-73.82348,40.89061],[-73.82348,40.89064],[-73.82348,40.89066],[-73.82347,40.89066],[-73.82337,40.89097],[-73.82285,40.89121],[-73.82061,40.89061],[-73.81957,40.89032],[-73.81949,40.89029],[-73.81941,40.89026],[-73.81828,40.88985],[-73.81761,40.88968],[-73.81661,40.88943],[-73.81602,40.88932],[-73.81574,40.8892],[-73.81533,40.88908],[-73.81524,40.88906],[-73.81517,40.88904],[-73.81365,40.88868],[-73.81228,40.88834],[-73.81127,40.8881],[-73.8099,40.88774],[-73.80943,40.88764],[-73.80872,40.88748],[-73.80756,40.88711],[-73.80638,40.88683],[-73.80484,40.88647],[-73.80453,40.88641],[-73.80424,40.88634],[-73.80291,40.88603],[-73.80192,40.88571],[-73.7993,40.88507],[-73.79773,40.88465],[-73.79733,40.88454],[-73.79628,40.88429],[-73.79487,40.88392],[-73.79406,40.8837],[-73.79386,40.88364],[-73.79301,40.88336],[-73.79323,40.88282]]]]}},{"type":"Feature","properties":{"ntaname":"Wakefield-Woodlawn","nta2020":"BX1203","ntatype":"0"},"geometry":{"type":"MultiPolygon","coordinates":[[[[-73.85107,40.91037],[-73.85164,40.9097],[-73.85207,40.9092],[-73.85235,40.90886],[-73.85305,40.90804],[-73.85348,40.90753],[-73.85258,40.9072],[-73.85228,40.90708],[-73.85143,40.90678],[-73.85092,40.90662],[-73.8504,40.90722],[-73.85017,40.90751],[-73.84934,40.90713],[-73.84864,40.90681],[-73.84708,40.90616],[-73.84623,40.9059],[-73.84538,40.90566],[-73.84482,40.90553],[-73.84488,40.90507],[-73.84493,40.90466],[-73.84489,40.90419],[-73.84441,40.90417],[-73.8434,40.90417],[-73.84238,40.90417],[-73.84139,40.90417],[-73.84113,40.9035],[-73.84106,40.90321],[-73.84102,40.90281],[-73.84087,40.90186],[-73.84084,40.90178],[-73.84081,40.90171],[-73.84078,40.90163],[-73.84074,40.90154],[-73.8407,40.90147],[-73.84065,40.9014],[-73.84004,40.90057],[-73.83925,40.8995],[-73.83922,40.89942],[-73.8392,40.89933],[-73.83918,40.89925],[-73.83918,40.89916],[-73.83917,40.89908],[-73.83918,40.89899],[-73.8392,40.89889],[-73.83922,40.8988],[-73.83923,40.89878],[-73.83924,40.89874],[-73.83925,40.89872],[-73.83927,40.89866],[-73.83966,40.89789],[-73.83965,40.89733],[-73.83897,40.89559],[-73.83839,40.89407],[-73.83928,40.89387],[-73.84015,40.89368],[-73.84103,40.89348],[-73.84192,40.89329],[-73.84279,40.89309],[-73.84366,40.89291],[-73.84454,40.89271],[-73.84543,40.89252],[-73.84629,40.89232],[-73.84718,40.89213],[-73.84807,40.89193],[-73.84895,40.89174],[-73.84984,40.89154],[-73.85042,40.89138],[-73.85069,40.8913],[-73.8504,40.89121],[-73.84874,40.89065],[-73.84741,40.89022],[-73.84633,40.88988],[-73.84591,40.88974],[-73.84626,40.8891],[-73.84646,40.88875],[-73.84665,40.88839],[-73.84705,40.88767],[-73.84744,40.88698],[-73.85027,40.88788],[-73.85315,40.8888],[-73.85603,40.88971],[-73.85891,40.89063],[-73.85991,40.89095],[-73.86179,40.89155],[-73.86266,40.89182],[-73.86274,40.89184],[-73.86225,40.89267],[-73.86216,40.89283],[-73.86198,40.89316],[-73.86193,40.89329],[-73.86149,40.89428],[-73.86141,40.89454],[-73.86136,40.89466],[-73.86176,40.89479],[-73.86183,40.89481],[-73.8619,40.89484],[-73.86207,40.89489],[-73.86214,40.89492],[-73.86219,40.89493],[-73.86232,40.89497],[-73.86264,40.89508],[-73.86288,40.89515],[-73.86308,40.89522],[-73.86317,40.89525],[-73.8633,40.89529],[-73.86339,40.89532],[-73.86356,40.89538],[-73.86402,40.89552],[-73.86492,40.89575],[-73.86692,40.89608],[-73.87007,40.89659],[-73.87049,40.89664],[-73.87241,40.89624],[-73.87481,40.89573],[-73.87572,40.89562],[-73.87712,40.89547],[-73.87706,40.89565],[-73.87699,40.89583],[-73.87692,40.89601],[-73.87683,40.89619],[-73.87675,40.89636],[-73.87665,40.89653],[-73.87655,40.8967],[-73.87644,40.89687],[-73.87634,40.897],[-73.87625,40.89713],[-73.87615,40.89725],[-73.87604,40.89737],[-73.87593,40.89749],[-73.87582,40.89761],[-73.87568,40.89775],[-73.87553,40.89789],[-73.87538,40.89802],[-73.87522,40.89815],[-73.87506,40.89827],[-73.87489,40.89839],[-73.87471,40.89851],[-73.87452,40.89863],[-73.87433,40.89875],[-73.87413,40.89885],[-73.87393,40.89896],[-73.87372,40.89906],[-73.87355,40.89913],[-73.87337,40.8992],[-73.87319,40.89927],[-73.87301,40.89934],[-73.87269,40.89946],[-73.87237,40.89958],[-73.87206,40.89972],[-73.87175,40.89985],[-73.87144,40.89999],[-73.87114,40.90014],[-73.87084,40.90031],[-73.87054,40.90048],[-73.87025,40.90065],[-73.86996,40.90083],[-73.86979,40.90095],[-73.86963,40.90106],[-73.86947,40.90118],[-73.86931,40.90131],[-73.86916,40.90143],[-73.86901,40.90156],[-73.86883,40.90173],[-73.86865,40.9019],[-73.86848,40.90207],[-73.86831,40.90225],[-73.8682,40.90236],[-73.86815,40.90244],[-73.86809,40.90253],[-73.86804,40.90262],[-73.868,40.90272],[-73.86796,40.90281],[-73.8679,40.90294],[-73.86652,40.90252],[-73.86566,40.90224],[-73.86477,40.90201],[-73.86305,40.90151],[-73.8628,40.90154],[-73.86266,40.90146],[-73.86246,40.90136],[-73.86224,40.90127],[-73.86202,40.90119],[-73.8618,40.90112],[-73.86156,40.90106],[-73.86134,40.90111],[-73.86109,40.90103],[-73.86088,40.90096],[-73.86078,40.90093],[-73.86069,40.9009],[-73.8605,40.90085],[-73.86027,40.90077],[-73.86019,40.90075],[-73.86011,40.90072],[-73.85947,40.90052],[-73.8594,40.90061],[-73.85932,40.9007],[-73.85908,40.90101],[-73.85924,40.9011],[-73.85942,40.90139],[-73.85938,40.90154],[-73.85938,40.90157],[-73.85928,40.90156],[-73.85921,40.90155],[-73.85903,40.90144],[-73.85886,40.90171],[-73.85929,40.90187],[-73.85939,40.9019],[-73.85946,40.90193],[-73.8595,40.9021],[-73.85953,40.90224],[-73.85958,40.90244],[-73.85926,40.90267],[-73.85918,40.90266],[-73.8591,40.90264],[-73.85904,40.90258],[-73.85896,40.90252],[-73.85873,40.90229],[-73.8584,40.90221],[-73.85816,40.90231],[-73.85816,40.9026],[-73.85797,40.90285],[-73.85775,40.90279],[-73.85756,40.90292],[-73.85711,40.90365],[-73.85717,40.90408],[-73.85699,40.90458],[-73.85704,40.90464],[-73.8571,40.90471],[-73.85719,40.90469],[-73.85736,40.90473],[-73.85743,40.90484],[-73.85718,40.90529],[-73.85705,40.90529],[-73.8568,40.90514],[-73.85673,40.9051],[-73.85665,40.90506],[-73.85636,40.9051],[-73.85601,40.90531],[-73.85601,40.90548],[-73.85636,40.90553],[-73.85642,40.90554],[-73.8565,40.90556],[-73.85692,40.90597],[-73.85681,40.90616],[-73.85656,40.90626],[-73.85596,40.90622],[-73.85588,40.90624],[-73.8558,40.90626],[-73.85553,40.90638],[-73.85514,40.90687],[-73.85424,40.90703],[-73.85374,40.90779],[-73.85383,40.90797],[-73.85423,40.90802],[-73.85471,40.90801],[-73.85476,40.90808],[-73.85479,40.90816],[-73.85491,40.90835],[-73.85459,40.90894],[-73.85392,40.90947],[-73.85378,40.90953],[-73.8536,40.90961],[-73.85335,40.91004],[-73.85296,40.91035],[-73.85277,40.91041],[-73.85258,40.91031],[-73.85266,40.91002],[-73.85246,40.90986],[-73.85227,40.90985],[-73.85178,40.91016],[-73.85149,40.91027],[-73.85145,40.91045],[-73.85107,40.91037]]]]}},{"type":"Feature","properties":{"ntaname":"Woodlawn Cemetery","nta2020":"BX1271","ntatype":"7"},"geometry":{"type":"MultiPolygon","coordinates":[[[[-73.87407,40.88004],[-73.87495,40.87995],[-73.87479,40.88008],[-73.8747,40.88155],[-73.87534,40.88167],[-73.87626,40.88183],[-73.87717,40.88199],[-73.87813,40.88215],[-73.87773,40.88345],[-73.87761,40.88452],[-73.87783,40.88677],[-73.87799,40.88705],[-73.87804,40.88712],[-73.87802,40.88723],[-73.878,40.88734],[-73.878,40.88745],[-73.87805,40.88763],[-73.87815,40.88794],[-73.87819,40.88805],[-73.87919,40.89031],[-73.88018,40.89209],[-73.88023,40.8922],[-73.88028,40.89232],[-73.88033,40.89243],[-73.88036,40.89255],[-73.88039,40.89267],[-73.8804,40.89279],[-73.88042,40.89291],[-73.88042,40.89304],[-73.88041,40.89316],[-73.8804,40.89328],[-73.88038,40.8934],[-73.88035,40.89352],[-73.8802,40.89455],[-73.8801,40.89472],[-73.88008,40.8949],[-73.88006,40.89506],[-73.88004,40.89522],[-73.87957,40.89527],[-73.87712,40.89547],[-73.87572,40.89562],[-73.87481,40.89573],[-73.87241,40.89624],[-73.87049,40.89664],[-73.87007,40.89659],[-73.86692,40.89608],[-73.86492,40.89575],[-73.86402,40.89552],[-73.86356,40.89538],[-73.86369,40.89432],[-73.86656,40.88975],[-73.867,40.88907],[-73.86722,40.88858],[-73.86743,40.88809],[-73.86761,40.88759],[-73.86778,40.88708],[-73.86794,40.88658],[-73.86807,40.88607],[-73.86822,40.8856],[-73.86839,40.88514],[-73.86857,40.88468],[-73.86877,40.88422],[-73.86898,40.88377],[-73.86921,40.88332],[-73.87002,40.88234],[-73.87084,40.88045],[-73.87187,40.88033],[-73.87192,40.88024],[-73.87307,40.88013],[-73.87407,40.88004]]]]}},{"type":"Feature","properties":{"ntaname":"Van Cortlandt Park","nta2020":"BX2691","ntatype":"9"},"geometry":{"type":"MultiPolygon","coordinates":[[[[-73.8679,40.90294],[-73.86796,40.90281],[-73.868,40.90272],[-73.86804,40.90262],[-73.86809,40.90253],[-73.86815,40.90244],[-73.8682,40.90236],[-73.86831,40.90225],[-73.86848,40.90207],[-73.86865,40.9019],[-73.86883,40.90173],[-73.86901,40.90156],[-73.86916,40.90143],[-73.86931,40.90131],[-73.86947,40.90118],[-73.86963,40.90106],[-73.86979,40.90095],[-73.86996,40.90083],[-73.87025,40.90065],[-73.87054,40.90048],[-73.87084,40.90031],[-73.87114,40.90014],[-73.87144,40.89999],[-73.87175,40.89985],[-73.87206,40.89972],[-73.87237,40.89958],[-73.87269,40.89946],[-73.87301,40.89934],[-73.87319,40.89927],[-73.87337,40.8992],[-73.87355,40.89913],[-73.87372,40.89906],[-73.87393,40.89896],[-73.87413,40.89885],[-73.87433,40.89875],[-73.87452,40.89863],[-73.87471,40.89851],[-73.87489,40.89839],[-73.87506,40.89827],[-73.87522,40.89815],[-73.87538,40.89802],[-73.87553,40.89789],[-73.87568,40.89775],[-73.87582,40.89761],[-73.87593,40.89749],[-73.87604,40.89737],[-73.87615,40.89725],[-73.87625,40.89713],[-73.87634,40.897],[-73.87644,40.89687],[-73.87655,40.8967],[-73.87665,40.89653],[-73.87675,40.89636],[-73.87683,40.89619],[-73.87692,40.89601],[-73.87699,40.89583],[-73.87706,40.89565],[-73.87712,40.89547],[-73.87957,40.89527],[-73.88004,40.89522],[-73.88006,40.89506],[-73.88008,40.8949],[-73.8801,40.89472],[-73.8802,40.89455],[-73.88035,40.89352],[-73.88038,40.8934],[-73.8804,40.89328],[-73.88041,40.89316],[-73.88042,40.89304],[-73.88042,40.89291],[-73.8804,40.89279],[-73.88039,40.89267],[-73.88036,40.89255],[-73.88033,40.89243],[-73.88028,40.89232],[-73.88023,40.8922],[-73.88018,40.89209],[-73.87919,40.89031],[-73.87819,40.88805],[-73.87815,40.88794],[-73.87805,40.88763],[-73.878,40.88745],[-73.878,40.88734],[-73.87802,40.88723],[-73.87804,40.88712],[-73.87813,40.88691],[-73.87815,40.88687],[-73.87876,40.88604],[-73.87936,40.88522],[-73.87996,40.88439],[-73.88124,40.88271],[-73.88209,40.88313],[-73.88275,40.8834],[-73.88319,40.88328],[-73.88334,40.88323],[-73.88334,40.88323],[-73.88334,40.88323],[-73.88351,40.88318],[-73.88351,40.88318],[-73.88351,40.88318],[-73.88368,40.88316],[-73.88368,40.88316],[-73.88368,40.88316],[-73.88386,40.88315],[-73.88386,40.88315],[-73.88386,40.88315],[-73.88404,40.88316],[-73.88404,40.88316],[-73.88404,40.88317],[-73.88422,40.8832],[-73.88422,40.8832],[-73.88422,40.8832],[-73.88438,40.88325],[-73.88438,40.88325],[-73.88438,40.88325],[-73.88453,40.88331],[-73.88516,40.88363],[-73.88662,40.88427],[-73.88683,40.88434],[-73.88693,40.88436],[-73.88705,40.88435],[-73.88759,40.88426],[-73.88775,40.88429],[-73.8884,40.88442],[-73.8889,40.8845],[-73.88985,40.88469],[-73.89081,40.88487],[-73.89177,40.88505],[-73.89289,40.88526],[-73.89292,40.88531],[-73.89311,40.88534],[-73.89388,40.88548],[-73.89391,40.8855],[-73.89393,40.8855],[-73.894,40.88552],[-73.89402,40.88552],[-73.89403,40.88553],[-73.89406,40.88553],[-73.89415,40.88555],[-73.89417,40.88555],[-73.89423,40.88556],[-73.8943,40.88556],[-73.89433,40.88556],[-73.89437,40.88556],[-73.89438,40.88556],[-73.89441,40.88557],[-73.89444,40.88558],[-73.89446,40.8856],[-73.89448,40.8856],[-73.89453,40.88559],[-73.89468,40.88552],[-73.89508,40.88564],[-73.89596,40.88583],[-73.89652,40.88594],[-73.89662,40.88596],[-73.89668,40.88596],[-73.89688,40.886],[-73.89716,40.88604],[-73.89738,40.88609],[-73.89893,40.88638],[-73.89973,40.88651],[-73.89978,40.88653],[-73.8999,40.88656],[-73.89983,40.88671],[-73.89978,40.88682],[-73.89954,40.8873],[-73.8994,40.88758],[-73.89846,40.88948],[-73.89802,40.89031],[-73.89791,40.89055],[-73.89783,40.89073],[-73.89739,40.89164],[-73.89728,40.89171],[-73.89706,40.89214],[-73.89676,40.89265],[-73.89643,40.89366],[-73.89671,40.89581],[-73.89699,40.89788],[-73.89709,40.89859],[-73.89716,40.89937],[-73.89714,40.89962],[-73.89707,40.90008],[-73.89705,40.90022],[-73.89703,40.90028],[-73.89703,40.90032],[-73.89697,40.90061],[-73.89688,40.90104],[-73.89661,40.9022],[-73.89641,40.90296],[-73.89636,40.9032],[-73.89641,40.9045],[-73.89644,40.90509],[-73.89649,40.90634],[-73.89655,40.90751],[-73.89656,40.90829],[-73.8966,40.90963],[-73.89661,40.9102],[-73.89663,40.9113],[-73.89663,40.9113],[-73.89663,40.91142],[-73.89247,40.91017],[-73.88611,40.90833],[-73.88606,40.90831],[-73.886,40.9083],[-73.88562,40.90818],[-73.8848,40.90793],[-73.8847,40.9079],[-73.88405,40.9077],[-73.88303,40.90733],[-73.88148,40.90689],[-73.87836,40.906],[-73.87817,40.90596],[-73.87811,40.90594],[-73.87807,40.90593],[-73.87804,40.90593],[-73.87787,40.90587],[-73.87737,40.90571],[-73.87647,40.90544],[-73.87563,40.90521],[-73.87483,40.90494],[-73.87416,40.90478],[-73.87295,40.90444],[-73.87095,40.90385],[-73.8679,40.90294]]]]}},{"type":"Feature","properties":{"ntaname":"Bronx Park","nta2020":"BX2791","ntatype":"9"},"geometry":{"type":"MultiPolygon","coordinates":[[[[-73.87054,40.86967],[-73.87053,40.86958],[-73.87053,40.86952],[-73.87053,40.86936],[-73.87053,40.86925],[-73.87052,40.86888],[-73.87051,40.86882],[-73.87051,40.86866],[-73.8705,40.86824],[-73.8705,40.86818],[-73.87049,40.86795],[-73.87046,40.86663],[-73.87042,40.86536],[-73.87041,40.86501],[-73.8704,40.86466],[-73.8704,40.86432],[-73.87041,40.86397],[-73.87042,40.86362],[-73.87044,40.86327],[-73.87058,40.8614],[-73.87088,40.8589],[-73.87098,40.8582],[-73.87103,40.85781],[-73.87108,40.85738],[-73.87108,40.85734],[-73.87108,40.85734],[-73.87108,40.85734],[-73.87105,40.85731],[-73.87105,40.8573],[-73.87105,40.8573],[-73.871,40.85728],[-73.871,40.85728],[-73.871,40.85728],[-73.87094,40.85727],[-73.87094,40.85727],[-73.87094,40.85727],[-73.87089,40.85727],[-73.87089,40.85727],[-73.87089,40.85727],[-73.87088,40.85728],[-73.87085,40.85729],[-73.86955,40.85773],[-73.8689,40.85777],[-73.86842,40.85778],[-73.86877,40.85734],[-73.86888,40.8572],[-73.86908,40.85695],[-73.86927,40.85669],[-73.86939,40.85655],[-73.86989,40.85597],[-73.8699,40.85587],[-73.8699,40.85577],[-73.8699,40.85573],[-73.86989,40.85567],[-73.86986,40.85558],[-73.86982,40.85548],[-73.86938,40.85427],[-73.86917,40.85369],[-73.86872,40.85242],[-73.8687,40.85234],[-73.86867,40.85226],[-73.86863,40.85219],[-73.86859,40.85211],[-73.86853,40.85204],[-73.86847,40.85197],[-73.86855,40.85179],[-73.86825,40.85096],[-73.86832,40.85076],[-73.86921,40.84924],[-73.86952,40.84869],[-73.86956,40.84802],[-73.86889,40.84811],[-73.86942,40.84751],[-73.86946,40.84738],[-73.86987,40.84662],[-73.86991,40.8466],[-73.86994,40.84658],[-73.86998,40.84657],[-73.87002,40.84656],[-73.87006,40.84656],[-73.87011,40.84656],[-73.87015,40.84657],[-73.87019,40.84658],[-73.87036,40.84662],[-73.87034,40.8466],[-73.87034,40.84658],[-73.87034,40.84656],[-73.87034,40.84654],[-73.87035,40.84652],[-73.87036,40.8465],[-73.87037,40.84649],[-73.87039,40.84647],[-73.87042,40.84646],[-73.87044,40.84642],[-73.87047,40.84636],[-73.8705,40.84631],[-73.87054,40.84626],[-73.87059,40.84621],[-73.87064,40.84617],[-73.8707,40.84613],[-73.87076,40.84609],[-73.87083,40.84606],[-73.87088,40.84604],[-73.87092,40.84601],[-73.87096,40.84598],[-73.87099,40.84594],[-73.87101,40.8459],[-73.87103,40.84586],[-73.87104,40.84582],[-73.8711,40.84551],[-73.87108,40.84545],[-73.87106,40.84539],[-73.87106,40.84534],[-73.87106,40.84528],[-73.8711,40.84492],[-73.87112,40.84487],[-73.87114,40.84482],[-73.87117,40.84478],[-73.87121,40.84474],[-73.87125,40.8447],[-73.87127,40.84467],[-73.87129,40.84465],[-73.87132,40.84463],[-73.87136,40.84461],[-73.87139,40.8446],[-73.87143,40.84459],[-73.87147,40.84459],[-73.87161,40.84459],[-73.87165,40.84459],[-73.87167,40.84459],[-73.87169,40.84459],[-73.8717,40.84459],[-73.87172,40.84459],[-73.87175,40.84458],[-73.87177,40.84457],[-73.8718,40.84455],[-73.87182,40.84454],[-73.87185,40.8445],[-73.87188,40.84447],[-73.8719,40.84443],[-73.87192,40.84438],[-73.87192,40.84434],[-73.87193,40.84428],[-73.87195,40.84422],[-73.87198,40.84416],[-73.87202,40.84404],[-73.87205,40.84391],[-73.87208,40.84379],[-73.87208,40.84377],[-73.87208,40.84375],[-73.87208,40.84373],[-73.8721,40.84371],[-73.87211,40.8437],[-73.87213,40.84369],[-73.87215,40.84368],[-73.87217,40.84367],[-73.87311,40.84325],[-73.87401,40.84254],[-73.87427,40.84214],[-73.87459,40.84152],[-73.87608,40.84206],[-73.8768,40.8423],[-73.87687,40.84232],[-73.87694,40.84234],[-73.87757,40.84248],[-73.87818,40.84262],[-73.87734,40.84399],[-73.87801,40.84448],[-73.87919,40.84532],[-73.88048,40.84619],[-73.88106,40.84659],[-73.882,40.84724],[-73.88284,40.84782],[-73.88312,40.84822],[-73.88288,40.84907],[-73.88285,40.84919],[-73.88256,40.85022],[-73.88238,40.85086],[-73.88232,40.85106],[-73.88214,40.8517],[-73.882,40.85219],[-73.88199,40.85225],[-73.88167,40.85335],[-73.88103,40.8556],[-73.88073,40.85668],[-73.88073,40.85681],[-73.88074,40.85689],[-73.88076,40.85695],[-73.88077,40.85704],[-73.88079,40.85713],[-73.88081,40.8572],[-73.88086,40.8574],[-73.88088,40.85751],[-73.88094,40.85769],[-73.88094,40.85769],[-73.88094,40.85769],[-73.88098,40.85788],[-73.881,40.85808],[-73.88101,40.85827],[-73.88099,40.85846],[-73.88097,40.85855],[-73.88077,40.85942],[-73.88061,40.86036],[-73.88052,40.86035],[-73.88051,40.86048],[-73.88051,40.86061],[-73.88054,40.86075],[-73.88059,40.86088],[-73.88066,40.86101],[-73.88074,40.86113],[-73.88084,40.86124],[-73.88095,40.86134],[-73.88193,40.86209],[-73.88201,40.86205],[-73.88379,40.86417],[-73.88379,40.86417],[-73.88387,40.86429],[-73.88392,40.86442],[-73.88396,40.86455],[-73.88398,40.86468],[-73.88397,40.86482],[-73.88394,40.86495],[-73.88385,40.86519],[-73.88384,40.8652],[-73.88377,40.86531],[-73.88367,40.86543],[-73.88356,40.86553],[-73.88344,40.86562],[-73.8832,40.86577],[-73.88274,40.86605],[-73.88268,40.86609],[-73.88272,40.86613],[-73.88299,40.86646],[-73.88309,40.8666],[-73.88134,40.86759],[-73.87989,40.86837],[-73.87981,40.86842],[-73.87964,40.86851],[-73.87773,40.86956],[-73.87694,40.86995],[-73.87619,40.87048],[-73.87519,40.87158],[-73.87437,40.8727],[-73.87255,40.87518],[-73.87161,40.87692],[-73.87094,40.87851],[-73.87068,40.87844],[-73.87034,40.87835],[-73.87015,40.87831],[-73.87006,40.87829],[-73.86997,40.87826],[-73.86978,40.87821],[-73.8696,40.87817],[-73.8695,40.87815],[-73.86943,40.87813],[-73.86936,40.87811],[-73.86942,40.87797],[-73.86995,40.87665],[-73.87003,40.87648],[-73.87004,40.87645],[-73.87007,40.87639],[-73.87009,40.87634],[-73.87019,40.87605],[-73.8702,40.87602],[-73.87022,40.87587],[-73.87023,40.87572],[-73.87032,40.87562],[-73.87031,40.87534],[-73.87038,40.87328],[-73.87056,40.87151],[-73.87054,40.86967]]]]}},{"type":"Feature","properties":{"ntaname":"Pelham Bay Park","nta2020":"BX2891","ntatype":"9"},"geometry":{"type":"MultiPolygon","coordinates":[[[[-73.80222,40.84163],[-73.80264,40.84108],[-73.80529,40.84113],[-73.80695,40.84146],[-73.80681,40.84249],[-73.80393,40.84259],[-73.80368,40.84226],[-73.80222,40.84163]]],[[[-73.77326,40.86063],[-73.7734,40.86074],[-73.77334,40.86085],[-73.77322,40.86079],[-73.77326,40.86063]]],[[[-73.77514,40.86118],[-73.77517,40.86118],[-73.77519,40.86118],[-73.77521,40.86119],[-73.77523,40.86119],[-73.77525,40.8612],[-73.77527,40.86121],[-73.77528,40.86122],[-73.77529,40.86123],[-73.7753,40.86124],[-73.77531,40.86126],[-73.77531,40.86127],[-73.7753,40.86129],[-73.77531,40.86131],[-73.77531,40.86133],[-73.77531,40.86134],[-73.7753,40.86136],[-73.7753,40.86137],[-73.77529,40.86138],[-73.77528,40.86141],[-73.77528,40.86143],[-73.77527,40.86145],[-73.77525,40.86145],[-73.77523,40.86147],[-73.77522,40.86148],[-73.7752,40.86149],[-73.77519,40.86151],[-73.77518,40.86153],[-73.77516,40.86155],[-73.77516,40.86156],[-73.77515,40.86158],[-73.77514,40.86159],[-73.77493,40.86155],[-73.77493,40.86153],[-73.77493,40.86151],[-73.77493,40.86148],[-73.77493,40.86147],[-73.77493,40.86146],[-73.77493,40.86145],[-73.77492,40.86145],[-73.77492,40.86144],[-73.77492,40.86143],[-73.77493,40.86142],[-73.77493,40.86141],[-73.77494,40.8614],[-73.77494,40.86139],[-73.77496,40.86138],[-73.77497,40.86137],[-73.77499,40.86137],[-73.775,40.86135],[-73.77501,40.86135],[-73.77502,40.86135],[-73.77504,40.86134],[-73.77505,40.86133],[-73.77506,40.86133],[-73.77507,40.86131],[-73.77508,40.8613],[-73.7751,40.86128],[-73.7751,40.86126],[-73.77511,40.86124],[-73.77511,40.86122],[-73.77512,40.8612],[-73.77512,40.86119],[-73.77514,40.86118]]],[[[-73.7746,40.86207],[-73.77458,40.86205],[-73.77458,40.86203],[-73.77457,40.86201],[-73.77457,40.862],[-73.77457,40.86198],[-73.77457,40.86196],[-73.77459,40.86193],[-73.7746,40.86191],[-73.77461,40.86189],[-73.77462,40.86186],[-73.77462,40.86184],[-73.77463,40.86182],[-73.77466,40.8618],[-73.77467,40.8618],[-73.77469,40.86179],[-73.77471,40.86179],[-73.77474,40.86179],[-73.77476,40.86178],[-73.77477,40.86178],[-73.77479,40.86179],[-73.77481,40.86179],[-73.77482,40.86179],[-73.77484,40.8618],[-73.77485,40.86181],[-73.77486,40.86182],[-73.77487,40.86183],[-73.77487,40.86184],[-73.77487,40.86186],[-73.77487,40.86188],[-73.77488,40.8619],[-73.77488,40.86191],[-73.77488,40.86192],[-73.77487,40.86195],[-73.77486,40.86197],[-73.77486,40.86198],[-73.77484,40.862],[-73.77481,40.86201],[-73.77479,40.86203],[-73.77477,40.86204],[-73.77475,40.86205],[-73.77473,40.86206],[-73.77471,40.86206],[-73.77468,40.86206],[-73.77466,40.86206],[-73.77464,40.86206],[-73.77463,40.86206],[-73.7746,40.86207]]],[[[-73.78313,40.86286],[-73.78311,40.86284],[-73.78309,40.86284],[-73.78307,40.86284],[-73.78306,40.86284],[-73.78304,40.86283],[-73.78302,40.86281],[-73.78301,40.8628],[-73.78301,40.86278],[-73.783,40.86278],[-73.78297,40.86278],[-73.78296,40.86278],[-73.78296,40.8628],[-73.78294,40.8628],[-73.78293,40.86279],[-73.78292,40.86275],[-73.78292,40.86273],[-73.78292,40.86271],[-73.78291,40.86269],[-73.7829,40.86267],[-73.78289,40.86264],[-73.78289,40.86262],[-73.7829,40.8626],[-73.7829,40.86258],[-73.78291,40.86255],[-73.7829,40.86254],[-73.7829,40.86252],[-73.7829,40.8625],[-73.78291,40.86248],[-73.78291,40.86246],[-73.7829,40.86244],[-73.78288,40.86243],[-73.78288,40.86242],[-73.78288,40.86241],[-73.7829,40.86239],[-73.7829,40.86237],[-73.7829,40.86235],[-73.78289,40.86232],[-73.78291,40.86232],[-73.78294,40.86232],[-73.78297,40.86232],[-73.78298,40.86231],[-73.783,40.8623],[-73.78303,40.8623],[-73.78305,40.86228],[-73.78305,40.86225],[-73.78305,40.86222],[-73.78302,40.86219],[-73.78304,40.86217],[-73.78304,40.86217],[-73.78308,40.86217],[-73.78309,40.86215],[-73.78309,40.86212],[-73.78311,40.86211],[-73.78315,40.86207],[-73.78316,40.86209],[-73.78318,40.86211],[-73.7832,40.86214],[-73.7832,40.86216],[-73.78319,40.86218],[-73.78319,40.86221],[-73.7832,40.86223],[-73.78321,40.86224],[-73.78321,40.86228],[-73.78322,40.8623],[-73.78323,40.86232],[-73.78324,40.86233],[-73.78323,40.86235],[-73.78322,40.86236],[-73.78322,40.86239],[-73.78322,40.86241],[-73.78323,40.86243],[-73.78323,40.86244],[-73.78323,40.86246],[-73.78321,40.86248],[-73.78319,40.86249],[-73.78317,40.8625],[-73.78317,40.86252],[-73.78317,40.86254],[-73.78316,40.86257],[-73.78316,40.86258],[-73.78313,40.8626],[-73.78312,40.86262],[-73.78314,40.86263],[-73.78316,40.86263],[-73.78319,40.86263],[-73.78322,40.86263],[-73.78323,40.86264],[-73.78324,40.86266],[-73.78326,40.8627],[-73.78326,40.86272],[-73.78323,40.86273],[-73.78321,40.86275],[-73.78324,40.86275],[-73.78325,40.86275],[-73.78326,40.86274],[-73.78327,40.86275],[-73.78328,40.86277],[-73.78328,40.86278],[-73.78327,40.8628],[-73.78325,40.8628],[-73.78324,40.8628],[-73.78322,40.86281],[-73.78321,40.86282],[-73.78319,40.86284],[-73.78317,40.86286],[-73.78313,40.86286]]],[[[-73.78401,40.86313],[-73.78395,40.86313],[-73.7839,40.86313],[-73.78387,40.86314],[-73.78386,40.86315],[-73.78385,40.86316],[-73.78384,40.86316],[-73.78381,40.86316],[-73.7838,40.86315],[-73.78378,40.86315],[-73.78376,40.86314],[-73.78372,40.86313],[-73.7837,40.86313],[-73.78369,40.86314],[-73.78366,40.86315],[-73.78363,40.86315],[-73.78361,40.86314],[-73.78359,40.86313],[-73.78356,40.86312],[-73.78355,40.86311],[-73.78354,40.8631],[-73.78354,40.86308],[-73.78354,40.86307],[-73.78354,40.86305],[-73.78354,40.86304],[-73.78356,40.86302],[-73.78359,40.86302],[-73.78362,40.86302],[-73.78365,40.86303],[-73.78369,40.86303],[-73.78371,40.86301],[-73.78372,40.86299],[-73.78374,40.86297],[-73.78377,40.86297],[-73.7838,40.86297],[-73.7838,40.86294],[-73.78378,40.86293],[-73.78376,40.86291],[-73.78375,40.8629],[-73.78372,40.86288],[-73.7837,40.86287],[-73.78368,40.86286],[-73.78367,40.86283],[-73.78368,40.86281],[-73.78369,40.86279],[-73.7837,40.86277],[-73.78371,40.86275],[-73.78372,40.86274],[-73.78373,40.86271],[-73.78373,40.86269],[-73.78374,40.86267],[-73.78376,40.86265],[-73.78376,40.86264],[-73.78377,40.86261],[-73.78379,40.86259],[-73.78383,40.86258],[-73.78386,40.86257],[-73.78389,40.86257],[-73.7839,40.86255],[-73.78389,40.86252],[-73.78391,40.86251],[-73.78394,40.86251],[-73.78397,40.86252],[-73.78399,40.8625],[-73.78401,40.86248],[-73.78403,40.86248],[-73.78408,40.86248],[-73.7841,40.86249],[-73.78413,40.8625],[-73.78416,40.86251],[-73.78418,40.86253],[-73.78421,40.86254],[-73.78423,40.86253],[-73.78426,40.86253],[-73.78431,40.86253],[-73.78433,40.86254],[-73.78436,40.86255],[-73.7844,40.86256],[-73.78444,40.86256],[-73.78447,40.86257],[-73.7845,40.86257],[-73.78453,40.86256],[-73.78455,40.86254],[-73.78459,40.86253],[-73.78463,40.86253],[-73.78466,40.86254],[-73.78469,40.86254],[-73.78469,40.86257],[-73.78468,40.86259],[-73.78467,40.86262],[-73.78465,40.86262],[-73.78464,40.86262],[-73.78463,40.86262],[-73.7846,40.86262],[-73.78458,40.86263],[-73.78455,40.86265],[-73.78454,40.86267],[-73.78454,40.86271],[-73.78454,40.86275],[-73.78455,40.86277],[-73.78456,40.86279],[-73.78457,40.86281],[-73.78457,40.86285],[-73.78455,40.86289],[-73.78453,40.86293],[-73.78452,40.86296],[-73.7845,40.86297],[-73.78447,40.863],[-73.78445,40.86302],[-73.78442,40.86304],[-73.78439,40.86305],[-73.78436,40.86307],[-73.78433,40.86307],[-73.7843,40.86304],[-73.78429,40.86303],[-73.78427,40.86301],[-73.78425,40.86303],[-73.78422,40.86305],[-73.78419,40.86307],[-73.78417,40.86309],[-73.78417,40.86311],[-73.78421,40.86314],[-73.78425,40.86316],[-73.78428,40.86317],[-73.78429,40.86319],[-73.78429,40.86321],[-73.78427,40.86321],[-73.78426,40.86322],[-73.78424,40.86322],[-73.78421,40.86321],[-73.78418,40.86321],[-73.78416,40.8632],[-73.78414,40.86319],[-73.78411,40.86317],[-73.78409,40.86316],[-73.78404,40.86314],[-73.78401,40.86313]]],[[[-73.76964,40.86554],[-73.76994,40.86552],[-73.76978,40.86569],[-73.76945,40.86576],[-73.76964,40.86554]]],[[[-73.76692,40.86705],[-73.76723,40.86693],[-73.76712,40.86724],[-73.76668,40.86732],[-73.76692,40.86705]]],[[[-73.77172,40.87162],[-73.77224,40.87156],[-73.77263,40.87188],[-73.77157,40.87186],[-73.77116,40.8718],[-73.77085,40.87163],[-73.77172,40.87162]]],[[[-73.77483,40.87403],[-73.77494,40.87392],[-73.77505,40.87394],[-73.7751,40.87403],[-73.77509,40.87417],[-73.77506,40.87431],[-73.77512,40.87439],[-73.77514,40.87455],[-73.77478,40.87477],[-73.77467,40.87479],[-73.77464,40.87471],[-73.7747,40.87458],[-73.77451,40.8745],[-73.77454,40.87429],[-73.77475,40.87416],[-73.77483,40.87403]]],[[[-73.78194,40.87522],[-73.782,40.87516],[-73.78196,40.87512],[-73.78199,40.87503],[-73.78204,40.87498],[-73.78209,40.87504],[-73.78214,40.87503],[-73.78214,40.87475],[-73.78203,40.87473],[-73.78207,40.87463],[-73.78213,40.87453],[-73.78216,40.87459],[-73.78224,40.8746],[-73.78232,40.87459],[-73.78241,40.87462],[-73.78253,40.87462],[-73.7826,40.87469],[-73.78266,40.87479],[-73.78262,40.87486],[-73.78264,40.87488],[-73.78261,40.87495],[-73.78253,40.8751],[-73.78244,40.87521],[-73.78237,40.87518],[-73.78225,40.87516],[-73.78214,40.87516],[-73.7821,40.87521],[-73.78204,40.8753],[-73.78203,40.87538],[-73.78193,40.8754],[-73.78198,40.87523],[-73.78194,40.87522]]],[[[-73.7819,40.87642],[-73.78183,40.87641],[-73.7818,40.87643],[-73.78176,40.8764],[-73.78167,40.87642],[-73.78166,40.87638],[-73.78172,40.87622],[-73.78172,40.87619],[-73.78177,40.87622],[-73.7818,40.87624],[-73.78179,40.87628],[-73.78187,40.87629],[-73.78192,40.87628],[-73.78197,40.87624],[-73.78202,40.87623],[-73.78207,40.87624],[-73.78211,40.87628],[-73.78211,40.87632],[-73.78216,40.87635],[-73.78217,40.8764],[-73.7822,40.87643],[-73.78211,40.87652],[-73.78199,40.87647],[-73.7819,40.87642]]],[[[-73.78129,40.87594],[-73.78142,40.87577],[-73.78146,40.87586],[-73.78147,40.87597],[-73.78151,40.87605],[-73.78149,40.8761],[-73.7814,40.87615],[-73.78136,40.8762],[-73.78138,40.87626],[-73.78143,40.8764],[-73.7814,40.87654],[-73.78134,40.87658],[-73.78121,40.87659],[-73.78121,40.87644],[-73.78121,40.87628],[-73.78123,40.87622],[-73.78124,40.87612],[-73.78131,40.87603],[-73.78129,40.87594]]],[[[-73.78353,40.87724],[-73.7835,40.8772],[-73.78346,40.87723],[-73.78342,40.87718],[-73.78346,40.87711],[-73.78351,40.87707],[-73.78353,40.87699],[-73.78358,40.87691],[-73.78356,40.87682],[-73.78367,40.87663],[-73.78375,40.87654],[-73.78384,40.87652],[-73.78389,40.87659],[-73.78394,40.87664],[-73.78396,40.8767],[-73.78389,40.87673],[-73.7839,40.87675],[-73.784,40.87686],[-73.78391,40.877],[-73.78386,40.87717],[-73.7838,40.87716],[-73.78375,40.87724],[-73.78375,40.87729],[-73.7837,40.8774],[-73.78364,40.87748],[-73.78356,40.8775],[-73.78349,40.87748],[-73.78345,40.87741],[-73.78353,40.87724]]],[[[-73.78525,40.87991],[-73.78521,40.8799],[-73.78518,40.87993],[-73.78514,40.87991],[-73.7851,40.87987],[-73.78505,40.87986],[-73.78501,40.87983],[-73.78501,40.87979],[-73.78504,40.87976],[-73.78508,40.87974],[-73.78514,40.87974],[-73.78516,40.87976],[-73.78523,40.87979],[-73.78528,40.87977],[-73.78535,40.87979],[-73.78544,40.87978],[-73.78546,40.87976],[-73.78551,40.87979],[-73.78557,40.87979],[-73.78566,40.87982],[-73.78568,40.87985],[-73.78543,40.88004],[-73.78536,40.88002],[-73.7853,40.87994],[-73.78525,40.87993],[-73.78525,40.87991]]],[[[-73.78484,40.88056],[-73.78469,40.88052],[-73.78451,40.88066],[-73.78443,40.88063],[-73.78447,40.88051],[-73.7844,40.88041],[-73.78427,40.88036],[-73.78411,40.88037],[-73.78399,40.88047],[-73.78382,40.88042],[-73.78377,40.88027],[-73.78381,40.88019],[-73.78369,40.88015],[-73.78367,40.88002],[-73.7837,40.87993],[-73.78384,40.8799],[-73.78395,40.87988],[-73.78397,40.87977],[-73.78407,40.87971],[-73.78415,40.87978],[-73.7841,40.87987],[-73.78416,40.87993],[-73.78412,40.88004],[-73.78433,40.8802],[-73.78452,40.88023],[-73.78463,40.88018],[-73.78469,40.88013],[-73.78476,40.88016],[-73.78481,40.88029],[-73.7848,40.88035],[-73.78492,40.88038],[-73.78509,40.88026],[-73.78527,40.88039],[-73.78535,40.88052],[-73.78519,40.88069],[-73.78496,40.88075],[-73.78484,40.88056]]],[[[-73.8079,40.88578],[-73.80728,40.88574],[-73.80701,40.88575],[-73.80676,40.88575],[-73.80647,40.88577],[-73.80605,40.88582],[-73.80551,40.88592],[-73.8052,40.886],[-73.80329,40.88542],[-73.8022,40.88512],[-73.79938,40.88435],[-73.79745,40.88385],[-73.79449,40.88307],[-73.79417,40.88299],[-73.79323,40.88282],[-73.79359,40.88252],[-73.79379,40.88197],[-73.79492,40.88054],[-73.79555,40.88069],[-73.79503,40.87975],[-73.79625,40.87701],[-73.79713,40.87619],[-73.7972,40.87579],[-73.79744,40.87514],[-73.79855,40.8744],[-73.79891,40.87465],[-73.79981,40.87416],[-73.79988,40.87348],[-73.80027,40.87282],[-73.80035,40.87273],[-73.80035,40.87263],[-73.80048,40.87254],[-73.80051,40.87244],[-73.80048,40.87232],[-73.80058,40.87211],[-73.80057,40.87199],[-73.80066,40.87184],[-73.80066,40.87179],[-73.80069,40.87172],[-73.80074,40.87172],[-73.80076,40.8716],[-73.80081,40.87149],[-73.80087,40.87151],[-73.80096,40.87141],[-73.80111,40.8714],[-73.80118,40.87142],[-73.80136,40.87129],[-73.80145,40.87129],[-73.80154,40.87124],[-73.80179,40.87107],[-73.80196,40.87091],[-73.80191,40.87086],[-73.80199,40.8708],[-73.80209,40.87085],[-73.80208,40.87078],[-73.80205,40.87074],[-73.80214,40.87074],[-73.8022,40.87063],[-73.80221,40.87051],[-73.80208,40.87046],[-73.80212,40.87038],[-73.80233,40.8704],[-73.80253,40.87022],[-73.80257,40.87016],[-73.80267,40.87015],[-73.80276,40.8697],[-73.8027,40.86961],[-73.80268,40.86951],[-73.80269,40.86939],[-73.8026,40.86934],[-73.80268,40.8693],[-73.80264,40.86921],[-73.80269,40.8691],[-73.80276,40.8691],[-73.80278,40.86893],[-73.80298,40.86874],[-73.80315,40.86881],[-73.80325,40.86891],[-73.80335,40.86898],[-73.80344,40.86888],[-73.80352,40.8688],[-73.80362,40.86878],[-73.80369,40.86883],[-73.80376,40.86892],[-73.80386,40.86901],[-73.80393,40.86903],[-73.80404,40.86898],[-73.80406,40.8689],[-73.80407,40.86874],[-73.80424,40.86869],[-73.8043,40.86875],[-73.80437,40.86879],[-73.80443,40.8688],[-73.80448,40.86871],[-73.80454,40.86873],[-73.80452,40.86885],[-73.80455,40.86892],[-73.80463,40.86896],[-73.80469,40.86896],[-73.80478,40.86895],[-73.80485,40.86901],[-73.80492,40.8691],[-73.80499,40.86915],[-73.80517,40.86915],[-73.80529,40.86913],[-73.80539,40.86902],[-73.80541,40.86896],[-73.80551,40.86893],[-73.80565,40.86894],[-73.80571,40.86889],[-73.80594,40.86893],[-73.80589,40.86899],[-73.80588,40.86905],[-73.80595,40.86909],[-73.80599,40.86913],[-73.80596,40.86917],[-73.80587,40.86917],[-73.80579,40.86918],[-73.80571,40.86927],[-73.80566,40.86932],[-73.80565,40.86941],[-73.80566,40.86949],[-73.80569,40.86955],[-73.80577,40.86961],[-73.80599,40.86973],[-73.80605,40.86984],[-73.80617,40.86992],[-73.8063,40.86999],[-73.8064,40.87015],[-73.80643,40.87022],[-73.8066,40.87026],[-73.80671,40.87034],[-73.8067,40.87042],[-73.80679,40.87041],[-73.80684,40.87049],[-73.80694,40.87051],[-73.80705,40.87054],[-73.80711,40.87053],[-73.80711,40.87069],[-73.80724,40.87065],[-73.80739,40.87066],[-73.80746,40.8707],[-73.80764,40.87075],[-73.80786,40.87087],[-73.80786,40.871],[-73.80783,40.87108],[-73.80786,40.87113],[-73.80796,40.871],[-73.80804,40.87104],[-73.8082,40.87108],[-73.8083,40.87114],[-73.80833,40.87122],[-73.80839,40.87116],[-73.80853,40.87117],[-73.80867,40.8712],[-73.8087,40.87134],[-73.80877,40.87124],[-73.80892,40.87124],[-73.8091,40.87123],[-73.80924,40.87122],[-73.80918,40.87113],[-73.80903,40.87117],[-73.80885,40.87115],[-73.80882,40.8711],[-73.80875,40.87112],[-73.80855,40.871],[-73.80858,40.87095],[-73.80853,40.87095],[-73.80841,40.87093],[-73.80846,40.87084],[-73.80848,40.87077],[-73.80842,40.8707],[-73.80853,40.87063],[-73.80863,40.87053],[-73.80873,40.87043],[-73.8086,40.8704],[-73.80842,40.87045],[-73.8083,40.87046],[-73.80819,40.87049],[-73.80814,40.87048],[-73.80812,40.87044],[-73.80801,40.87041],[-73.80786,40.87046],[-73.8078,40.87046],[-73.80778,40.87044],[-73.8077,40.87045],[-73.8076,40.87042],[-73.80754,40.87038],[-73.80754,40.87028],[-73.80754,40.87018],[-73.80757,40.87013],[-73.80765,40.87009],[-73.80774,40.87005],[-73.8078,40.86999],[-73.80787,40.86991],[-73.80789,40.86987],[-73.80795,40.86987],[-73.80802,40.86979],[-73.80799,40.86974],[-73.808,40.8697],[-73.80809,40.8697],[-73.80812,40.86967],[-73.80809,40.86964],[-73.80815,40.86957],[-73.80823,40.86954],[-73.80827,40.86949],[-73.80835,40.86946],[-73.80837,40.86943],[-73.80849,40.86944],[-73.80841,40.86939],[-73.8084,40.86933],[-73.80843,40.86928],[-73.80853,40.86928],[-73.80859,40.86925],[-73.80862,40.86919],[-73.80875,40.86913],[-73.80871,40.86909],[-73.80861,40.86912],[-73.80851,40.86922],[-73.80843,40.86925],[-73.80838,40.86921],[-73.80829,40.86931],[-73.80821,40.86939],[-73.80809,40.86945],[-73.80803,40.86949],[-73.80802,40.86954],[-73.80798,40.86957],[-73.80794,40.86963],[-73.80787,40.86967],[-73.80785,40.86973],[-73.80779,40.86974],[-73.80775,40.8697],[-73.80762,40.86973],[-73.8075,40.86971],[-73.80742,40.86972],[-73.80736,40.8697],[-73.80729,40.8697],[-73.80725,40.86968],[-73.80716,40.86971],[-73.80709,40.86968],[-73.80705,40.86964],[-73.80703,40.8696],[-73.80693,40.86955],[-73.80684,40.86953],[-73.80679,40.86952],[-73.80673,40.86953],[-73.80673,40.8695],[-73.8067,40.86946],[-73.80674,40.8694],[-73.80675,40.86934],[-73.80675,40.86925],[-73.80678,40.86918],[-73.80675,40.8691],[-73.80678,40.86902],[-73.80683,40.86898],[-73.80685,40.86894],[-73.80694,40.86889],[-73.80695,40.86886],[-73.80685,40.86886],[-73.8068,40.86886],[-73.80668,40.86891],[-73.8066,40.86889],[-73.80655,40.86886],[-73.80655,40.86883],[-73.8066,40.8688],[-73.80665,40.86879],[-73.80673,40.86877],[-73.80674,40.86873],[-73.80668,40.86872],[-73.80661,40.86877],[-73.80655,40.86873],[-73.80655,40.86863],[-73.80647,40.86861],[-73.80638,40.8686],[-73.80638,40.86853],[-73.80631,40.86847],[-73.80626,40.86842],[-73.80614,40.86843],[-73.80606,40.86843],[-73.80593,40.86837],[-73.80586,40.86831],[-73.80576,40.86835],[-73.80567,40.86831],[-73.80563,40.86831],[-73.80555,40.86835],[-73.8055,40.86834],[-73.80549,40.86828],[-73.80541,40.86821],[-73.80536,40.86826],[-73.80529,40.86831],[-73.80519,40.8683],[-73.80513,40.86827],[-73.80504,40.86828],[-73.80501,40.86825],[-73.80494,40.8683],[-73.80487,40.86823],[-73.8048,40.8681],[-73.80477,40.8679],[-73.80472,40.86779],[-73.8047,40.86762],[-73.80476,40.86743],[-73.8047,40.86703],[-73.80474,40.86683],[-73.80474,40.86666],[-73.80465,40.86665],[-73.80449,40.86668],[-73.80445,40.86677],[-73.80443,40.86685],[-73.80434,40.86685],[-73.80428,40.86684],[-73.80416,40.86692],[-73.8041,40.867],[-73.804,40.86713],[-73.80385,40.86717],[-73.8036,40.86709],[-73.80337,40.8671],[-73.80324,40.86712],[-73.80315,40.8671],[-73.80311,40.86702],[-73.803,40.86704],[-73.80291,40.86698],[-73.80306,40.86684],[-73.803,40.86676],[-73.80306,40.86661],[-73.8031,40.86655],[-73.80302,40.86653],[-73.80301,40.86639],[-73.80309,40.86632],[-73.8031,40.86621],[-73.80308,40.86607],[-73.80304,40.86593],[-73.80301,40.86575],[-73.80284,40.86571],[-73.80272,40.86566],[-73.80248,40.86563],[-73.8023,40.86562],[-73.80225,40.86575],[-73.80205,40.86567],[-73.80198,40.86583],[-73.80177,40.86588],[-73.80173,40.86602],[-73.80172,40.8663],[-73.80175,40.86641],[-73.80148,40.86678],[-73.80137,40.86688],[-73.80134,40.86707],[-73.80085,40.86775],[-73.80074,40.8679],[-73.8007,40.86814],[-73.80054,40.86837],[-73.80032,40.86848],[-73.80009,40.86877],[-73.79996,40.86888],[-73.79994,40.86902],[-73.79978,40.86917],[-73.79971,40.86937],[-73.79962,40.86944],[-73.79957,40.86958],[-73.79957,40.86974],[-73.79943,40.86978],[-73.79935,40.86983],[-73.79932,40.86998],[-73.79918,40.87013],[-73.7991,40.8703],[-73.79907,40.87045],[-73.79898,40.87058],[-73.7989,40.8708],[-73.79868,40.87115],[-73.79854,40.87138],[-73.79841,40.87152],[-73.79839,40.87161],[-73.7983,40.87167],[-73.79824,40.87177],[-73.79807,40.87188],[-73.7978,40.87226],[-73.79774,40.87235],[-73.79767,40.8724],[-73.79754,40.87243],[-73.79744,40.87246],[-73.79727,40.87248],[-73.7972,40.87251],[-73.79709,40.87254],[-73.79703,40.87254],[-73.79697,40.87251],[-73.79693,40.87262],[-73.79479,40.8732],[-73.79397,40.87457],[-73.79357,40.87612],[-73.7936,40.87672],[-73.79317,40.87706],[-73.79422,40.87738],[-73.7944,40.87764],[-73.79385,40.87859],[-73.793,40.87915],[-73.79304,40.87942],[-73.79289,40.87958],[-73.7926,40.87966],[-73.79239,40.8796],[-73.79219,40.87959],[-73.79197,40.8797],[-73.79189,40.87993],[-73.79173,40.88005],[-73.7915,40.88005],[-73.79095,40.88007],[-73.79063,40.88038],[-73.79063,40.88056],[-73.79081,40.88072],[-73.79076,40.88084],[-73.79044,40.881],[-73.78956,40.88126],[-73.78948,40.88125],[-73.78941,40.88124],[-73.78933,40.88123],[-73.78926,40.88121],[-73.78914,40.88126],[-73.78906,40.88121],[-73.78912,40.88105],[-73.78907,40.88081],[-73.78911,40.88068],[-73.78932,40.88058],[-73.78912,40.88008],[-73.7893,40.87988],[-73.78948,40.87977],[-73.78976,40.87975],[-73.79006,40.87959],[-73.78952,40.879],[-73.78827,40.87887],[-73.78776,40.87897],[-73.78742,40.87899],[-73.78713,40.87898],[-73.78695,40.879],[-73.78674,40.87903],[-73.78611,40.87906],[-73.78589,40.87889],[-73.78524,40.87862],[-73.78487,40.87853],[-73.78459,40.87857],[-73.78443,40.87853],[-73.78438,40.87842],[-73.78422,40.87828],[-73.7842,40.87814],[-73.78415,40.87796],[-73.78418,40.87772],[-73.7845,40.87691],[-73.78481,40.87687],[-73.78471,40.87636],[-73.78468,40.87606],[-73.78484,40.87606],[-73.78495,40.87593],[-73.78495,40.87582],[-73.78525,40.8757],[-73.78542,40.87549],[-73.7854,40.87534],[-73.78559,40.87538],[-73.7857,40.87541],[-73.78596,40.87514],[-73.78615,40.87478],[-73.78625,40.87448],[-73.78611,40.87435],[-73.78632,40.87436],[-73.78654,40.87431],[-73.7866,40.87418],[-73.78663,40.87407],[-73.78691,40.87399],[-73.78701,40.87379],[-73.78705,40.87355],[-73.78711,40.87318],[-73.78714,40.87276],[-73.78677,40.87253],[-73.78625,40.87238],[-73.78602,40.87259],[-73.7858,40.87285],[-73.78549,40.87316],[-73.78528,40.87356],[-73.78508,40.87359],[-73.78501,40.87352],[-73.78507,40.87343],[-73.78511,40.87336],[-73.78511,40.8733],[-73.7852,40.87318],[-73.78524,40.87318],[-73.78548,40.87292],[-73.78549,40.87277],[-73.78553,40.87254],[-73.78547,40.87236],[-73.78554,40.87231],[-73.78555,40.87202],[-73.78522,40.87163],[-73.78506,40.87201],[-73.78488,40.87234],[-73.78477,40.87248],[-73.78425,40.87336],[-73.78402,40.87377],[-73.78378,40.87379],[-73.78341,40.87372],[-73.78324,40.87354],[-73.78336,40.87326],[-73.78355,40.87313],[-73.78366,40.87314],[-73.78375,40.873],[-73.78385,40.87301],[-73.78395,40.8729],[-73.78392,40.87283],[-73.78373,40.87266],[-73.78375,40.8725],[-73.78336,40.87235],[-73.78315,40.8723],[-73.78307,40.87215],[-73.78306,40.87168],[-73.78315,40.87144],[-73.78325,40.87126],[-73.78325,40.87105],[-73.78319,40.87093],[-73.78329,40.8707],[-73.78338,40.87059],[-73.78351,40.8705],[-73.78353,40.87036],[-73.78361,40.87031],[-73.78368,40.87032],[-73.78368,40.87032],[-73.78379,40.8703],[-73.78388,40.87025],[-73.78394,40.87012],[-73.78401,40.87012],[-73.7841,40.87003],[-73.78415,40.86998],[-73.78427,40.86984],[-73.7843,40.86978],[-73.7844,40.86975],[-73.78455,40.86968],[-73.78456,40.86968],[-73.78474,40.86963],[-73.78488,40.86951],[-73.78505,40.8693],[-73.78526,40.86896],[-73.7856,40.86834],[-73.78569,40.86837],[-73.78559,40.86875],[-73.78558,40.86886],[-73.78557,40.86896],[-73.78558,40.86907],[-73.78558,40.86917],[-73.78567,40.86922],[-73.78576,40.86926],[-73.78585,40.86929],[-73.78595,40.86932],[-73.78605,40.86934],[-73.78615,40.86936],[-73.78626,40.86937],[-73.78636,40.86938],[-73.78647,40.86938],[-73.78657,40.86937],[-73.78686,40.86936],[-73.78715,40.86934],[-73.78744,40.86932],[-73.78773,40.86929],[-73.78801,40.86926],[-73.7883,40.86922],[-73.78858,40.86917],[-73.78887,40.86912],[-73.78915,40.86906],[-73.78934,40.86898],[-73.78953,40.86889],[-73.78972,40.8688],[-73.78991,40.8687],[-73.79008,40.8686],[-73.79026,40.86849],[-73.79042,40.86838],[-73.79058,40.86826],[-73.79074,40.86814],[-73.79089,40.86801],[-73.79103,40.86788],[-73.79117,40.86775],[-73.7913,40.86761],[-73.79142,40.86746],[-73.79153,40.86732],[-73.79164,40.86717],[-73.79174,40.86702],[-73.79183,40.86686],[-73.79191,40.86667],[-73.79198,40.86647],[-73.79205,40.86627],[-73.7921,40.86607],[-73.79215,40.86587],[-73.79218,40.86567],[-73.79221,40.86546],[-73.79223,40.86526],[-73.79224,40.86505],[-73.79224,40.86485],[-73.79223,40.86464],[-73.79222,40.86444],[-73.79219,40.86424],[-73.79216,40.86403],[-73.79212,40.86383],[-73.79206,40.86363],[-73.792,40.86343],[-73.79194,40.86323],[-73.79186,40.86304],[-73.79177,40.86284],[-73.79168,40.86265],[-73.79157,40.86246],[-73.79146,40.86227],[-73.79188,40.86126],[-73.79189,40.86107],[-73.79217,40.86104],[-73.79237,40.86097],[-73.79244,40.86091],[-73.79304,40.86079],[-73.79314,40.8607],[-73.7933,40.86063],[-73.7936,40.86052],[-73.7937,40.86037],[-73.79377,40.86028],[-73.79386,40.86015],[-73.79385,40.86002],[-73.79372,40.85997],[-73.79381,40.85991],[-73.794,40.85988],[-73.79412,40.8597],[-73.79418,40.85949],[-73.79412,40.85932],[-73.79426,40.85917],[-73.7944,40.85903],[-73.79455,40.85889],[-73.79471,40.85848],[-73.79487,40.85808],[-73.79483,40.85789],[-73.79477,40.85771],[-73.79471,40.85753],[-73.79464,40.85736],[-73.79456,40.85718],[-73.79448,40.857],[-73.79444,40.85699],[-73.7944,40.85696],[-73.79436,40.85694],[-73.79433,40.85691],[-73.79431,40.85688],[-73.79429,40.85684],[-73.79427,40.8568],[-73.79427,40.85676],[-73.79427,40.85672],[-73.79428,40.85668],[-73.79429,40.85664],[-73.7943,40.85658],[-73.79435,40.85653],[-73.79447,40.85647],[-73.79452,40.85645],[-73.79457,40.85644],[-73.79462,40.85644],[-73.79467,40.85644],[-73.79472,40.85645],[-73.79477,40.85646],[-73.79481,40.85648],[-73.79489,40.85656],[-73.79559,40.85651],[-73.79685,40.85626],[-73.797,40.85614],[-73.79714,40.85601],[-73.79727,40.85588],[-73.7974,40.85574],[-73.79752,40.8556],[-73.79763,40.85546],[-73.79773,40.85531],[-73.79782,40.85516],[-73.79791,40.855],[-73.79799,40.85485],[-73.79825,40.8548],[-73.79853,40.85501],[-73.79872,40.85491],[-73.79905,40.85405],[-73.79902,40.85396],[-73.79899,40.85386],[-73.79895,40.85377],[-73.79891,40.85368],[-73.79885,40.8536],[-73.79879,40.85351],[-73.79872,40.85343],[-73.79864,40.85336],[-73.79856,40.85328],[-73.79843,40.85323],[-73.79831,40.85318],[-73.79819,40.85312],[-73.79807,40.85306],[-73.79796,40.85299],[-73.79781,40.85195],[-73.79819,40.85059],[-73.79932,40.84991],[-73.79988,40.84898],[-73.79988,40.84891],[-73.7999,40.84884],[-73.79992,40.84877],[-73.79994,40.84871],[-73.79997,40.84865],[-73.80001,40.84859],[-73.80005,40.84853],[-73.8001,40.8483],[-73.80013,40.84826],[-73.80016,40.84823],[-73.80019,40.8482],[-73.80024,40.84817],[-73.80029,40.84814],[-73.80035,40.84812],[-73.8004,40.84811],[-73.80046,40.8481],[-73.80059,40.84814],[-73.80071,40.84819],[-73.80083,40.84824],[-73.80094,40.8483],[-73.80104,40.84837],[-73.80114,40.84844],[-73.80123,40.84852],[-73.80132,40.8486],[-73.8014,40.84868],[-73.80147,40.84877],[-73.80153,40.84886],[-73.80158,40.84896],[-73.80163,40.84905],[-73.80167,40.84915],[-73.80169,40.84926],[-73.80171,40.84936],[-73.80172,40.84946],[-73.80172,40.84957],[-73.80171,40.84967],[-73.80172,40.84976],[-73.80174,40.84986],[-73.80176,40.84995],[-73.80179,40.85004],[-73.80183,40.85013],[-73.80197,40.85038],[-73.80212,40.85063],[-73.80227,40.85088],[-73.80244,40.85112],[-73.80261,40.85136],[-73.80279,40.8516],[-73.80297,40.85184],[-73.80316,40.85207],[-73.80336,40.85229],[-73.80357,40.85252],[-73.80378,40.85274],[-73.80418,40.85334],[-73.80454,40.85474],[-73.80454,40.8548],[-73.80453,40.85485],[-73.8045,40.85491],[-73.80447,40.85496],[-73.80444,40.85501],[-73.80439,40.85505],[-73.80434,40.85509],[-73.80428,40.85513],[-73.80422,40.85516],[-73.80416,40.85519],[-73.80408,40.85521],[-73.80401,40.85522],[-73.80395,40.85522],[-73.80389,40.85522],[-73.80383,40.85524],[-73.80377,40.85525],[-73.80372,40.85528],[-73.80367,40.85531],[-73.80363,40.85534],[-73.80359,40.85538],[-73.80356,40.85542],[-73.80354,40.85546],[-73.80353,40.85551],[-73.80352,40.85556],[-73.80353,40.8556],[-73.80354,40.85565],[-73.80369,40.85613],[-73.80378,40.8563],[-73.80384,40.85649],[-73.80386,40.85666],[-73.80389,40.8569],[-73.80396,40.85717],[-73.80405,40.85751],[-73.80414,40.85784],[-73.80417,40.85814],[-73.8042,40.85848],[-73.80418,40.85868],[-73.80417,40.85876],[-73.80417,40.85882],[-73.80421,40.85896],[-73.80422,40.85898],[-73.80431,40.85909],[-73.8044,40.85922],[-73.8045,40.85944],[-73.80457,40.85968],[-73.80464,40.85997],[-73.80468,40.86038],[-73.80469,40.86059],[-73.80468,40.86081],[-73.80463,40.861],[-73.80463,40.86103],[-73.80461,40.86122],[-73.80465,40.86134],[-73.80473,40.86148],[-73.80479,40.86154],[-73.80485,40.86159],[-73.80491,40.86164],[-73.80499,40.86169],[-73.80506,40.86173],[-73.80515,40.86177],[-73.80523,40.8618],[-73.80532,40.86182],[-73.80541,40.86184],[-73.80551,40.86185],[-73.8056,40.86185],[-73.8057,40.86185],[-73.80579,40.86185],[-73.80588,40.86183],[-73.80595,40.86181],[-73.80601,40.86177],[-73.80607,40.86174],[-73.80612,40.86169],[-73.80616,40.86164],[-73.80619,40.86159],[-73.80622,40.86154],[-73.80624,40.86148],[-73.80625,40.86143],[-73.80582,40.86003],[-73.80613,40.85988],[-73.80656,40.85982],[-73.80674,40.8599],[-73.80692,40.86001],[-73.80711,40.86012],[-73.80741,40.86011],[-73.80769,40.85999],[-73.80799,40.85974],[-73.80803,40.85959],[-73.80818,40.85949],[-73.8083,40.8597],[-73.80867,40.86004],[-73.809,40.86033],[-73.80924,40.86042],[-73.80941,40.86055],[-73.80992,40.8611],[-73.81012,40.86135],[-73.81035,40.8617],[-73.81046,40.86192],[-73.81067,40.86202],[-73.81082,40.86207],[-73.81085,40.86233],[-73.8111,40.86246],[-73.81123,40.86251],[-73.81135,40.86255],[-73.81146,40.8626],[-73.81153,40.86263],[-73.8116,40.86265],[-73.81166,40.86266],[-73.81174,40.86267],[-73.81181,40.86268],[-73.81201,40.86267],[-73.81203,40.86267],[-73.81204,40.86267],[-73.81206,40.86267],[-73.81207,40.86268],[-73.81209,40.86268],[-73.8121,40.86269],[-73.81211,40.8627],[-73.81212,40.86271],[-73.81213,40.86272],[-73.81214,40.86273],[-73.81215,40.86273],[-73.81216,40.86274],[-73.81217,40.86274],[-73.81219,40.86274],[-73.8122,40.86274],[-73.81221,40.86274],[-73.81222,40.86274],[-73.81223,40.86274],[-73.81224,40.86274],[-73.81225,40.86274],[-73.81225,40.86275],[-73.81226,40.86275],[-73.81227,40.86275],[-73.81227,40.86276],[-73.81228,40.86277],[-73.81228,40.86277],[-73.81228,40.86278],[-73.81229,40.86279],[-73.81228,40.86279],[-73.81228,40.8628],[-73.81228,40.86281],[-73.81228,40.86283],[-73.81229,40.86285],[-73.8123,40.86286],[-73.81231,40.86287],[-73.81232,40.86289],[-73.81234,40.8629],[-73.8124,40.86292],[-73.81245,40.86295],[-73.81255,40.86302],[-73.81267,40.86309],[-73.81278,40.86315],[-73.8129,40.8632],[-73.81294,40.86322],[-73.81297,40.86323],[-73.81301,40.86324],[-73.81305,40.86324],[-73.81309,40.86324],[-73.81313,40.86323],[-73.81317,40.86322],[-73.81318,40.86321],[-73.81319,40.86321],[-73.81321,40.86321],[-73.81322,40.86321],[-73.81324,40.86321],[-73.81325,40.86321],[-73.81326,40.86321],[-73.81327,40.86322],[-73.81328,40.86323],[-73.81329,40.86324],[-73.8133,40.86325],[-73.81336,40.86334],[-73.81343,40.86343],[-73.8135,40.86353],[-73.81358,40.86362],[-73.81361,40.86364],[-73.81364,40.86368],[-73.81366,40.86371],[-73.81368,40.86375],[-73.81369,40.86378],[-73.81369,40.86382],[-73.8137,40.86384],[-73.81371,40.86386],[-73.81373,40.86387],[-73.81375,40.86388],[-73.81377,40.86389],[-73.81379,40.8639],[-73.81382,40.8639],[-73.81385,40.8639],[-73.81397,40.86385],[-73.81402,40.86384],[-73.81404,40.86386],[-73.81403,40.86391],[-73.81398,40.86399],[-73.81395,40.86406],[-73.81396,40.8641],[-73.81401,40.86409],[-73.81406,40.86401],[-73.81417,40.86393],[-73.81423,40.86386],[-73.81421,40.86379],[-73.81417,40.86376],[-73.81413,40.86373],[-73.81438,40.86325],[-73.81448,40.86319],[-73.8146,40.86309],[-73.81467,40.86307],[-73.81475,40.86307],[-73.81482,40.86305],[-73.81489,40.86303],[-73.81493,40.86303],[-73.81496,40.86306],[-73.81499,40.86309],[-73.81502,40.86312],[-73.8151,40.86306],[-73.81551,40.86248],[-73.81641,40.86118],[-73.81633,40.86115],[-73.81588,40.861],[-73.81549,40.86096],[-73.81526,40.86112],[-73.8148,40.86113],[-73.81485,40.8609],[-73.81382,40.86055],[-73.81273,40.85888],[-73.81231,40.85416],[-73.81641,40.85408],[-73.81658,40.85382],[-73.81685,40.85328],[-73.81696,40.85279],[-73.81697,40.85271],[-73.81699,40.85264],[-73.81701,40.85257],[-73.81704,40.8525],[-73.81708,40.85243],[-73.81711,40.85239],[-73.81713,40.85235],[-73.81715,40.8523],[-73.81716,40.85226],[-73.81716,40.85221],[-73.81713,40.85215],[-73.81713,40.8521],[-73.81713,40.85204],[-73.81714,40.85202],[-73.81716,40.85197],[-73.81717,40.85193],[-73.81719,40.85188],[-73.81721,40.85183],[-73.81719,40.85177],[-73.81713,40.85171],[-73.81711,40.8517],[-73.81708,40.85168],[-73.81702,40.85167],[-73.81697,40.85169],[-73.81693,40.85169],[-73.81692,40.85167],[-73.81694,40.85165],[-73.81697,40.85162],[-73.81701,40.8516],[-73.81707,40.85158],[-73.81709,40.85154],[-73.81709,40.85149],[-73.81709,40.85149],[-73.81711,40.85145],[-73.81712,40.85142],[-73.81712,40.85135],[-73.81712,40.85127],[-73.81709,40.85121],[-73.81706,40.85118],[-73.81701,40.85108],[-73.81697,40.85103],[-73.81692,40.85098],[-73.81686,40.85096],[-73.81678,40.85095],[-73.8167,40.85095],[-73.81661,40.85094],[-73.81651,40.85091],[-73.81641,40.85085],[-73.81633,40.85084],[-73.81629,40.85087],[-73.81624,40.8509],[-73.81623,40.85091],[-73.81618,40.85089],[-73.81616,40.85087],[-73.81611,40.85082],[-73.81605,40.85078],[-73.81596,40.85077],[-73.8159,40.85078],[-73.81585,40.8508],[-73.8158,40.85082],[-73.81571,40.85082],[-73.8157,40.8508],[-73.8157,40.85077],[-73.81578,40.85072],[-73.81586,40.85069],[-73.81588,40.85068],[-73.81604,40.8506],[-73.81604,40.85053],[-73.81601,40.85047],[-73.81595,40.85044],[-73.81597,40.85039],[-73.81606,40.85039],[-73.81619,40.85038],[-73.81627,40.85031],[-73.81629,40.85019],[-73.81625,40.85013],[-73.81594,40.84977],[-73.81581,40.84963],[-73.81573,40.84954],[-73.81567,40.84946],[-73.81565,40.84935],[-73.81552,40.84923],[-73.81544,40.84919],[-73.81537,40.84919],[-73.81528,40.84924],[-73.81521,40.84923],[-73.81521,40.84923],[-73.81513,40.84917],[-73.81514,40.84908],[-73.8163,40.84857],[-73.81726,40.84843],[-73.8182,40.84831],[-73.81915,40.84817],[-73.82014,40.84802],[-73.82048,40.8485],[-73.8211,40.8482],[-73.82204,40.84769],[-73.82301,40.84716],[-73.82396,40.84664],[-73.82444,40.84638],[-73.82496,40.84611],[-73.82508,40.8447],[-73.82508,40.8443],[-73.82514,40.84334],[-73.82518,40.8427],[-73.82558,40.84282],[-73.82568,40.84285],[-73.82581,40.84288],[-73.82624,40.84299],[-73.8262,40.84382],[-73.82611,40.84534],[-73.82611,40.84534],[-73.82617,40.84557],[-73.82625,40.84581],[-73.82634,40.84604],[-73.82635,40.84606],[-73.82645,40.84626],[-73.82658,40.84648],[-73.82672,40.8467],[-73.82688,40.8469],[-73.82768,40.84813],[-73.828,40.84863],[-73.828,40.84891],[-73.82797,40.84919],[-73.82792,40.84946],[-73.82786,40.84974],[-73.82777,40.85001],[-73.82766,40.85027],[-73.82742,40.85099],[-73.82718,40.85171],[-73.82713,40.85187],[-73.82738,40.85282],[-73.8272,40.85329],[-73.82723,40.85335],[-73.82801,40.85472],[-73.8286,40.85572],[-73.82908,40.85568],[-73.82957,40.85562],[-73.83057,40.85551],[-73.83129,40.85543],[-73.8314,40.85545],[-73.83149,40.85546],[-73.83159,40.85547],[-73.83168,40.8555],[-73.83177,40.85552],[-73.83186,40.85555],[-73.83194,40.85559],[-73.83227,40.85577],[-73.83232,40.85574],[-73.83239,40.85582],[-73.83281,40.85598],[-73.83284,40.85604],[-73.83285,40.85609],[-73.83277,40.85615],[-73.83267,40.85623],[-73.83244,40.8564],[-73.83219,40.85658],[-73.83208,40.85667],[-73.832,40.85674],[-73.83155,40.85714],[-73.83143,40.85727],[-73.83133,40.85737],[-73.83121,40.8575],[-73.83117,40.85754],[-73.83102,40.85776],[-73.83088,40.85794],[-73.83065,40.85819],[-73.83046,40.85844],[-73.82968,40.85939],[-73.82947,40.85964],[-73.82882,40.86045],[-73.82855,40.86075],[-73.82852,40.8608],[-73.82849,40.86083],[-73.82842,40.86093],[-73.82841,40.86095],[-73.82834,40.86089],[-73.82827,40.86084],[-73.82802,40.86064],[-73.82759,40.86008],[-73.8275,40.85995],[-73.82739,40.85967],[-73.82729,40.8594],[-73.82722,40.85921],[-73.82715,40.85923],[-73.82706,40.85926],[-73.82689,40.85931],[-73.82615,40.85955],[-73.82555,40.85974],[-73.82471,40.85997],[-73.82418,40.86015],[-73.82365,40.86032],[-73.82359,40.86034],[-73.82261,40.86068],[-73.82245,40.86073],[-73.82215,40.86082],[-73.82186,40.86092],[-73.82157,40.86103],[-73.82128,40.86114],[-73.821,40.86125],[-73.82072,40.86137],[-73.82045,40.8615],[-73.82018,40.86164],[-73.81992,40.86178],[-73.81972,40.8619],[-73.81952,40.86202],[-73.81934,40.86216],[-73.81916,40.8623],[-73.81895,40.86247],[-73.81762,40.86363],[-73.81684,40.86431],[-73.817,40.86446],[-73.81641,40.86515],[-73.81579,40.86576],[-73.82092,40.86892],[-73.82098,40.86895],[-73.82104,40.86898],[-73.82112,40.86901],[-73.82127,40.86907],[-73.8233,40.8731],[-73.8211,40.87897],[-73.82005,40.88211],[-73.82024,40.88549],[-73.81994,40.88557],[-73.81979,40.8856],[-73.81935,40.88572],[-73.81838,40.88597],[-73.81815,40.88603],[-73.81749,40.8862],[-73.81739,40.88623],[-73.81702,40.88634],[-73.81684,40.88639],[-73.81668,40.88642],[-73.81634,40.88649],[-73.81624,40.88651],[-73.816,40.88656],[-73.81565,40.88661],[-73.81538,40.88664],[-73.8153,40.88665],[-73.81519,40.88667],[-73.81497,40.88668],[-73.81468,40.88671],[-73.81448,40.88672],[-73.81442,40.88672],[-73.81408,40.88673],[-73.81365,40.88673],[-73.81277,40.88668],[-73.81261,40.88666],[-73.8124,40.88663],[-73.81172,40.88652],[-73.81102,40.8864],[-73.81078,40.88635],[-73.81028,40.88625],[-73.80979,40.88614],[-73.80949,40.88608],[-73.80921,40.88602],[-73.80892,40.88596],[-73.80873,40.88592],[-73.8085,40.88587],[-73.8079,40.88578]]]]}},{"type":"Feature","properties":{"ntaname":"Rikers Island","nta2020":"QN0151","ntatype":"5"},"geometry":{"type":"MultiPolygon","coordinates":[[[[-73.87287,40.78598],[-73.87288,40.78596],[-73.87298,40.78589],[-73.87309,40.78585],[-73.8732,40.78582],[-73.87329,40.78581],[-73.87335,40.78579],[-73.87343,40.78576],[-73.87351,40.78575],[-73.87369,40.78575],[-73.87386,40.78576],[-73.87404,40.78578],[-73.87421,40.7858],[-73.87432,40.7858],[-73.87436,40.78581],[-73.87438,40.78581],[-73.87451,40.78582],[-73.87459,40.78583],[-73.87465,40.78584],[-73.87473,40.78584],[-73.87478,40.78585],[-73.87491,40.78586],[-73.87502,40.78586],[-73.87505,40.78586],[-73.87513,40.78587],[-73.87518,40.78587],[-73.87521,40.78587],[-73.87534,40.78587],[-73.87552,40.78588],[-73.87558,40.78588],[-73.87568,40.78588],[-73.87571,40.78588],[-73.8759,40.78587],[-73.87592,40.78587],[-73.876,40.78587],[-73.87608,40.78586],[-73.87616,40.78586],[-73.8763,40.78585],[-73.87646,40.78583],[-73.87648,40.78583],[-73.87667,40.78581],[-73.87675,40.7858],[-73.87677,40.7858],[-73.87831,40.78536],[-73.88522,40.78663],[-73.88537,40.78667],[-73.88574,40.78668],[-73.88596,40.78675],[-73.88613,40.78671],[-73.88632,40.78673],[-73.88659,40.78674],[-73.88692,40.78673],[-73.88715,40.78683],[-73.88728,40.78681],[-73.8877,40.78687],[-73.88831,40.78701],[-73.88857,40.78716],[-73.88905,40.78737],[-73.8894,40.78779],[-73.88952,40.78806],[-73.88961,40.7882],[-73.8898,40.78865],[-73.88987,40.7889],[-73.88988,40.78901],[-73.89013,40.78964],[-73.8903,40.78988],[-73.89057,40.79011],[-73.8908,40.79021],[-73.89092,40.79023],[-73.89116,40.79017],[-73.8914,40.79019],[-73.89161,40.79016],[-73.89177,40.79022],[-73.89197,40.79024],[-73.8921,40.79032],[-73.89218,40.79039],[-73.89282,40.79282],[-73.89262,40.79384],[-73.89179,40.79678],[-73.89146,40.79707],[-73.89139,40.79714],[-73.89131,40.79723],[-73.89127,40.7973],[-73.89073,40.79766],[-73.89075,40.79767],[-73.89073,40.79768],[-73.89081,40.79779],[-73.89083,40.79778],[-73.89087,40.79783],[-73.8908,40.79786],[-73.89076,40.79781],[-73.89079,40.7978],[-73.89071,40.7977],[-73.89069,40.79771],[-73.89067,40.7977],[-73.89062,40.79775],[-73.89068,40.79783],[-73.89069,40.79783],[-73.89083,40.79801],[-73.8908,40.79802],[-73.89065,40.79785],[-73.89066,40.79784],[-73.89061,40.79777],[-73.89017,40.79796],[-73.89012,40.79789],[-73.89008,40.7979],[-73.89005,40.7979],[-73.89,40.79789],[-73.88977,40.79787],[-73.88961,40.79785],[-73.88937,40.79781],[-73.88921,40.7978],[-73.88915,40.79781],[-73.88906,40.79783],[-73.88886,40.79787],[-73.88871,40.79794],[-73.88856,40.79802],[-73.88846,40.79809],[-73.88835,40.79814],[-73.88831,40.79818],[-73.88851,40.79824],[-73.88846,40.79829],[-73.88856,40.79835],[-73.88851,40.79844],[-73.88839,40.79838],[-73.88851,40.79859],[-73.88861,40.7986],[-73.88861,40.79862],[-73.889,40.79868],[-73.88898,40.79875],[-73.88884,40.79875],[-73.88885,40.79871],[-73.8886,40.79865],[-73.88859,40.79871],[-73.88821,40.79867],[-73.88821,40.79866],[-73.88825,40.79858],[-73.88837,40.79859],[-73.88839,40.79857],[-73.88823,40.79824],[-73.88794,40.79834],[-73.88767,40.79838],[-73.88756,40.79837],[-73.88745,40.79835],[-73.88744,40.79835],[-73.88734,40.79834],[-73.88729,40.79832],[-73.88723,40.79831],[-73.88719,40.7983],[-73.88713,40.79828],[-73.88708,40.79826],[-73.88703,40.79824],[-73.88699,40.79822],[-73.88694,40.79819],[-73.88683,40.79813],[-73.88678,40.79811],[-73.88673,40.79807],[-73.88672,40.79807],[-73.8867,40.79806],[-73.88668,40.79806],[-73.88665,40.79804],[-73.8866,40.79801],[-73.88654,40.79797],[-73.88649,40.79793],[-73.88646,40.79792],[-73.88645,40.79791],[-73.88639,40.79786],[-73.88632,40.7978],[-73.88629,40.79777],[-73.88619,40.79769],[-73.88609,40.79762],[-73.88599,40.79754],[-73.88587,40.79745],[-73.88571,40.79734],[-73.88557,40.79724],[-73.88542,40.79714],[-73.88536,40.79709],[-73.88531,40.79706],[-73.88527,40.79702],[-73.88522,40.79698],[-73.88511,40.79687],[-73.885,40.79678],[-73.88487,40.79665],[-73.88479,40.79658],[-73.8847,40.7965],[-73.88466,40.79646],[-73.88458,40.79639],[-73.8845,40.79634],[-73.88446,40.7963],[-73.88437,40.79624],[-73.88429,40.79618],[-73.88424,40.79615],[-73.88423,40.79614],[-73.88422,40.79612],[-73.88416,40.79605],[-73.88408,40.79596],[-73.88403,40.7959],[-73.88401,40.79588],[-73.88398,40.79585],[-73.88395,40.79582],[-73.88392,40.7958],[-73.88388,40.79577],[-73.88384,40.79575],[-73.88376,40.79571],[-73.88372,40.79569],[-73.88369,40.79568],[-73.88366,40.79567],[-73.88365,40.79567],[-73.88364,40.79567],[-73.88363,40.79567],[-73.88363,40.79567],[-73.88363,40.79567],[-73.88363,40.79567],[-73.88363,40.79567],[-73.88363,40.79567],[-73.88362,40.79567],[-73.88362,40.79567],[-73.88362,40.79567],[-73.88362,40.79567],[-73.88362,40.79567],[-73.88362,40.79567],[-73.88362,40.79567],[-73.88362,40.79567],[-73.88362,40.79567],[-73.88362,40.79567],[-73.88363,40.79569],[-73.88364,40.79571],[-73.88366,40.79574],[-73.88369,40.79579],[-73.88369,40.7958],[-73.88372,40.79585],[-73.88373,40.79587],[-73.88373,40.79588],[-73.88373,40.79589],[-73.88373,40.79591],[-73.88373,40.79592],[-73.88373,40.79593],[-73.88372,40.79594],[-73.88372,40.79594],[-73.88371,40.79595],[-73.88371,40.79595],[-73.8837,40.79596],[-73.88369,40.79596],[-73.88368,40.79597],[-73.88367,40.79597],[-73.88367,40.79597],[-73.88366,40.79597],[-73.88366,40.79597],[-73.88366,40.79597],[-73.88365,40.79597],[-73.88363,40.79596],[-73.88363,40.79596],[-73.88362,40.79595],[-73.8836,40.79594],[-73.88358,40.79592],[-73.88355,40.79589],[-73.88352,40.79586],[-73.88349,40.79582],[-73.88344,40.79575],[-73.88341,40.79572],[-73.88339,40.79569],[-73.88335,40.79566],[-73.88333,40.79564],[-73.88327,40.79559],[-73.88325,40.79557],[-73.88322,40.79555],[-73.8832,40.79554],[-73.88319,40.79554],[-73.88317,40.79553],[-73.88316,40.79553],[-73.88316,40.79553],[-73.88314,40.79553],[-73.8831,40.79552],[-73.88298,40.7955],[-73.88295,40.79549],[-73.88289,40.79548],[-73.88283,40.79546],[-73.88282,40.79546],[-73.8828,40.79545],[-73.88273,40.79541],[-73.88265,40.79536],[-73.88257,40.79532],[-73.88252,40.7953],[-73.88246,40.79527],[-73.88241,40.79525],[-73.88238,40.79524],[-73.88228,40.79521],[-73.88219,40.79519],[-73.8821,40.79516],[-73.88207,40.79516],[-73.88202,40.79515],[-73.882,40.79515],[-73.8819,40.79512],[-73.8818,40.7951],[-73.88171,40.79508],[-73.88166,40.79507],[-73.88159,40.79506],[-73.88154,40.79506],[-73.88149,40.79506],[-73.88138,40.79506],[-73.88137,40.79506],[-73.88131,40.79506],[-73.88129,40.79505],[-73.88127,40.79505],[-73.8812,40.79504],[-73.8811,40.79502],[-73.88106,40.79501],[-73.88098,40.795],[-73.88088,40.79499],[-73.88084,40.79499],[-73.88076,40.79497],[-73.88072,40.79496],[-73.88066,40.79495],[-73.88061,40.79495],[-73.8805,40.79494],[-73.88038,40.79492],[-73.88031,40.79492],[-73.88024,40.79491],[-73.8801,40.79491],[-73.87999,40.79491],[-73.87992,40.7949],[-73.87991,40.7949],[-73.87985,40.7949],[-73.8798,40.79489],[-73.87976,40.79488],[-73.87967,40.79487],[-73.87956,40.79484],[-73.87946,40.79482],[-73.87935,40.79479],[-73.8792,40.79476],[-73.87908,40.79473],[-73.87899,40.79471],[-73.87887,40.79467],[-73.87875,40.79464],[-73.87865,40.79461],[-73.87853,40.79457],[-73.87847,40.79456],[-73.87841,40.79454],[-73.87837,40.79452],[-73.87834,40.79451],[-73.87825,40.79446],[-73.87821,40.79443],[-73.87819,40.79442],[-73.87818,40.79442],[-73.87816,40.79441],[-73.87812,40.7944],[-73.87804,40.79438],[-73.87801,40.79437],[-73.87798,40.79436],[-73.87793,40.79434],[-73.87789,40.79432],[-73.87778,40.79425],[-73.87762,40.79416],[-73.87754,40.79411],[-73.87745,40.79406],[-73.87733,40.794],[-73.87727,40.79396],[-73.87716,40.79391],[-73.87705,40.79385],[-73.87696,40.79381],[-73.8769,40.79378],[-73.87685,40.79374],[-73.87683,40.79373],[-73.87679,40.79369],[-73.87676,40.79368],[-73.87667,40.79362],[-73.87658,40.79355],[-73.87653,40.79352],[-73.87649,40.7935],[-73.8764,40.79346],[-73.87637,40.79344],[-73.87633,40.79342],[-73.87632,40.79341],[-73.87629,40.79338],[-73.87628,40.79338],[-73.87627,40.79337],[-73.87625,40.79336],[-73.87621,40.79334],[-73.87614,40.79332],[-73.87612,40.79331],[-73.8761,40.7933],[-73.87606,40.79328],[-73.87605,40.79327],[-73.87602,40.79324],[-73.876,40.79323],[-73.87597,40.79321],[-73.87592,40.79319],[-73.87586,40.79317],[-73.87584,40.79316],[-73.87583,40.79315],[-73.87582,40.79314],[-73.8758,40.79313],[-73.87579,40.79311],[-73.87576,40.79308],[-73.87575,40.79306],[-73.87573,40.79304],[-73.8757,40.79302],[-73.87561,40.79297],[-73.87558,40.79294],[-73.87555,40.79292],[-73.87553,40.79289],[-73.87551,40.79287],[-73.87547,40.79281],[-73.87545,40.79278],[-73.87543,40.79276],[-73.87539,40.79271],[-73.87531,40.79263],[-73.87522,40.79255],[-73.87513,40.79247],[-73.87507,40.79242],[-73.87498,40.79235],[-73.87492,40.7923],[-73.87485,40.79226],[-73.87481,40.79224],[-73.87471,40.79219],[-73.87467,40.79217],[-73.87463,40.79214],[-73.87454,40.79209],[-73.87449,40.79206],[-73.87441,40.79202],[-73.87429,40.79195],[-73.8742,40.7919],[-73.87418,40.79189],[-73.87415,40.79188],[-73.87413,40.79188],[-73.87411,40.79187],[-73.87407,40.79187],[-73.87402,40.79186],[-73.87393,40.79186],[-73.87389,40.79185],[-73.87387,40.79185],[-73.87362,40.79177],[-73.87351,40.79173],[-73.87344,40.79168],[-73.87337,40.79165],[-73.87336,40.79164],[-73.87334,40.79164],[-73.8733,40.79163],[-73.87328,40.79162],[-73.8732,40.7916],[-73.87315,40.79158],[-73.8731,40.79156],[-73.87304,40.79153],[-73.87297,40.7915],[-73.87293,40.79148],[-73.87288,40.79145],[-73.87284,40.79143],[-73.87274,40.79135],[-73.87265,40.79129],[-73.87257,40.79125],[-73.87246,40.79118],[-73.87236,40.79112],[-73.87226,40.79107],[-73.87222,40.79104],[-73.87222,40.79104],[-73.87216,40.791],[-73.87208,40.79093],[-73.87197,40.79085],[-73.87185,40.79074],[-73.87175,40.79066],[-73.87171,40.79062],[-73.87168,40.79059],[-73.87161,40.79051],[-73.87153,40.79042],[-73.87144,40.79032],[-73.87136,40.79025],[-73.87134,40.79022],[-73.87133,40.7902],[-73.87127,40.79012],[-73.87123,40.79007],[-73.87121,40.79004],[-73.8712,40.79002],[-73.8712,40.79],[-73.87118,40.78995],[-73.87116,40.78982],[-73.87115,40.78979],[-73.87113,40.78975],[-73.8711,40.78966],[-73.87107,40.78956],[-73.87105,40.7895],[-73.87103,40.78943],[-73.87102,40.78939],[-73.87102,40.78938],[-73.87101,40.78936],[-73.87101,40.78927],[-73.87101,40.78923],[-73.87101,40.78921],[-73.87101,40.78919],[-73.871,40.78917],[-73.87098,40.78911],[-73.87098,40.7891],[-73.87097,40.78906],[-73.87095,40.78895],[-73.87096,40.78887],[-73.87096,40.78884],[-73.87096,40.78882],[-73.87096,40.78879],[-73.87095,40.78868],[-73.87094,40.78856],[-73.87092,40.78844],[-73.87089,40.78832],[-73.87085,40.78821],[-73.8708,40.78806],[-73.87079,40.78803],[-73.87079,40.788],[-73.87079,40.78796],[-73.8708,40.78793],[-73.87081,40.7879],[-73.87107,40.78757],[-73.87123,40.78745],[-73.87137,40.78727],[-73.87149,40.78705],[-73.87163,40.7868],[-73.87188,40.78662],[-73.87211,40.78647],[-73.87225,40.78643],[-73.87227,40.78642],[-73.87247,40.7863],[-73.87268,40.78615],[-73.87279,40.78608],[-73.87287,40.78598]]]]}}]}